latin	english	french
Abaeis nicippe	Sleepy Orange|Orange-Tip|Orange-tip	
Abaeis nicippiformis	Fast Orange	
Abagrotis alternata	Greater Red Dart|Greater Red Dart Moth	
Abagrotis anchocelioides	Blueberry Budworm Moth	
Abagrotis nefascia	Coastal Heathland Cutworm	
Abantis bicolor	Bi-Coloured Skipper|Bicoloured Paradise Skipper	
Abantis efulensis	Efulen Paradise Skipper	
Abantis eltringhami	Ruspinoid Paradise Skipper	
Abantis leucogaster	Streaked Paradise Skipper	
Abantis lucretia	Lucretia’S Paradise Skipper	
Abantis paradisea	Paradise Skipper	
Abantis pseudonigeriana	Beige Paradise Skipper	
Abantis tettensis	Spotted Paradise Skipper	
Abantis venosa	Veined Paradise Skipper	
Abisara bifasciata bifasciata	Andaman Double-Banded Judy	
Abraxas grossulariata	magpie|Magpie|Magpie Moth	zérène du groseillier|La Zérène du Groseillier
Abraxas pantaria	Light Magpie	
Abraxas pseudomiranda	Southern Spotted Moth	
Abraxas sylvata	clouded magpie|Clouded Magpie	zérène de lorme|La Zérène de l'Orme
Abraximorpha davidii	Magpie Flat	
Abrostola asclepiadis		La Noctuelle de l'asclépiade
Abrostola ovalis	Oval Abrostola	
Abrostola tripartita	spectacle|Spectacle	plusie de lortie|La Plusie de l'ortie
Abrostola triplasia	dark spectacle|Dark Spectacle	lunettes|La Noctuelle de l'ortie, La Plusie à lunettes
Abrostola urentis	Spectacled Nettle Moth	
Abrota ganga	Sergeant-Major	
Acada annulifer	Dark Axehead Skipper	
Acada biseriatus	Axehead Orange	
Acanthopsyche atra	Dusky Sweep	
Acasis viretata	yellow-barred brindle|Yellow-barred Brindle|Yellow-Barred Brindle	lobophore verdâtre|La Lobophore verdâtre
Acasis viridata	Olive-And-Black Carpet Moth	
Acentria ephemerella	European water moth|Water Veneer|Small Water-veneer	
Acerbas anthea	White Palmer	
Acerbas duris	Banded Palmer	
Achaea ablunaris	Moth	
Achaea janata	Croton caterpillar	
Achalarus albociliatus	Skinner'S Cloudywing	
Achalarus casica	Desert Cloudywing	
Achalarus jalapus	Jalapus Cloudywing	
Achalarus lyciades	Hoary Edge	
Achalarus toxeus	Coyote Cloudywing	
Achatia distincta	Distinct Quaker|Distinct Quaker Moth	
Achatodes zeae	Elder Shoot Borer|Elder Shoot Borer Moth	
Acherontia	Death's head Hawk Moths	
Acherontia atropos	Death's-head Hawk Moth|deaths head hawkmoth|Death's Head Hawkmoth|Death's Head Hawk-Moth|Death's-head Hawk-moth	sphinx à tête de mort|Le Sphinx Tête-de-Mort
Acherontia styx	Death's-head Hawk Moth	
Achlya flavicornis	yellow horned|Yellow Horned|Yellow-horned	flavicorne|Le Flavicorne
Achlyodes busirus	Giant Sicklewing	
Achlyodes pallida	Pale Sicklewing	
Achlyodes thraso	Sickle-Winged Skipper	
Achroia grisella	Lesser wax moth|Lesser Wax Moth	Petite fausse teigne
Achyra rantalis	Garden Webworm|Garden Webworm Moth	
Acleris abietana	Perth Button	
Acleris aspersana	Ginger Button	
Acleris bergmanniana	Yellow Rose Button	
Acleris braunana	Alder Leafroller	
Acleris caledoniana	Caledonian Button	
Acleris chalybeana	Lesser Maple Leafroller|Lesser Maple Leafroller Moth	
Acleris comariana	Strawberry tortrix|Strawberry Tortrix	
Acleris cornana	Dogwood Leafroller	
Acleris cristana	Tufted Button	
Acleris curvalana	Blueberry Leaftier Moth	
Acleris effractana	Hook-Winged Tortrix Moth	
Acleris emargana	Notch-wing Button|Notch Wing Tortix	
Acleris ferrugana	Rusty Oak Button	
Acleris flavivittana	Multiform Leafroller Moth	
Acleris forbesana	Forbes' Acleris Moth	
Acleris forsskaleana	Maple Button|Maple Leaftier Moth|Moth	
Acleris fragariana	Strawberry Acleris	
Acleris hastiana	Sallow Button	
Acleris holmiana	Golden leafroller moth|White-triangle Button	
Acleris hyemana	Heath Button	
Acleris kochiella	Elm Button	
Acleris laterana	Dark-triangle Button	
Acleris lipsiana	Northern Button	
Acleris literana	Lichen Button	
Acleris logiana	Grey Birch Button	
Acleris lorquiniana	Marsh Button	
Acleris maccana	Marbled Button	
Acleris macdunnoughi	Macdunnough'S Acleris	
Acleris maculidorsana	Stained-Back Leafroller Moth	
Acleris minuta	Yellow-Headed Fireworm	
Acleris nigrolinea	Black-Lined Acleris	
Acleris nivisellana	Snowy-Shouldered Acleris Moth	
Acleris notana	Rusty Birch Button	
Acleris permutana	Buff Button	
Acleris rhombana	Tortricid moth|Rhomboid Tortrix|Rhomboid Button	
Acleris robinsoniana	Robinson'S Acleris Moth	
Acleris rufana	Sweet-gale Button	
Acleris schalleriana	Schaller'S Acleris Moth|Viburnum Button	
Acleris semiannula	Half-Ringed Acleris Moth	
Acleris semipurpurana	Oak Leaftier Moth	
Acleris shepherdana	Meadow-sweet Button	
Acleris sparsana	Ashy Button	
Acleris subnivana	Bent-Winged Acleris Moth	
Acleris umbrana	Dark-streaked Button	
Acleris variana	Eastern Black-Headed Budworm Moth	
Acleris variegana	Garden Rose Tortrix|Garden Rose Button	
Acleris zimmermani	Tortricid moth	
Acleros mackenii	Shade Dart|Macken'S Dart	
Acleros mackenii mackenii	Macken's Dart|Macken'S Dart	
Acleros mackenii olaus	Macken'S Dusky Dart	
Acleros neavei	Neave’S Dart	
Acleros nigrapex	Powdered Dusky Skipper	
Acleros ploetzi	Ploetz’S Dart	
Acoloithus falsarius	Clemens' False Skeletonizer|Clemens' False Skeletonizer Moth	
Acompsia cinerella	Ash-coloured Sober	
Acompsia schmidtiellus	Marjoram Crest	
Acontia aprica	Nun	
Acontia lucida	pale shoulder|Pale Shoulder	collier blanc|Le Collier blanc
Acontia nitidula	Brixton Beauty	
Acontia trabealis	Spotted Sulphur	L'Arlequinette jaune
Acosmetia caliginosa	Reddish Buff	
Acossus centerensis	Poplar Carpenterworm Moth	
Acraea abdera	Abdera Acraea	
Acraea acara	Acara Acraea	
Acraea acerata	Falls Acraea	
Acraea acrita	Fiery Acraea	
Acraea acrita acrita	Fiery Acraea	
Acraea aganice	Common Wanderer|Dark Wanderer	
Acraea aganice aganice	Wanderer	
Acraea aglaonice	Window Acraea	
Acraea alcinoe	Alcinoe Wanderer	
Acraea alciope	Alciope Acraea	
Acraea anacreon	Large Orange Acraea	
Acraea andromacha	Glasswing	
Acraea anemosa	Broad-bordered Acraea|Broad-Bordered Acraea	
Acraea atolmis	Scarlet Acraea	
Acraea aurivillii	Large Alciope Acraea	
Acraea axina	Little Acraea	
Acraea bonasia bonasia	Orange-Streak Acraea	
Acraea boopis	Rainforest Acraea	
Acraea boopis boopis	Rainforest Acraea	
Acraea caldarena	Black Tip Acraea|Black-tipped Acraea|Black-Tipped Acraea	
Acraea caldarena caldarena	Black-tipped Acraea|Black-Tipped Acraea	
Acraea circeis	White Acraea	
Acraea consanguinea	Blood-Brother Bematistes	
Acraea egina	Elegant Acraea	
Acraea encedon	Whitebar Acraea	
Acraea encedon encedon	Common Mimic Acraea	
Acraea encedon rathjensi	Arabian Whitebar Acraea	
Acraea excisa	Excised Bematistes	
Acraea horta	Garden Acraea	
Acraea igola	Dusky-Veined Acraea	
Acraea iturina	Ituri Glassy Acraea	
Acraea jodutta	Jodutta Acraea	
Acraea johnstoni	Johnston'S Acraea	
Acraea lycoa	Lycoa Acraea	
Acraea machequena	Machequena Acraea	
Acraea natalica	Natal Acraea	
Acraea neobule	Dancing Acraea|Neobule Acraea|Wandering Donkey|Wandering Donkey Acraea	
Acraea nohara	Light-red Acraea|Light-Red Acraea	
Acraea nohara nohara	Light Red Acraea	
Acraea obliqua	Yellow-Banded Bematistes	
Acraea oncaea	Rooibok Acraea	
Acraea orestia	Orestia Glassy Acraea	
Acraea penelope	Penelope Acraea	
Acraea pentapolis	Scarce Tree-Top Acraea	
Acraea perenna	Falcate Acraea	
Acraea petraea	Blood-red Acraea|Blood-Red Acraea	
Acraea pharsalus	East African Forest Acraea	
Acraea pseudegina	Westwood'S Acraea	
Acraea rabbaiae	Clear-wing Acraea|Clear Wing Acraea	
Acraea rabbaiae perlucida	Southern Clear-wing Acraea|Southern Clear-Wing Acraea	
Acraea satis	East-coast Acraea|East-Coast Acraea	
Acraea semivitrea	Glassy Acraea	
Acraea sotikensis	Sotik Acraea	
Acraea stenobea	Suffused Acraea	
Acraea trimeni	Trimen's Acraea|Trimen'S Acraea	
Acraea uvui	Tiny Acraea	
Acraea violarum	Speckled Red Acraea	
Acraea zetes	Large Spotted Acraea	
Acrobasis advenella	Grey Knot-horn	
Acrobasis angusella	Hickory Leafstem Borer Moth	
Acrobasis caryae	Hickory Shoot Borer Moth	
Acrobasis consociella	Broad-barred Knot-horn	
Acrobasis demotella	Walnut Shoot Moth	
Acrobasis indigenella	Leaf Crumpler Moth	
Acrobasis juglandis	Pecan Leaf Casebearer Moth	
Acrobasis marmorea	Marbled Knot-horn	
Acrobasis palliolella	Mantled Acrobasis Moth	
Acrobasis repandana	Warted Knot-Horn|Warted Knot-horn	
Acrobasis suavella	Pyralid moth|Thicket Knot-horn	
Acrobasis tumidana	Scarce Oak Knot-horn	
Acrobasis vaccinii	Cranberry Fruitworm Moth	
Acrocercops astericola	Aster Tentiform Blotchminer	
Acrocercops brongniardella	Brown oak slender|Brown Oak Slender	
Acroclita subsequana	Coast Spurge Bell	
Acrodipsas arcana	Black-Veined Ant-Blue	
Acrodipsas brisbanensis	Bronze Ant-Blue	
Acrodipsas cuprea	Copper Ant-Blue	
Acrodipsas hirtipes	Black Ant-Blue	
Acrodipsas illidgei	Illidge's Ant-blue	
Acrolepia assectella	Onion leaf miner	
Acrolophus	Grass Tubeworm Moths	
Acrolophus arcanella	Arcane Grass Tubeworm Moth|Grass Tubeworm Moth	
Acrolophus mora	Dark Acrolophus	
Acrolophus plumifrontella	Eastern Grass Tubeworm Moth	
Acrolophus popeanella	Clemens' Grass Tubeworm Moth	
Acrolophus propinqua	Walsingham'S Grass Tubeworm Moth	
Acronicta	Dagger Moths	
Acronicta aceris	the sycamore|Sycamore	noctuelle de lérable|La Noctuelle de l'Erable
Acronicta afflicta	Afflicted Dagger|Afflicted Dagger Moth|Afflicted dagger moth	
Acronicta albarufa	Barrens Dagger Moth	
Acronicta alni	alder moth|Alder Moth	aunette|L'Aunette
Acronicta americana	American Dagger|American Dagger Moth	
Acronicta auricoma	scarce dagger|Scarce Dagger	chevelure dorée|La Chevelure dorée
Acronicta betulae	birch dagger moth|Birch Dagger Moth|River Birch Dagger	acronycte du bouleau
Acronicta cinerea	Sweet Gale Moth	
Acronicta clarescens	Clear Dagger	
Acronicta cuspis	large dagger|Large Dagger	cuspide|La Cuspide, le Javelot
Acronicta dactylina	Alder Dagger Moth|Fingered Dagger|Fingered Dagger Moth	
Acronicta dolli	Doll's Dagger Moth	
Acronicta euphorbiae	sweet gale moth|Sweet Gale Moth	noctuelle de leuphorbe|La Noctuelle de l'Euphorbe
Acronicta exilis	Exiled Dagger Moth	
Acronicta falcula	Corylus Dagger Moth	
Acronicta fallax	Green Marvel	
Acronicta fragilis	Fragile Dagger|Fragile Dagger Moth	
Acronicta funeralis	Funerary Dagger|Funerary Dagger Moth	
Acronicta grisea	Gray Dagger|Gray Dagger Moth	
Acronicta haesitata	Hesitant Dagger Moth	
Acronicta hamamelis	Witch Hazel Dagger	
Acronicta hasta	Cherry Dagger|Speared Dagger Moth	
Acronicta impleta	Powdered Dagger|Yellow-Haired Dagger Moth	
Acronicta impressa	Impressed Dagger|Impressed Dagger Moth|Printed Dagger|Willow Dagger Moth	
Acronicta increta	Eclipsed Oak Dagger	
Acronicta innotata	Unmarked Dagger|Unmarked Dagger Moth	
Acronicta insita	Large Gray Dagger	
Acronicta insularis	Henry'S Marsh Moth	
Acronicta interrupta	Interrupted Dagger|Interrupted Dagger Moth	
Acronicta laetifica	Pleasant Dagger|Pleasant Dagger Moth	
Acronicta leporina	miller|Miller	flocon de laine|La Noctuelle-Lièvre
Acronicta lepusculina	Cottonwood Dagger|Cottonwood Dagger Moth	
Acronicta lithospila	Streaked Dagger	
Acronicta lobeliae	Greater Oak Dagger|Greater Oak Dagger Moth	
Acronicta longa	Long-Winged Dagger	
Acronicta megacephala	poplar grey|Poplar Grey	mégacéphale|La Noctuelle mégacéphale
Acronicta menyanthidis	light knot grass|Light Knot Grass|Light Knotgrass	noctuelle du ményanthe|La Noctuelle du Ményanthe
Acronicta modica	Hesitant Dagger	
Acronicta morula	Ochre Dagger|Ochre Dagger Moth	
Acronicta noctivaga	Night-Wandering Dagger|Night-Wandering Dagger Moth	
Acronicta oblinita	Smeared Dagger|Smeared Dagger Moth	
Acronicta ovata	Epauleted Oak Dagger	
Acronicta psi	grey dagger|Grey Dagger	psi|Le Psi
Acronicta radcliffei	Radcliffe'S Dagger	
Acronicta retardata	Maple Dagger	
Acronicta rubricoma	Hackberry Dagger	
Acronicta rumicis	knot grass|Knot Grass|Knotgrass	cendrée noirâtre|La Noctuelle de la Patience
Acronicta sperata	Hopeful Dagger	
Acronicta spinigera	Nondescript Dagger	
Acronicta strigosa	marsh dagger|Marsh Dagger	noctuelle grisette|La Noctuelle Grisette
Acronicta superans	Splendid Dagger|Splendid Dagger Moth	
Acronicta tridens	dark dagger|Dark Dagger	Le Trident
Acronicta tristis	Sad Dagger	
Acronicta tritona	Triton Dagger	
Acronicta vinnula	Delightful Dagger|Delightful Dagger Moth	
Acronicta vulpina	Miller Dagger|Vulpina Dagger	
Actebia fennica	Black Army Cutworm|Eversmann'S Rustic|Finland Dart Moth|Finnish Dart|Eversmann's Rustic	
Actebia praecox	portland moth|Portland Moth	noctuelle précoce|La Noctuelle précoce
Actias	Moon Moths	
Actias luna	Luna Moth|North American Luna Moth	
Actinotia polyodon	purple cloud|Purple Cloud	camomillière|La Camomilière
Actizera lucida	Rayed Blue	
Actizera stellata	Red-clover Blue|Red-Clover Blue	
Acupicta delicatum	Dark Tinsel	
Acytolepis puspa lambi	Common Hedge Blue	
Adactylotis contaminaria		La Boarmie souillée
Adaina microdactyla	Hemp-agrimony Plume|Hemp Agrimony Plume	
Adela croesella	Small Barred Long-horn	
Adela cuprella	Early Long-horn	
Adela purpurea	Purple Fairy Moth	
Adela ridingsella	Ridings' Fairy Moth	
Adelidae	Fairy Moths	
Adhemarius blanchardorum	Blanchard's Sphinx Moth	
Adopaeoides prittwitzi	Sunrise Skipper	
Adoxophyes negundana	Shimmering Gold Adoxophyes Moth	
Adoxophyes orana	Summer fruit tortrix moth|Summer Fruit Tortrix|Summer Fruit Twist	
Adoxophyes privatana	Asian Orchid Tortrix	
Adscita alpina		Turquoise de la Vinette
Adscita geryon	Cistus Forester	Proscris de l'Hélianthème
Adscita geryon geryon	Cistus Forester	
Adscita mannii		Turquoise des Cistes
Adscita statices	Forester|The Forester	Turquoise
Adscita statices statices	Forester	
Aedia funesta	The Druid	La Pie
Aedia leucomelas	Sorcerer	
Aellopos clavipes	Clavipes Sphinx	
Aellopos tantalus	Tantalus Sphinx	
Aellopos titan	Titan Sphinx	
Aemona amathusia	Yellow Dryad	
Aemona lena	White Dryad	
Aenigmatinea glatzella	Enigma Moth	
Aeria eurimedia	Banded Tigerwing	
Aeromachus pygmaeus	Pygmy Scrub Hopper	
Aeromachus stigmata	Veined Scrub Hopper	
Aethalura intertexta	Four-Barred Gray|Four-Barred Gray Moth|Four-barred Gray	
Aethalura punctulata	grey birch|Grey Birch	boarmie corticole|La Boarmie ponctuée, la Boarmie corticole
Aethes angulatana	Angular Aethes Moth	
Aethes argentilimitana	Silver-Bordered Aethes	
Aethes atomosana	Two-Spotted Aethes	
Aethes beatricella	Hemlock Yellow Conch	
Aethes bilbaensis	Samphire Conch	
Aethes biscana	Reddish Aethes	
Aethes cnicana	Thistle Conch	
Aethes dilucidana	Short-barred Yellow Conch	
Aethes francillana	Long-barred Yellow Conch	
Aethes hartmanniana	Scabious Conch	
Aethes margaritana	Silver Coast Conch	
Aethes margarotana	Shore Conch	
Aethes piercei	Devil’s-bit Conch|Devil's-bit Conch	
Aethes razowskii	Razowski'S Aethes Moth	
Aethes rubigana	Burdock Conch	
Aethes rutilana	Juniper Conch, Pale Juniper Webworm|Juniper Conch	
Aethes sexdentata	Six-Toothed Aethes	
Aethes smeathmanniana	Yarrow Conch	
Aethes tesserana	Downland Conch	
Aethes williana	Silver Carrot Conch	
Agapema homogena	Rocky Mountain Agapema	
Agapeta hamana	Common Yellow Conch	le Crampon
Agapeta zoegana	Sulfur knapweed root moth|Knapweed Conch	
Agassiziella angulipennis	Notched China-mark	
Agathiphagidae	kauri moth	
Agathymus alliae	Mojave Giant-Skipper	
Agathymus alliae paiute	Allie’S Giant Skipper	
Agathymus aryxna	Arizona Giant-Skipper	
Agathymus belli	Bell'S Giant-Skipper	
Agathymus escalantei	Escalante'S Giant-Skipper	
Agathymus evansi	Huachuca Giant-Skipper	
Agathymus gentryi	Gentry'S Giant-Skipper	
Agathymus gilberti	Gilbert'S Giant-Skipper	
Agathymus hoffmanni	Hoffmann’S Giant-Skipper	
Agathymus indecisa	Guatemalan Giant-Skipper	
Agathymus neumoegeni	Orange Giant-Skipper	
Agathymus polingi	Poling'S Giant-Skipper	
Agathymus remingtoni	Coahuila Giant-Skipper	
Agathymus ricei	Rice'S Giant-Skipper	
Agathymus stephensi	California Giant-Skipper	
Agdistis bennetii	Saltmarsh Plume	
Agdistis cambriana	Cambrian House Plume Moth	
Agdistis marionae	Marion's Plume Moth	
Agdistis meridionalis	Cliff Plume	
Agdistis tamaricis	Tamarisk Plume	
Aglais caschmirensis	Indian Tortoiseshell	
Aglais io	European Peacock|European Peacock Butterfly|Paecock|Peacock|The Peacock	Paon du jour
Aglais milberti	Milbert's Tortoiseshell|Milbert'S Tortoiseshell	
Aglais urticae	small tortoiseshell|Small Tortoiseshell|Small Tortoiseshell Butterfly	petite tortue|Petite Tortue|la Petite Tortue|Petite tortue
Aglaonice hirtipalpis	Noctuid moth	
Aglaope infausta		Zygène des épines
Aglia tau	tau emperor	hachette|la Hachette
Aglossa	Tabby Moths	
Aglossa caprealis	Small Tabby|Stored Grain Moth|Stored grain moth	
Aglossa costiferalis	Calico Pyralid Moth	
Aglossa cuprina	Grease Moth	
Aglossa dimidiatus	Tea Tabby	
Aglossa disciferalis	Pink-Masked Pyralid Moth	
Aglossa ocellalis	Ringed Tabby	
Aglossa pinguinalis	Large Tabby|Large Tabby Moth|Pyralid Moth|Pyralid moth	
Agnathosia mendicella		tête jaunâtre
Agnippe prunifoliella	Skunk Twirler	
Agnoea flavifrontella	Yellow-headed Tubic	
Agnoea josephinae	Orange-headed Tubic	
Agnoea subochreella	Straw-coloured Tubic	
Agnorisma badinodis	Pale-Banded Dart|Pale-Banded Dart Moth	
Agnorisma bugrai	Collared Dart	
Agonopterix alstroemeriana	Moth	
Agonopterix alstromeriana	Brown-spot Flat-body	
Agonopterix angelicella	Angelica Flat-body	
Agonopterix arenella	Brindled Flat-body	
Agonopterix argillacea	Clay-Colored Agonopterix Moth	
Agonopterix assimilella	Dusted Flat-body	
Agonopterix astrantiae	Sanicle Flat-body	
Agonopterix atomella	Greenweed Flat-body	
Agonopterix atrodorsella	Beggartick Leaffolder|Beggartick Leaffolder Moth	
Agonopterix bipunctosa	Twin-spot Flat-body	
Agonopterix canadensis	Canadian Agonopterix Moth	
Agonopterix capreolella	Fuscous Flat-body Moth|Fuscous Flat-body	
Agonopterix ciliella	Large Carrot Flat-body	
Agonopterix cnicella	Sea-holly Flat-body	
Agonopterix conterminella	Sallow Flat-body	
Agonopterix curvilineella	Curved-Line Agonopterix Moth|Curved-Lined Agonopterix Moth	
Agonopterix curvipunctosa	Powdered Flat-body	
Agonopterix heracliana	Common Flat-body	
Agonopterix kaekeritziana	Straw Flat-body	
Agonopterix kuznetzovi	Cornish Flat-body	
Agonopterix liturosa	Large Purple Flat-body	
Agonopterix nanatella	Carline Flat-body	
Agonopterix nervosa	Gorse tip moth|Dark-fringed Flat-body|Dark Fringed Flat-body	
Agonopterix ocellana	Red-letter Flat-body	
Agonopterix pallorella	Pale Flat-body	
Agonopterix propinquella	Black-spot Flat-body	
Agonopterix pulvipennella	Goldenrod Leafffolder|Goldenrod Leaffolder Moth	
Agonopterix purpurea	Small Purple Flat-body	
Agonopterix putridella	Estuarine Flat-body	
Agonopterix robiniella	Four-Dotted Agonopterix Moth	
Agonopterix rotundella	Rolling Carrot Flat-body	
Agonopterix scopariella	Broom Flat-body	
Agonopterix subpropinquella	Ruddy Flat-body	
Agonopterix thelmae	Thelma'S Agonopterix Moth	
Agonopterix walsinghamella	Walsingham'S Agonopterix Moth	
Agonopterix yeatiana	Coastal Flat-body	
Agonoxena argaula	Coconut flat moth	
Agriades aquilo	Arctic Blue|Primrose Blue	
Agriades dardanus	Bosnian Blue	
Agriades glandon	Glandon Blue|Arctic Blue	Azuré des soldanelles
Agriades pheretiades	Tien Shan Blue	
Agriades pyrenaica	Gavarnie Blue	Azuré de l´androsace
Agriades zullichi	Zullich's Blue|Zullich'S Blue|Zullich´S Blue|Zullich´s Blue	Azuré de Zullich
Agriopis aurantiaria	scarce umber|Scarce Umber	hibernie orangée|L'Hibernie orangée
Agriopis bajaria		L'Hibernie messagère
Agriopis leucophaearia	spring usher|Spring Usher	hibernie grisâtre|L'Hibernie grisâtre
Agriopis marginaria	dotted border|Dotted Border	hibernie hâtive|L'Hibernie hâtive
Agriopodes fallax	Green Marvel	
Agriphila geniculea	Elbow-stripe Grass-veneer	Crambus anguleux
Agriphila inquinatella	Barred Grass-veneer	
Agriphila latistria	White-streak Grass-veneer	
Agriphila poliellus	Grey Grass-veneer	
Agriphila ruricolellus	Lesser Vagabond Sod Webworm	
Agriphila selasella	Pale-streak Grass-veneer	
Agriphila straminella	Straw Grass-veneer|Straw-coloured Grass-veneer|Pearl Veneer	
Agriphila tristellus	Common Grass-veneer|Common Grass Veneer	
Agriphila vulgivagellus	Vagabond Crambus Moth	
Agrius cingulata	Pink-spotted Hawkmoth|Sweet-potato Hornworm|sweet potato hornworm|Pink Spotted Hawkmoth|Pink-Spotted Hawk Moth|Pink-Spotted Hawk-Moth|Pink-Spotted Hawkmoth|Pink-Spotted Sphinx|Sweet Potato Hornworm|Sweet-Potato Hornworm|Sweetpotato Hornworm|Pink-spotted hawkmoth|Pink-spotted Hawk-moth	
Agrius convolvuli	convolvulus hawkmoth|Convolvulus Hawkmoth|Convolvulus Hawk-Moth|Convolvulus Hawk-moth	sphinx du liseron|Le Sphinx du Liseron
Agrochola circellaris	the brick	fauvette
Agrochola helvola	flounced chestnut|Flounced Chestnut	dorée|La Xanthie rufine
Agrochola humilis		La Xanthie humble
Agrochola litura	brown-spot pinion|Brown-spot Pinion	modeste|La Xanthie liturée
Agrochola lota	red-line quaker|Red-lined quaker moth|Red-line Quaker	xanthie lavée|La Xanthie lavée
Agrochola lychnidis	beaded chestnut|Beaded Chestnut	cannelée|La Xanthie cannellée
Agrochola macilenta	yellow-line quaker|Yellow-line Quaker	xanthie noisette|La Xanthie noisette
Agrochola nitida		La Xanthie viennoise
Agrochola pistacinoides		La Xanthie sanguine
Agrochola ruticilla		La Xanthie de l'Yeuse
Agrotera nemoralis	Beautiful Pearl	
Agrotis bigramma	Great Dart	La Noctuelle trapu
Agrotis buchholzi	Buchholz's dart moth	
Agrotis cinerea	light feathered rustic|Light Feathered Rustic	noctuelle cendrée|La Noctuelle Cendrée
Agrotis clavis	heart and club|Heart and Club|Heart & Club	clé|La Pointillée
Agrotis crinigera	Larger Native Cutworm	
Agrotis dislocata	The Lesser Native Cutworm	
Agrotis exclamationis	heart and dart|Heart and Dart|Heart & Dart	double-tache|Le Point d'Exclamation
Agrotis fasciata	Midway Noctuid Moth|Midway Agrotis Noctuid Moth	
Agrotis gladiaria	Claybacked Cutworm|Swordsman Dart	
Agrotis graslini	Wood's Dart|Woods's Dart	
Agrotis herzogi	Spalding's Dart	
Agrotis infusa	Bogong Moth	
Agrotis ipsilon	Black Cutworm|Corallita Vine|Dark Sword-Grass|Ipsilon Dart Moth|dark sword-grass|Black cutworm|Dark Sword-grass	noctuelle baignée|La Noctuelle baignée
Agrotis kerri	Kerr's Noctuid Moth	
Agrotis laysanensis	Laysan Noctuid Moth|Laysan Agrotis Noctuid Moth	
Agrotis microreas	Microreas Noctuid Moth	
Agrotis procellaris	Procellaris Grotis Noctuid Moth	
Agrotis puta	shuttle-shaped dart|Shuttle-shaped Dart|Shuttle Shaped Dart|Shuttle-Shaped Dart	élagueuse|La Noctuelle des Renouées
Agrotis puta puta	Shuttle-shaped Dart	
Agrotis ripae	sand dart|Sand Dart	noctuelle du liitoral|La Noctuelle du littoral
Agrotis segetum	turnip moth|Turnip Moth	moissonneuse|La Noctuelle des Moissons
Agrotis stigmosa	Spotted Dart	
Agrotis trux	Crescent Dart	La Noctuelle farouche.
Agrotis trux lunigera	Crescent Dart	
Agrotis venerabilis	Venerable Dart|Venerable Dart Moth	
Agrotis vestigialis	archers dart|Archer's Dart	porte-flèches|Le Porte-Flèches
Agrotis vetusta	Old Man Dart|Old Man Dart Moth	
Agrotis volubilis	Voluble Dart|Voluble Dart Moth	
Aguna asander	Gold-Spotted Aguna	
Aguna claxon	Emerald Aguna	
Aguna coelus	Stoll'S Aguna	
Aguna metophis	Tailed Aguna	
Aguna panama	Panamanian Aguna	
Aides dysoni	Dyson'S Silverpatch	
Alaena amazoula	Yellow Zulu	
Alaena amazoula amazoula	Yellow Zulu	
Alaena brainei	Braine’s Zulu|Braine’S Zulu	
Alaena margaritacea	Wolkberg Zulu	
Albuna fraxini	Virginia Creeper Clearwing	
Alcathoe caudata	Clematis Clearwing Moth	
Alcis bastelbergeri		boarmie maculée
Alcis deversata		La Boarmie maculée
Alcis jubata	dotted carpet|Dotted Carpet	boarmie glabre
Alcis repandata	mottled beauty|Mottled Beauty	boarmie recourbée|La Boarmie recourbée
Alcis repandata muraria	Mottled Beauty	
Alcis repandata repandata	Mottled Beauty	
Aleimma loeflingiana	Yellow Oak Button	
Alenia namaqua	Namaqua Dancer	
Alenia sandaster	Karoo Dancer	
Aleucis distinctata	sloe carpet|Sloe Carpet	phalène distincte|La Phalène distincte, Le Lomographe précoce
Allagrapha aerea	Unspotted Looper Moth	
Allophyes oxyacanthae	green-brindled crescent|Green-brindled Crescent|Green-Brindled Crescent	aubépinière|L'Aubépinière
Allora doleschallii	Peacock Awl	
Allora major	Greater Peacock Awl	
Allosmaitia fidena	Fidena Hairstreak	
Allotinus drumila	Crenulate Darkie	
Allotinus fabius	Angled Darkie	
Allotinus sarastes	Peninsular Darkie	
Allotinus strigatus	Small Malayan Darkie	
Allotria elonympha	False Underwing	
Aloeides aranda	Aranda Copper	
Aloeides arida	Arid Copper	
Aloeides bamptoni	Bampton's Copper|Bampton'S Copper	
Aloeides barbarae	Barbara's Copper|Small Brown Copper|Barbara'S Copper	
Aloeides braueri	Brauer's Copper|Brauer'S Copper	
Aloeides caffrariae	Border Copper	
Aloeides caledoni	Caledon Copper	
Aloeides clarki	Coega Copper	
Aloeides damarensis	Damara Russet	
Aloeides damarensis damarensis	Damara Copper|Damara Russet	
Aloeides damarensis mashona	Northern Damara Russet	
Aloeides dentatis	Roodepoort Copper	
Aloeides depicta	Depicta Copper	
Aloeides dicksoni	Dickson's Copper|Dickson'S Copper	
Aloeides dryas	Transvaal Copper	
Aloeides egerides	Red Hill Copper	
Aloeides gowani	Gowan's Copper|Gowan'S Copper	
Aloeides henningi	Henning's Copper|Henning'S Copper	
Aloeides kaplani	Kaplan's Copper|Kaplan'S Copper	
Aloeides lutescens	Worcester Copper	
Aloeides macmasteri	McMaster's Copper|Mcmaster'S Copper	
Aloeides maluti	Maluti Copper	
Aloeides margaretae	Marguerite's Copper|Marguerite'S Copper	
Aloeides mbuluensis	Mbulu's Copper	
Aloeides merces	Wakkerstroom Copper	
Aloeides molomo	Mottled Russet	
Aloeides molomo krooni	Kalahari Mottled Russet	
Aloeides molomo molomo	Molomo Copper|Mottled Russet	
Aloeides monticola	Cederberg Copper|Cederberg copper	
Aloeides mullini	Mullin's Copper	
Aloeides nollothi	Nolloth's Copper|Nolloth'S Copper	
Aloeides nubilus	Cloud Copper	
Aloeides oreas	Oreas Copper	
Aloeides pallida	Giant Copper	
Aloeides pallida grandis	Giant Copper	
Aloeides pallida jonathani	Kammanassie Giant Copper|Kammanassie Pale Copper	
Aloeides pallida liversidgei	Baviaanskloof Giant Copper	
Aloeides pallida pallida	Giant Copper	
Aloeides penningtoni	Pennington's Copper|Pennington'S Copper	
Aloeides pierus	Dull Copper	
Aloeides pringlei	Pringle's Copper	
Aloeides quickelbergei	Quickelberge's Copper|Quickelberge'S Copper	
Aloeides rileyi	Riley's Copper|Riley'S Copper	
Aloeides rossouwi	Rossouw's Copper|Stoffberg Copper|Rossouw'S Copper	
Aloeides simplex	Dune Copper	
Aloeides stevensoni	Stevenson's Copper|Wolkberg Copper	
Aloeides susanae	Susan's Copper	
Aloeides swanepoeli	Swanepoel's Copper|Swanepoel'S Copper	
Aloeides taikosama	Dusky Copper	
Aloeides titei	Tite's Copper|Tite'S Copper	
Aloeides trimeni	Brown Russet	
Aloeides trimeni trimeni	Brown Russet	
Aloeides vansoni	Van Son's Copper|Van Son'S Copper	
Alsophila	Alsophila Ferns	
Alsophila aceraria		alsophile automnale|La Phalène de l'Erable, l'Alsophile automnale
Alsophila aescularia	march moth|March Moth	phalène du maronnier|La Phalène du Marronnier, l'Alsophile printanière
Alsophila pometaria	Fall Cankerworm|Fall Cankerworm Moth	
Altenia scriptella	Horse-shoe Groundling	
Alucita grammodactyla		l'Orneïde de la scabieuse
Alucita hexadactyla	twenty-plume moth|Twenty-Plume Moth|Twenty-plume Moth|Twenty-plumed Moth|Twenty-plume Moth or Many-plumed Moth	
Alucita objurgatella	Moth	
Alypia langtonii	Fireweed Caterpillar|Langton'S Forester|Langton'S Forester Moth	
Alypia octomaculata	Eight-Spotted Forester|Eight-Spotted Forester Moth|Eightspotted Forester	
Amata phegea	nine-spotted|Nine-spotted|Nine-Spotted	sphinx du pissenlit|Le Sphinx du Pissenlit
Amathusia friderici	Bicolor-Haired Palm King	
Amathusia perakana	Perak Palm King	
Amathusia phidippus	Palm King	
Amathusia phidippus phidippus	Palm King	
Amathusia schoenbergi	Scalling Palmking	
Amathuxidia amythaon	Koh-I-Noor	
Amathuxidia amythaon amythaon	Sylhet Koh-I-Noor	
Amathuxidia amythaon dilucida	Koh-I-Noor	
Amauris albimaculata	Layman|Layman Friar	
Amauris albimaculata albimaculata	Layman	
Amauris albimaculata chirindana	Eastern Layman	
Amauris comorana	Comoro Friar	
Amauris damocles	Small Monk	
Amauris echeria	Chief|Chief Friar	
Amauris echeria echeria	Chief	
Amauris hecate	Scarce Monk	
Amauris niavius dominicanus	Southern Giant Friar	
Amauris nossima	Madagascan Friar	
Amauris ochlea	Novice|Novice Friar	
Amauris ochlea ochlea	Novice	
Amauris phoedon	Mauritian Friar	
Amauris tartarea	Monk	
Amblypodia anita andamanica	Andaman Purple Leaf Blue	
Amblypodia narada	Blue Leaf Blue	
Amblypodia vivarna	Acacia Blue	
Amblyptilia acanthadactyla	Beautiful Plume	
Amblyptilia pica	Geranium Plume Moth	
Amblyptilia punctidactyla	Brindled Plume	
Amblyscirtes	Roadside-Skippers	
Amiga arnaca	Blue-Topped Satyr	
Ammoconia caecimacula		tache effacée|La Tache effacée , la Noctuelle aveugle
Amolita fessa	Feeble Grass Moth	
Amorbia emigratella	Mexican leafroller	
Amorbia humerosana	White-Lined Leafroller Moth	
Amorpha	False Indigos	
Amorpha juglandis	Walnut Sphinx|Walnut Sphinx Moth	
Amphion floridensis	Nessus Sphinx|Nessus Sphinx Moth	
Amphipoea	Indet. Ear Moth	
Amphipoea americana	American Ear Moth	
Amphipoea crinanensis	Crinan Ear	
Amphipoea fucosa	saltern ear|Saltern Ear	La Noctuelle enluminée
Amphipoea interoceanica	Interoceanic Ear Moth	
Amphipoea lucens	large ear|Large Ear	noctuelle chatoyante|La Noctuelle chatoyante
Amphipoea oculea	ear moth|Ear Moth	noctuelle éclatante|La Noctuelle éclatante
Amphipyra berbera	svenssons copper underwing|Svensson's Copper Underwing	berbère|La Noctuelle berbère
Amphipyra berbera svenssoni	Svensson's Copper Underwing	
Amphipyra effusa	Landguard Ochre	
Amphipyra glabella	Smooth Amphipyra Moth	
Amphipyra perflua	Larger Pale-tipped Black Moth	La Noctuelle efféminée
Amphipyra pyramidea	copper underwing|Copper Underwing|Copper Underwings	pyramide|La Pyramide
Amphipyra pyramidoides	American Copper Underwing|Copper Underwing|Copper Underwing Moth|Rearhumped Caterpillar	
Amphipyra tragopoginis	Mouse Moth|mouse moth|Mouse moth	triponctuée|La Noctuelle du Salsifis
Amphisbatis incongruella	Ling Tubic	
Ampittia capenas	Riverine Ranger	
Ampittia dioscorides	Common Bush Hopper	
Ampittia subvittatus	Tiger Hopper	
Ampittia virgata	Striped Bush Hopper	
Amydria effrentella	Brown-Blotched Amydria Moth	
Amyelois transitella	Pyralid moth	
Amyna axis	Cutworm	
Amyna natalis	Iiima moth	
Anacampsis agrimoniella	Agrimony Anacampsis Moth	
Anacampsis blattariella	Birch Sober	
Anacampsis innocuella	Dark-Headed Aspen Leafroller Moth	
Anacampsis levipedella	Silver-Dashed Anacampsis	
Anacampsis niveopulvella	Pale-Headed Aspen Leafroller Moth	
Anacampsis populella	Poplar leafroller|Poplar Sober	
Anacampsis temerella	Black Sober	
Anaea aidea	Tropical Leafwing	
Anaea andria	Goatweed Leafwing	
Anaea glycerium	Angled Leafwing	
Anaea pithyusa	Pale-Spotted Leafwing	
Anaea troglodyta	Florida Leafwing	
Anaea troglodyta minor	Florida Leafwing	
Anageshna primordialis	Yellow-Spotted Webworm Moth	
Anagrapha falcifera	Celery Looper|Celery Looper Moth	
Anania coronata	Elder Pearl|Spotted Magpie	Le Botys du Sureau
Anania crocealis	Ochreous Pearl	Le Botys safrané, la Pyrale de la Pulicaire
Anania funebris	White-Spotted Sable|White-Spotted Sable Moth|White-spotted Sable Moth|White-spotted Sable	Le Botys à huit taches
Anania funebris glomeralis	American White-Spotted Sable	
Anania fuscalis	Cinerous Pearl	
Anania lancealis	Long-winged Pearl	La pyrale de l'eupatoire, le Botys lancéolé
Anania perlucidalis	Fenland pearl|Fenland Pearl	Le Botys des marais
Anania quebecensis	Quebec Anania Moth	
Anania stachydalis	Woundwort pearl|Woundwort Pearl	Le Botys des épiaires
Anania tertialis	Crowned Phylctaenia Moth|Guenée'S Pearl	
Anania verbascalis	Golden Pearl	Le Botys du Bouillon-blanc
Anaplectoides prasina	Green Arches|Green Arches Moth|green arches	noctuelle verte|La Noctuelle verte
Anaplectoides pressus	Dappled Dart	
Anarsia lineatella	Peach twig borer|Peach Twig Borer|Peach-twig Borer	
Anarsia spartiella	Small Crest	
Anarta decepta	Cutworm	
Anarta edwardsii	Cutworm	
Anarta melanopa	Broad-Bordered White Underwing|Broad-bordered White Underwing	
Anarta myrtilli	Beautiful Yellow Underwing	La Noctuelle de la Myrtille
Anarta odontites		La Noctuelle marbrée
Anarta trifolii	Clover Cutworm|Clover Cutworm Moth|Nutmeg|Nutmeg Moth|The Nutmeg|clover cutworm|Clover cutworm moth	ver-gris du trèfle|La Noctuelle de l'Ansérine
Anartia amathea	Red Peacock	
Anartia fatima	Banded Peacock	
Anartia jatrophae	White Peacock	
Anartia lytraea	Nymphalid Moth|Nymphalid moth	
Anastrus sempiternus	Common Anastrus	
Anastrus tolimus	Blurry Anastrus	
Anathix puta	Puta Sallow|Puta Sallow Moth	
Anathix ralla	Dotted Sallow|Dotted Sallow Moth	
Anatrachyntis badia	Moth	
Anatrachyntis rileyi	Moth|Pink Bud Moth	
Anavitrinella pampinaria	Common Gray|Common Gray Moth|Cranberry Spanworm	
Ancema ctesia	Bi-Spot Royal	
Ancistroides armatus	Red Demon	
Ancistroides gemmifer	Gem Demon	
Ancistroides nigrita maura	Chocolate Demon	
Ancylis achatana	Triangle-marked Roller	
Ancylis albacostana	White-Edged Ancylis Moth	
Ancylis apicana	Raspberry Leaffolder Moth	
Ancylis apicella	Hook-tipped Roller	
Ancylis badiana	Common Roller	
Ancylis burgessiana	Oak Leaffolder Moth	
Ancylis comptana	Little Roller|Strawberry Leafroller Moth	
Ancylis diminutana	Small Festooned Roller	
Ancylis discigerana	Yellow Birch Leaffolder Moth	
Ancylis divisana	Two-Toned Ancylis Moth	
Ancylis geminana	Festooned Roller	
Ancylis laetana	Aspen Roller	
Ancylis metamelana	Black-Marked Ancylis Moth	
Ancylis mitterbacheriana	Red Roller	
Ancylis myrtillana	Bilberry Roller	
Ancylis nubeculana	Little Cloud Ancylis Moth	
Ancylis obtusana	Small Buckthorn Roller	
Ancylis paludana	Fen Roller	
Ancylis semiovana	Half-Oval Leaffolder Moth	
Ancylis subarcuana	Creeping Willow Roller	
Ancylis tineana	Rannoch Roller	
Ancylis uncella	Bridge Roller	
Ancylis unculana	Buckthorn Roller	
Ancylis unguicella	Broken-barred Roller	
Ancylis upupana	Dark Roller	
Ancylis virididorsana	Tortrix Moth	
Ancylodes pallens	Pale Knot-horn	
Ancylolomia tentaculella	Scarce Striped Grass-veneer	
Ancylosis cinnamomella		La Phycide cannelle
Ancylosis oblitella	Saltmarsh Knot-horn	
Ancyloxypha arene	Tropical Least Skipper	
Ancyloxypha numitor	Common Least Skipper|Least Skipper	Hespérie délicate
Andronymus caesar	Common Dart|White Dart	
Andronymus caesar philander	White Dart	
Andronymus neander	Common Dart|Falcate Dart|Nomad Dart	
Andronymus neander neander	Common Dart	
Anerastia lotella	Sandhill Knot-horn	
Anetia	Neotropical Kings	
Anetia briarea	Lesser False Fritillary|Many-Spotted King	
Anetia cubana	Salvin's Anetia	
Anetia jaegeri	Jaeger's Anetia|Hispaniolan King	
Anetia pantheratus	False Fritillary|Great King	
Angerona prunaria	orange moth|Orange Moth	phalène du noisetier|L'Angéronie du Prunier, la Phalène du Noisetier
Anicla forbesi	Forbes' Dart	
Anicla illapsa	Snowy Dart|Snowy Dart Moth	
Anicla infecta	Green Cutworm|Green Cutworm Moth	
Anisota consularis	Florida Oakworm Moth	
Anisota finlaysoni	Hornless Oakworm Moth	
Anisota manitobensis	Manitoba Oakworm Moth	
Anisota oslari	Oslar's Oakworm Moth	
Anisota peigleri	Peigler's Oakworm Moth	
Anisota senatoria	Orange-Striped Oakworm Moth|Orange-striped Oakworm Moth	
Anisota stigma	Spiny Oakworm Moth	
Anisota virginiensis	Pink Striped Oakworm Moth|Pink-Striped Oakworm Moth	
Anisynta sphenosema	Wedge Grass-Skipper	
Anisynta tillyardi	Chequered Grass-Skipper	
Anomis argillacea	Cotton Leafworm|Cotton leafworm	
Anomis erosa	Yellow Scallop Moth	
Anomis flava	Moth	
Anomis luridula	Cutworm moth	
Anomis privata	Hibiscus-Leaf Caterpillar Moth|Hibiscus-leaf caterpillar moth	
Anomis sabulifera	Angled Gem	
Anorthoa munda	Twin-spotted Quaker|Twin-Spotted Quaker	L'Orthosie picotée, la Proprette
Anstenoptilia marmarodactyla	Moth	
Antaeotricha leucillana	Pale Gray Bird-Dropping Moth	
Antaeotricha schlaegeri	Schlaeger'S Fruitworm Moth	
Antanartia borbonica	Mascarene Admiral	
Antanartia delius	Forest Admiral	
Antanartia schaeneia	Long-tailed Admiral|Long-Tailed Admiral	
Antanartia schaeneia schaeneia	Long-tailed Admiral	
Anteos	Angled Sulphurs	
Anteos clorinde	White Angled Sulphur|White Angled-Sulphur	
Anteos maerula	Angled Sulphur|Yellow Angled-Sulphur|Yellow Brimstone|Yellow-Angled Sulphur|Yellow-angled Sulphur	
Anteos menippe	Orangetip Angled-Sulphur	
Antepione thisoaria	Variable Antepione Moth|Variable Antipione	
Anterastria teratophora	Gray Marvel Moth	
Anthanassa acesas	Cloudforest Crescent	
Anthanassa ardys	Ardys Crescent	
Anthanassa argentea	Chestnut Crescent	
Anthanassa crithona	Orange-Banded Crescent	
Anthanassa dracaena	Notched Crescent	
Anthanassa drusilla	Orange-Patched Crescent	
Anthanassa frisia	Cuban Crescent	
Anthanassa nebulosa	Nebulosa Crescent	
Anthanassa otanes	Blackened Crescent	
Anthanassa sitalces	Montane Crescent	
Anthanassa sosis	Sosis Crescent	
Anthanassa texana	Texan Crescent	
Anthanassa tulcis	Pale-Banded Crescent	
Anthene amarah	Black-striped Hairtail|Leaden Ciliate Blue|Leaden Hairtail|Black-Striped Hairtail	
Anthene amarah amarah	Black-striped Hairtail|Black-Striped Hairtail	
Anthene arnoldi	Arnold's Hairtail|Arnold’s Ciliate Blue	
Anthene crawshayi	Crawshay’s Ciliate Blue|Crawshay’s Hairtail|Crawshay’S Ciliate Blue|Crawshay’S Hairtail	
Anthene crawshayi juanitae	Juanita's Hairtail|Phoenix Hairtail	
Anthene definita	Common Ciliate Blue|Common Hairtail|Defined Ciliate Blue	
Anthene definita definita	Common Hairtail	
Anthene dulcis	Mashuna Hairtail	
Anthene dulcis dulcis	Mashuna Hairtail	
Anthene emolus emolus	Bengal Common Ciliate Blue	
Anthene emolus goberus	Ciliate Blue	
Anthene juba	Anomalous Ciliate Blue	
Anthene kersteni	Kersten's Ciliate Blue|Kersten's Hairtail	
Anthene larydas	Forest Hairtail	
Anthene lemnos	Large Ciliate Blue|Large Hairtail	
Anthene lemnos lemnos	Large Hairtail	
Anthene licates	White Ciliate Blue	
Anthene lindae	Kalahari Hairtail|Linda's Hairtail	
Anthene liodes	Liodes Hairtail	
Anthene livida	Pale Hairtail	
Anthene livida livida	Pale Hairtail	
Anthene lycaenina	Pointed Ciliate Blue	
Anthene lycaenina lycaenina	Dakhan Pointed Ciliate Blue	
Anthene lycaenina miya	Sunda Pointed Ciliate Blue	
Anthene millari	Millar's Hairtail|Millar'S Hairtail	
Anthene minima	Little Hairtail	
Anthene minima minima	Little Hairtail	
Anthene otacilia	Otacilia Hairtail|Trimen’s Ciliate Blue|Trimen’s Hairtail|Trimen’S Ciliate Blue|Trimen’S Hairtail	
Anthene otacilia otacilia	Trimen's Hairtail|Trimen'S Hairtail	
Anthene pitmani	Pitman's Ciliate Blue	
Anthene princeps	Lebombo Hairtail|Cupreous Hairtail	
Anthene seltuttus	Dark Ciliated-Blue	
Anthene talboti	Talbot's Hairtail|Talbot'S Hairtail	
Anthene wilsoni	Wilson'S Hairtail	
Antheraea	Tussar Moths	
Antheraea oculea	Arizona Polyphemus Moth	
Antheraea pernyi	Chinese oak silk moth	
Antheraea polyphemus	Polyphemus Moth	
Antheraea yamamai	Japanese oak silk moth	
Anthocharis	Orangetips	
Anthocharis belia	Moroccan Orange Tip|Morocco Orange Tip	
Anthocharis cardamines	Orange Tip|orange-tip|Orange-Tip|Orange-tip|Orange Tip Butterfly	L' Aurore|aurore|Aurore|l'Aurore
Anthocharis cardamines britannica	Orange-tip	
Anthocharis cethura	Desert Orangetip	
Anthocharis cethura catalina	Catalina Island Orangetip	
Anthocharis cethura pima	Pima Orangetip	
Anthocharis damone	Eastern Orange Tip|Eastern Orange-Tip|Eastern Orange-tip	
Anthocharis euphenoides	Moroccan Orange Tip|Provence Orange-tip|Provence´s Orange Tip	Aurore de Provence|l'Aurore de Provence
Anthocharis gruneri	Gruner's Orange Tip|Grüner's Orange Tip|Gruner'S Orange Tip|Gruner'S Orange-Tip|Grüner'S Orange Tip|Grüner'S Orange-Tip|Grüner's Orange-tip|Gruner's Orange-tip	
Anthocharis lanceolata	Gray Marble	
Anthocharis lanceolata australis	Southern Gray Marble	
Anthocharis limonea	Mexican Orangetip	
Anthocharis midea	Falcate Orangetip	
Anthocharis sara	Sara's Orangetip|Sara Orangetip|Sara'S Orangetip	
Anthocharis sara gunderi	Santa Catalina Orangetip	
Anthocharis sara sara	'Pacific' Sara Orangetip	
Anthocharis sara stella	'Stella' Sara Orangetip	
Anthocharis scolymus	Yellow Tip	
Anthocharis thoosa	Southwestern Orangetip	
Anthophila fabriciana	Nettle-Tap|Common Nettle-tap	
Anthoptus epictetus	Trailside Skipper	
Antiblemma acclinalis	Moth	
Anticarsia gemmatalis	Cutworm Moth|Velvetbean Caterpillar|Velvetbean Caterpillar Moth|Velvetbean Moth|Cutworm moth	
Antichloris caca	Docker	
Antichloris eriphia	Banana Stowaway	
Antichloris viridis	Satin Stowaway	
Anticlea derivata	streamer|Streamer	cidarie dérivée|La Violette, la Cidarie dérivée
Anticlea multiferata	Many-Lined Carpet|Many-Lined Carpet Moth	
Anticlea vasiliata	Variable Carpet|Variable Carpet Moth	
Anticollix sparsata	dentated pug|Dentated Pug	larentie mouchetée|La Larentie mouchetée
Antigastra catalaunalis	Spanish Dot	
Antigonus emorsa	White Spurwing	
Antigonus funebris	West-Mexican Spurwing	
Antigonus nearchus	Death-Mask Spurwing	
Antillea proclea	Jamaican Crescent	
Antipodia chaostola	Antipodia Skipper	
Antipodia dactyliota	Western Sand-Skipper	
Antispila metallella	Four-spot Lift	
Antispila petryi	Yellow-spot Lift	
Antitype chi	grey chi|Grey Chi	chi|Le Chi, La Glouterone
Anypsipyla univitella	Pyralid moth	
Apamea alia	Fox Apamea	
Apamea amputatrix	Yellow-Headed Cutworm Moth|Yellowheaded Cutworm	
Apamea anceps	large nutmeg|Large Nutmeg	double-feston|Le Double-Feston
Apamea apamiformis	Rice Worm Moth	
Apamea aquila		L'Abromiade de la Molinie
Apamea burgessi	Burgess' Apamea Moth	
Apamea crenata	clouded-bordered brindle|Clouded-bordered Brindle|Clouded-Bordered Brindle	campagnarde|La Campagnarde
Apamea devastator	Glassy Cutworm|Glassy Cutworm Moth	
Apamea dubitans	Doubtful Apamea Moth	
Apamea epomidion	clouded brindle|Clouded Brindle	noctuelle hépatique|La Noctuelle hépatique
Apamea exulis	Northern Arches or Exile	
Apamea exulis assimilis	Northern Arches	
Apamea exulis exulis	Exile	
Apamea furva	confused|Confused	L'Abromiade ténébreuse
Apamea furva britannica	Confused	
Apamea helva	Yellow Three-Spot|Yellow Three-Spot Moth	
Apamea illyria		L'Abromiade du Millet
Apamea indocilis	Ignorant Apamea Moth	
Apamea lateritia	scarce brindle|Scarce Brindle	L'Abromiade latéritique
Apamea lignicolora	Wood-Colored Apamea Moth|Wood-colored Apamea Moth	
Apamea lintneri	Sand Wainscot	
Apamea lithoxylaea	light arches|Light Arches	doucette|La Doucette
Apamea monoglypha	dark arches|Dark Arches	noctuelle radicée|La Monoglyphe
Apamea nigrior	Black-Dashed Apamea Moth	
Apamea oblonga	crescent striped|Crescent Striped	La Noctuelle oblongue
Apamea plutonia	Dusky Apamea Moth	
Apamea remissa	dusky brocade|Dusky Brocade	brouillée|La Brouillée
Apamea scoparia	Faint-Spotted Quaker	
Apamea sordens	Bordered Apamea Moth|Rustic Shoulder-Knot|rustic shoulder-knot|Rustic Shoulder-knot	noctuelle basilaire|La Noctuelle basilaire
Apamea sordens finitima	Bordered Apamea	
Apamea sublustris	reddish light arches|Reddish Light Arches	abromiade ochracée|L'Abromiade ochracée
Apamea unanimis	Small Clouded Brindle|Small Clouded Brindle Moth|small clouded brindle|Small clouded brindle moth	noctuelle de lalpiste|La Noctuelle de l'Alpiste
Apamea verbascoides	Mullein Apamea Moth	
Apamea vulgaris	Common Apamea Moth	
Apamea vultuosa	Airy Apamea Moth	
Apantesis carlotta	Carlotta'S Tiger Moth	
Apantesis nais	Nais Tiger Moth	
Apantesis phalerata	Harnessed Tiger Moth	
Apatelodidae	Apatelodod Moths	
Apatura ilia	lesser purple emperor|Lesser Purple Emperor|Purple Emperor	petit mars changeant|Petit Mars changeant|le Petit Mars changeant|Grand mars changeant
Apatura iris	purple emperor|Lesser Purple Emperor|Purple Emperor	grand mars changeant|Grand Mars changeant|le Grand Mars changeant|Petit mars changeant
Apatura laverna	Laverna Emperor	
Apeira syringaria	lilac beauty|Lilac Beauty	ennomos de lilas|L'Ennomos du Lilas
Aphantopus hyperantus	ringlet|Ringlet|Ringlet Butterfly|The Ringlet	tristan|Tristan|le Tristan
Apharitis siphax	Common Silver-line	
Aphelia alleniana	Allen'S Tortrix Moth	
Aphelia viburnana	Bilberry Tortrix|BilberryTwist	
Aphnaeus argyrocyclus	Rare Silver-spot|Rare Silver-Spot	
Aphnaeus coronae	Crown Silver-spot|Crowned Highflier|Crown Silver-Spot	
Aphomia sociella	Bee Moth|Pyralid Moth|The Bee Moth|Pyralid moth	Pyrale du Bourdon
Aphomia terrenella	Terrenella Bee Moth	
Aphrissa boisduvalii	Boisduval'S Sulphur	
Aphrissa godartiana	Godart'S Sulphur	
Aphrissa neleis	Pink-Spot Sulphur	
Aphrissa orbis	Orbed Sulphur Butterfly|Orbed sulphur butterfly	
Aphrissa schausi	Schaus'S Sulphur	
Aphrissa statira	Statira|Statira Sulphur	
Aphrissa wallacei	Wallace'S Sulphur	
Aphthonetus triaula	Moth	
Aplasta ononaria	Rest Harrow	La Phalène de l'Arrête-Boeuf
Aplocera efformata	lesser treble-bar|Lesser Treble-bar|Lesser Treble-Bar	petite rayure|La petite Rayure
Aplocera plagiata	Treble Bar|Treble-Bar|Treble-Bar Moth|treble-bar|Treble-bar	triple raie|La Triple Raie, La Rayure commune
Aplocera plagiata plagiata	Treble-bar	
Aplocera praeformata	Purple Treble-bar|Purple Treble-Bar	La Rayure montagnarde
Aplota palpella	Scarce Brown Streak	
Apocheima hispidaria	small brindled beauty|Small Brindled Beauty	nyssie hispide|La Nyssie hispide
Apoda biguttata	Shagreened Slug Moth	
Apoda limacodes	festoon|Festoon	tortue|la Tortue
Apoda y-inversa	Yellow-Collared Slug Moth	
Apodia bifractella	Dark Fleabane Neb	
Apogeshna stenialis	Checkered Apogeshna Moth	
Apomyelois bistriatella	Heath Knot-Horn|Heath Knot-horn	
Apomyelois ceratoniae	Locust bean moth|Locust Bean Moth	
Aporia agathon	Great Blackvein	
Aporia agathon agathon	Nepalese Great Blackvein	
Aporia crataegi	Black-Veined White|black-veined white|Black-veined White	Le Gazé|gazé|Gazé|le Gazé
Aporia crataegi adherbal	Japanese Black-Veined White	
Aporia goutellei	Yunnan Black-Veined White	
Aporia harrietae	Bhutan Blackvein	
Aporia leucodice	Himalayan Blackvein	
Aporia nabellica	Dusky Blackvein	
Aporophyla australis	feathered brindle|Feathered Brindle	La Xyline australe
Aporophyla australis pascuea	Feathered Brindle	
Aporophyla lueneburgensis	northern deep-brown dart|Northern Deep-brown Dart|Northern Deep-Brown Dart	La Noctuelle boueuse
Aporophyla lutulenta	Deep-brown Dart|Deep-Brown Dart	
Aporophyla nigra	black rustic|Black Rustic	noctuelle anthracite|La Noctuelle anthracite
Apotomis betuletana	Birch Marble	
Apotomis capreana	Sallow Apotomis Moth|Sallow Marble	
Apotomis funerea	Funereal Apotomis Moth	
Apotomis infida	Rannoch Marble	
Apotomis lineana	Willow Marble	
Apotomis removana	Green Aspen Leafroller|Green Aspen Leafroller Moth	
Apotomis sauciana	Bilberry Marble	
Apotomis semifasciana	Short-barred Marble	
Apotomis sororculana	Narrow-winged Marble	
Apotomis turbidana	White-shouldered Marble	
Appias ada	Rare Albatross	
Appias albina	Common Albatross|White Albatross	
Appias albina darada	Sylhet Common Albatross	
Appias cardena	Yellow Puffin	
Appias celestina	Common Migrant	
Appias galba	Indian Orange Albatross	
Appias indra	Plain Puffin	
Appias lalage	Spot Puffin	
Appias lalassis	Burmese Puffin	
Appias libythea	Striped Albatross	
Appias lyncida	Chocolate Albatross	
Appias lyncida vasava	Chocolate Albatross	
Appias melania	Grey Albatross	
Appias nero	Orange Albatross	
Appias paulina	Ceylon Lesser Albatross	
Aproaerema albipalpella	Slate Sober Moth|Slate Sober	
Aproaerema anthyllidella	Vetch Sober	
Aproaerema cinctella	White-streak Sober	
Aproaerema larseniella	White-strap Sober|White-strapped Sober	
Aproaerema polychromella	African Sober	
Aproaerema sangiella	Brown Sober	
Aproaerema suecicella	Western Sober Moth|Western Sober	
Aproaerema taeniolella	Silver-barred Sober	
Aproaerema vinella	Brighton Sober	
Apterogenum ypsillon	Dingy Shears	L'Upsilon
Apterona helicoidella	Moth	
Araschnia davidis	Chinese Map Butterfly	
Araschnia levana	map butterfly|European Map|Map|Map Butterfly	carte géographique|Carte géographique|la Carte géographique|Carte géografique
Arawacus leucogyna	Black-Tipped Stripe-Streak	
Arawacus separata	Separated Stripestreak	
Arawacus sito	Fine-Lined Hairstreak	
Arcas cypria	Mexican Arcas	
Archanara dissoluta	Brown-veined Wainscot|brown-veined wainscot|Brown-Veined Wainscot	nonagrie rubanée|La Nonagrie rubanée
Archanara neurica	white-mantled wainscot|White-mantled Wainscot|White-Mantled Wainscot	nonagrie neurique|La Nonagrie neurique, la Nonagrie radiée
Archiearis	Orange Underwings	
Archiearis infans	First Born Geometer|Infant|Infant Moth	
Archiearis notha	light orange underwing|Light Orange Underwing	illégitime
Archiearis parthenias	orange underwing|Orange Underwing	intruse|L'Intruse
Archinemapogon yildizae	Large Scotch Clothes	
Archips argyrospila	Fruit-Tree Leafroller Moth|Fruit-tree Leaf-roller	
Archips betulana	Norfolk Twist	
Archips cerasivorana	Uglynest caterpillar|Ugly-Nest Caterpillar Moth|Uglynest Caterpillar	
Archips crataegana	Brown Oak Tortrix|Brown Oak Twist	
Archips dissitana	Boldly-Marked Archips Moth	
Archips fuscocupreanus	Exotic leafroller moth	
Archips infumatana	Smoked Leafroller Moth	
Archips oporana	Sprice tortrix moth|Pine Twist	
Archips packardiana	Spring Spruce Needle Moth	
Archips podana	large fruit-tree tortrix|Tortix moth|Large Fruit-tree Tortrix|Large Fruit-Tree Tortrix|Large Twist	la Tordeuse de l'osier
Archips purpurana	Omnivorous Leafroller|Omnivorous Leafroller Moth	
Archips rosana	European leafroller|rose tortrix|Rose Tortrix|Rose Twist	
Archips semiferanus	Oak Leafroller|Oak Leafroller Moth|American Twist	
Archips strianus	Striated Tortrix Moth	
Archips xylosteana	variegated golden tortrix|Variegated Golden Tortrix|Variegated Golden Twist	
Archon apollinus	False Apollo	
Archonias brassolis	Cattleheart White	
Arcte coerula	Ramie moth	
Arctia caja	Garden Tiger|Garden Tiger Moth|Great Tiger Moth|garden tiger	écaille martre|L'Ecaille Martre, La Hérissonne
Arctia parthenos	St. Lawrence Tiger Moth	
Arctiidae	Footman Moths|Tiger Moths	
Arctornis l-nigrum	Black V Moth|Black-v Moth	Le L-noir
Arenipses sabella	Large Date Moth	
Arenostola phragmitidis	fen wainscot|Fen Wainscot	noctuelle du roseau à balais|La Noctuelle des Roselières
Arethusana aksouali	Atlas Grayling	
Arethusana arethusa	false grayling|False Grayling	mercure|Mercure|le Petit Agreste
Arethusana boabdil	Southern False Grayling	Mercure andalous
Argolamprotes micella	Bright Neb	
Argon lota	Argon Skipper	
Argynnina cyrila	Cyril'S Brown	
Argynnina hobartia	Hobart Brown	
Argynnis paphia	silver-washed fritillary|Silver-Washed Fritillary|Silver-washed Fritillary	tabac despagne|Tabac d'Espagne|le Tabac d'Espagne|Tabac d’Espagne
Argyraspodes argyraspis	Warrior Silver-spotted Copper|Warrior Silver-Spotted Copper	
Argyresthia abdominalis	Downland Argent	
Argyresthia albistria	Purple Argent	
Argyresthia alternatella	Juniper Seed Moth	
Argyresthia arceuthina	Bronze Argent	
Argyresthia atlanticella	Small ermine moth	
Argyresthia aurulentella	Gold Juniper Argent	
Argyresthia bonnetella	Hawthorn Argent	
Argyresthia brockeella	Gold-ribbon Argent	
Argyresthia castaneella	Chestnut Ermine Moth	
Argyresthia conjugella	Apple fruit moth|Apple Fruit Moth|Apple-fruit Moth	
Argyresthia cupressella	Cypress Tip Moth|Cypress-tip Moth	
Argyresthia curvella	Brindled Argent	
Argyresthia dilectella	Juniper Argent	
Argyresthia glabratella	Spruce Argent	
Argyresthia glaucinella	Oak-bark Argent	
Argyresthia goedartella	Golden Argent|Greek-lettered Argent	
Argyresthia illuminatella	Glossy Argent	
Argyresthia ivella	Gold-four Argent	
Argyresthia laevigatella	Larch-boring Argent	
Argyresthia oreasella	Cherry Shoot Borer Moth	
Argyresthia praecocella	Ochreous Argent	
Argyresthia pruniella	Cherry fruit moth|Cherry Fruit Moth|Cherry-fruit Moth	
Argyresthia pygmaeella	Sallow Argent	
Argyresthia retinella	Netted Argent	
Argyresthia semifusca	Brown Rowan Argent	
Argyresthia semitestacella	Large Beech Argent	
Argyresthia sorbiella	Gold Rowan Argent	
Argyresthia spinosella	Blackthorn Argent	
Argyresthia thuiella	Arborvitae Leafminer	
Argyresthia trifasciata	Triple-barred Argent	
Argyresthiidae	Shiny Headstand Moths	
Argyria auratella	Curve-Lined Argyria Moth	
Argyria critica	Straight-Lined Argyria Moth	
Argyrogramma verruca	Golden Looper Moth|Golden looper moth	
Argyrophenga antipodum	Common Tussock Butterfly	
Argyrophenga harrisi	Harris'S Tussock	
Argyrophenga janitae	Janita'S Tussock	
Argyrophorus argenteus	Silver Satyr	
Argyroploce arbutella	Bearberry Marble	
Argyrostrotis anilis	Short-Lined Chocolate	
Argyrotaenia alisellana	White-Spotted Leafroller Moth	
Argyrotaenia juglandana	Hickory Leafroller Moth	
Argyrotaenia ljungiana	Heather Twist	
Argyrotaenia mariana	Gray-Banded Leafroller Moth	
Argyrotaenia occultana	Fall Spruce Needle Moth	
Argyrotaenia pinatubana	Pine Tube Moth	
Argyrotaenia quadrifasciana	Four-Lined Leafroller Moth	
Argyrotaenia quercifoliana	Yellow-Winged Oak Leafroller Moth	
Argyrotaenia tabulana	Jack Pine Tube Moth	
Argyrotaenia velutinana	Red-Banded Leafroller Moth	
Arhopala aedias	Large Metallic Oakblue	
Arhopala alaconia	Patchy Oakblue	
Arhopala alea	Kanara Oakblue	
Arhopala allata	Rosy Oakblue	
Arhopala amantes	Large Oakblue	
Arhopala amantes amantes	Lankan Large Oakblue	
Arhopala amphimuta	Broad Yellow Oakblue	
Arhopala anthelus	Bushblue	
Arhopala antimuta	Small Tailless Oakblue	
Arhopala ariana	Pinkish-Washed Oakblue	
Arhopala ariel	Chocolate Oakblue	
Arhopala athada	Vinous Oakblue	
Arhopala atrax	Indian Oakblue	
Arhopala aurea	Long-Celled Oakblue	
Arhopala avathina	Lunulate Yellow Oakblue	
Arhopala barami	Wood'S Oakblue	
Arhopala bazaloides	Tamil Oakblue	
Arhopala buddha	Buddha Oakblue	
Arhopala camdana	Moonstone Oakblue	
Arhopala camdeo	Lilac Oakblue	
Arhopala centaurus	Dull Oak-Blue	
Arhopala cleander	Large Mergui Oakblue	
Arhopala corinda	Ultramarine Oakblue	
Arhopala dispar	Frosted Oakblue	
Arhopala epimete	Violetdisc Oakblue	
Arhopala fulla	Spotless Oakblue	
Arhopala fulla andamanica	Andaman Spotless Oakblue	
Arhopala hellada	Long-Banded Oakblue	
Arhopala hellenore	Doherty'S Green Oakblue	
Arhopala hypomuta	Violet Oakblue	
Arhopala ijauensis	White-Banded Oakblue	
Arhopala madytus	Bright Oak-Blue	
Arhopala major	Major Yellow Oakblue	
Arhopala micale	Shining Oak-Blue	
Arhopala moolaiana	Pale Yellow Oakblue	
Arhopala moorei	Moore'S Oakblue	
Arhopala muta	Mutal Oakblue	
Arhopala myrzala	Malayan Oakblue	
Arhopala paramuta	Hooked Oakblue	
Arhopala perimuta	Yellowdisc Oakblue	
Arhopala perimuta perimuta	Sylhet Yellowdisc Tailless Oakblue	
Arhopala phaenops	Sumatran Oakblue	
Arhopala philander	Dark Oak-Blue	
Arhopala selta	Reddish-Brown Oakblue	
Arhopala similis	Druce'S Oakblue	
Arhopala vihara	Large Spotted Oakblue	
Arhopala wildei	White Oak-Blue	
Arhopala zambra	Zambra Oakblue	
Ariadne ariadne ariadne	Angled Castor	
Ariadne isaeus	Malayan Castor	
Ariadne specularia	Banded Castor	
Aricia agestis	brown argus|Brown Argus	Collier de corail|le Collier-de-corail
Aricia artaxerxes	Northern Brown Argus|Mountain Argus	Argus de l'hélianthème|l'Argus de l'hélianthème
Aricia artaxerxes artaxerxes	Northern Brown Argus	
Aricia artaxerxes salmacis	Castle Eden Argus	
Aricia cramera	Eschscholtz´S Brown  Argus|Southern Brown Argus|Eschscholtz´s Brown  Argus	Argus d´Eschscholtz
Aricia montensis	Mountain Argus|Southern Mountain Argus|Verity´s Montain Argus	Argus de Verity
Aricia morronensis	Spanish Argus	l'Argus castillan|Argus castillan
Aristotelia brizella	Thrift Neb	
Aristotelia ericinella	Heather Neb	
Aristotelia roseosuffusella	Pink-Washed Aristotelia Moth	
Aristotelia rubidella	Ruby Aristotelia Moth	
Aristotelia subdecurtella	Brown Fen Neb	
Arnetta hyposticta	Angled Sylph	
Arnetta verones	Sumatran Bob	
Aroga velocella	Dusky Groundling	
Arogalea cristifasciella	White Stripe-Backed Moth	
Arta statalis	Posturing Arta Moth	
Arteurotia tractipennis	Starred Skipper	
Artipe eryx	Green Flash	
Artitropa cama	Central Nightfighter	
Artitropa erinnys	Bush Nightfighter	
Artitropa erinnys erinnys	Bush Nightfighter	
Artitropa milleri	Miller’S Nightfighter	
Artitropa reducta	Eastern Nightfighter	
Asbolis capucinus	Monk Skipper	
Ascalapha odorata	Black Witch|Black Witch Moth|Glassy Cutworm|Black witch moth	
Ascia monuste	Great Southern White	
Ascia monuste monuste	Great Southern White	
Aslauga australis	Southern Purple	
Aslauga prouvosti	Prouvost’s Aslauga|Prouvost’S Aslauga	
Aspilapteryx tringipennella	Ribwort slender|Ribwort Slender	
Aspitates gilvaria	straw belle|Straw Belle	aspilate jaunâtre|L'Aspilate jaunâtre
Aspitates gilvaria gilvaria	Straw Belle	
Aspitates ochrearia	yellow belle|Yellow Belle	aspilate ochracée|L'Aspilate ochracée
Assara albicostalis	Moth	
Assara terebrella	Dark Spruce Knot-horn	
Asterocampa	Hackberry Butterflies	
Asterocampa celtis	Hackberry Emperor	
Asterocampa clyton	Tawny Emperor	
Asterocampa clyton clyton	Eastern Tawny Emperor	
Asterocampa clyton texana	Texan Emperor	
Asterocampa idyja	Dusky Emperor	
Asterocampa idyja argus	'Cream-Banded' Dusky Emperor	
Asterocampa leilia	Empress Leilia	
Asteroscopus sphinx	the sprawler|Sprawler|The Sprawler	noctuelle-sphinx|La Noctuelle-Sphinx, la Noctuelle de Cassini
Asthena albulata	small white wave|Small White Wave	phalène candide|La Phalène candide
Asthena anseraria		cidarie du cornouiller|La Cidarie du Cornouiller
Astictopterus abjecta	Abject Hopper	
Astictopterus inornatus	Modest Sylph	
Astictopterus jama	Forest Hopper	
Astictopterus jama chinensis	Forest Hopper	
Astictopterus jama jama	Forest Hopper	
Astictopterus stellata	Spangled Sylph	
Astraptes alardus	Frosted Flasher	
Astraptes anaphus	Yellow-Tipped Flasher	
Astraptes egregius	Small-Spotted Flasher	
Astraptes fulgerator	Two-Barred Flasher	
Astraptes fulgerator azul	Flashing Astraptes	
Astraptes jaira	Jamaican Flasher	
Astraptes megalurus	Long-Tailed Flasher	
Atalopedes campestris	Sachem	
Atalopedes campestris campestris	Field Sachem	
Atalopedes mesogramma	Mesogramma Skipper	
Atarnes sallei	Orange-Spotted Skipper	
Atascosa glareosella	Rosy Atascosa Moth	
Ategumia adipalis	Moth	
Ategumia ebulealis	Moth	
Ateliotum insularis	Mediterannean Clothes|Mediterranean Clothes	
Atemelia torquatella	Northern Ermel	
Aterpia approximana	Sparkling Aterpia Moth	
Atethmia centrago	centre-barred sallow|Centre-barred Sallow|Centre-Barred Sallow	xérampéline dhübner|La Xanthie topaze
Athetis gluteosa		athétide du fer-à-cheval|L'Athétide du Fer-à-cheval
Athetis hospes	Porter's Rustic	L'Hydrille domestique
Athetis pallustris	marsh moth|Marsh Moth	hydrille des marais|L'Hydrille des Marais
Athetis tarda	Slowpoke Moth	
Athetis thoracica	Cutworm	
Athrips mouffetella	Dotted Grey Groundling|Ten-Spotted Honeysuckle Moth	
Athrips rancidella	Cotoneaster Webworm|Moth	
Athrips tetrapunctella	Northern Groundling	
Athyma selenophora selenophora	West Himalayan Staff Sergeant	
Atlantea pantoni	Jamaican Checkerspot	
Atlantea perezi	Cuban Checkerspot	
Atlides halesus	Great Purple Hairstreak	
Atlides halesus halesus	Eastern Great Purple Hairstreak	
Atolmis rubricollis	red-necked footman|Red-necked footman|Red-Necked Footman|Red-necked Footman	veuve|La Veuve, le Collier rouge
Atrophaneura aidoneus	Lesser Batwing	
Atrophaneura horishanus	Aurora Swallowtail|Highland Red-Bellied Swallowtail	
Atrophaneura nox	Malayan Batwing	
Atrophaneura priapus	White-Head Batwing	
Atrophaneura semperi	Red-Bodied Batwing Swallowtail	
Atrophaneura sycorax	Whitehead Batwing	
Atrophaneura varuna	Common Batwing	
Atrytone arogos	Arogos skipper|Brown-Rim skipper|Arogos Skipper|Brown-Rim Skipper	
Atrytonopsis deva	Deva Skipper	
Atrytonopsis hianna	Dusted Skipper	
Atrytonopsis hianna turneri	Western Dusted Skipper	
Atrytonopsis loammi	Loammi Skipper	
Atrytonopsis lunus	Moon-Marked Skipper	
Atrytonopsis ovinia	Ovinia Skipper	
Atrytonopsis pittacus	White-Barred Skipper	
Atrytonopsis python	Python Skipper	
Atrytonopsis quinteri	Crystal Skipper	
Atrytonopsis vierecki	Viereck'S Skipper	
Atypha pulmonaris		La Caradrine de la Pulmonaire
Augasma aeratella	Knotgrass case-bearer|Knotgrass Case-bearer	
Autochton cellus	Golden Banded-Skipper	
Autochton cincta	Chisos Banded-Skipper	
Autochton longipennis	Spike Banded-Skipper	
Autochton neis	Broad-Banded Skipper	
Autochton pseudocellus	Sonoran Banded-Skipper	
Autochton vectilucis	Central American Banded-Skipper	
Autochton zarex	Sharp Banded-Skipper	
Autographa ampla	Large Looper Moth	
Autographa bimaculata	Double-Spotted Spangle|Two-Spotted Looper Moth|Double-spotted Spangle	
Autographa bractea	gold spangle|Gold Spangle	feuille dor|La Feuille d'or
Autographa californica	Alfalfa Looper	
Autographa flagellum	Silver Whip Moth	
Autographa gamma	silver y|Silver Y	gamma|Le Gamma
Autographa jota	plain golden y|Plain Golden Y	iota|Le Iota
Autographa mappa	Wavy Chestnut Y Moth	
Autographa precationis	Common Looper Moth	
Autographa pulchrina	beautiful golden y|Beautiful Golden Y	v dor|Le V d'or
Automeris	Eyed Silkmoths	
Automeris cecrops	Cecrops Eyed Silkmoth	
Automeris io	Io Moth	
Automeris iris	Iris Eyed Silkmoth	
Automeris louisiana	Louisiana Eyed Silkmoth	
Automeris patagoniensis	Patagonia Eyed Silkmoth	
Automeris randa	Randa's Eyed Silkmoth	
Automeris zephyria	Zephyr Eyed Silkmoth	
Autosticha kyotensis	Kyoto moth	
Autosticha pelodes	Moth	
Auximobasis normalis	Liverpool Dowd	
Axiocerses amanga	Bush Scarlet	
Axiocerses amanga amanga	Bush Scarlet	
Axiocerses coalescens	Black-tipped Scarlet|Black-Tipped Scarlet	
Axylia putris	flame|The Flame|Flame	noctuelle putride|La Noctuelle putride
Azanus isis	White-banded Babul Blue|White-Banded Babul Blue	
Azanus jesous	African Babul Blue|Topaz Babul Blue	Azuré des mimosas
Azanus mirza	Mirza Babul Blue	
Azanus moriqua	Thorn-tree Babul Blue|Thorn-Tree Babul Blue	
Azanus natalensis	Natal Babul Blue	
Azanus ubaldus	Desert Babul Blue|Velvet-spotted Babul Blue|Bright Babul Blue|Desert babul blue	L´Azuré du seyal
Azanus uranus	Dull Babul Blue	
Azanus urios	Siam Babul Blue	
Azonax typhaon	Typhaon Skipper	
Bacotia claustrella	Shining Smoke	
Bactra furfurana	Mottled Marble	
Bactra lacteana	Scarce Sedge Marble	
Bactra lancealana	Rush Marble	
Bactra robustana	Saltern Marble	
Bactra straminea	Moth	
Bactra venosana	Nutgrass borer	
Bactra verutana	Javelin Moth	
Bagisara rectifascia	Straight Lined Mallow Moth	
Baileya	Desert Marigolds	
Baileya dormitans	Sleeping Baileya Moth	
Baileya doubledayi	Doubleday'S Baileya Moth	
Baileya levitans	Pale Baileya	
Baileya ophthalmica	Eyed Baileya Moth	
Baliochila aslanga	Natal Buff|Common Buff	
Baliochila hildegarda	Hildegard’s Buff|Hildegard’S Buff	
Baliochila lequeuxi	Lequeux’s Buff	
Baliochila lipara	Lipara Buff	
Baliochila singularis	Lannin’s Buff	
Balsa labecula	White-Blotched Balsa Moth	
Balsa malana	Many-Dotted Appleworm Moth	
Balsa tristrigella	Three-Lined Balsa Moth	
Baltia butleri	Butler'S Dwarf	
Baoris farri	Paintbrush Swift	
Baoris pagana	Figure-Of-Eight Swift	
Baoris penicillata	Paintbrush Swift	
Baracus vittatus	Hedge-Hopper	
Barbara colfaxiana	Douglas-Fir Cone Moth	
Barea asbolaea	Buryas Bridge Moth|Chequered Moth	
Baronia brevicornis	Short-horned Baronia|Short-Horned Baronia	
Batia internella	New Tawny Tubic	
Batia lambdella	Greater Tawny Tubic	
Batia lunaris	Moth|Lesser Tawny Tubic	
Batrachedra parvulipunctella	Reed Cosmet	
Batrachedra pinicolella	Pine Cosmet	
Batrachedra praeangusta	Poplar Cosmet	
Battaristis vittella	Orange Stripe-Backed Moth	
Battus belus	Belus Swallowtail	
Battus devilliers	Devilliers Swallowtail	
Battus eracon	Colima Swallowtail|Eracon Swallowtail|West-Mexican Swallowtail	
Battus ingenuus	Confused Swallowtail|Dyar's Swallowtail|Dyar'S Swallowtail	
Battus laodamas	Green-patch swallowtail|Yellow-spotted swallowtail|Green-Patch Swallowtail|Yellow-Spotted Swallowtail	
Battus lycidas	Cramer's Swallowtail|Lycidas swallowtail|Silver-trailed swallowtail|Cramer'S Swallowtail|Lycidas Swallowtail|Silver-Trailed Swallowtail	
Battus philenor	Pipevine Swallowtail|Blue Swallowtail|Pipe Vine Swallowtail	
Battus polydamas	Gold Rim Swallowtail|Polydamas Swallowtail|Gold-rim Swallowtail|Gold-Rim Swallowtail	
Battus zetides	Zetides Swallowtail	
Bebearia carshena	Shining Blue Forester	
Bebearia cocalia	Common Palm Forester	
Bebearia laetitia	Laetitia Forester|Laetitia’S Forester	
Bebearia maledicta	Maligned Forester	
Bebearia oxione	Banded Forester	
Bebearia paludicola	Swamp Palm Forester	
Bebearia sophus	Sophus Forester	
Bedellia orchilella	Sweet potato leaf miner	
Bedellia somnulentella	Morning-glory leafminer moth|Bindweed Bent-wing	
Belenois	caper whites|Caper Whites	
Belenois anomala	Socotran Caper White	
Belenois aurota	African Caper White|Brown-veined White|Pioneer White|Brown-Veined White|Brownveined White|Caper White|Pioneer	
Belenois calypso	Calypso Caper White|Calypso White	
Belenois crawshayi	Crawshay's Caper White|Crawshay's caper white	
Belenois creona	African Caper White|African Caper|African Common White|Common White	
Belenois creona creona	African Caper White	
Belenois creona severina	African Common White	
Belenois gidica	Pointed Caper White|African Veined White|Pointed Caper	
Belenois gidica abyssinica	African Veined White|Pointed Caper White	
Belenois java	Caper White	
Belenois margaritacea	Margarita's Caper White|Margarita'S Caper White	
Belenois raffrayi	Raffray’s White|Raffray's White|Raffray'S White|Raffray’S White	
Belenois rubrosignata	Red-edged White|Red-Edged White	
Belenois sudanensis	Sudan Caper White	
Belenois theora	Forest Caper White	
Belenois theuszi	Central Caper White	
Belenois thysa	False Dotted Border|False Dotted Border White	
Belenois victoria	Victoria White	
Belenois zochalia	Forest Caper White|Forest White	
Bellura gortynoides	White-Tailed Diver Moth	
Bellura obliqua	Cattail Borer Moth	
Bellura vulnifica	Black-Tailed Diver Moth	
Bema neuricella	Bema moth	
Bembecia ichneumoniformis	Six-belted Clearwing|Six-Belted Clearwing	Sésie ichneumon
Bena bicolorana	Scarce Silver-lines|Scarce Silver-Lines	La Halias du Chêne
Besma endropiaria	Straw Besma|Straw Besma Moth	
Besma quercivoraria	Oak Besma|Oak Besma Moth	
Bettonula bettoni	Betton’S Sprite	
Bettonula bettoni bettoni	Betton’S Sprite	
Bhutanitis lidderdalii	Bhutan Glory	
Bhutanitis ludlowi	Ludlow's Bhutan Glory|Ludlow's Bhutan Swallowtail|Ludlow'S Bhutan Glory|Ludlow'S Bhutan Swallowtail	
Bhutanitis mansfieldi	Mansfield's Three-tailed Swallowtail|Mansfield'S Three-Tailed Swallowtail	
Bhutanitis thaidina	Chinese Three-tailed Swallowtail|Chinese Three-Tailed Swallowtail	
Bia actorion	Uncertain Owlet	
Bibarrambla allenella	Bog Bibarrambla Moth	
Bibasis gomata	Pale Green Awlet	
Bibasis jaina	Common Orange Awlet	
Bibasis oedipodea belesis	Orange Awlet	
Bibasis sena uniformis	Orange Tailed Awl	
Bibasis vasutana	Green Awlet	
Bicyclus analis	Anal-Patch Bush Brown	
Bicyclus anisops	Red-Ringed Bush Brown	
Bicyclus auricruda	Small Marbled Bush Brown	
Bicyclus campina	Chirinda Bush Brown	
Bicyclus collinsi	Large Marbled Bush Brown	
Bicyclus condamini	Ebony Bush Brown	
Bicyclus dekeyseri	Western Scalloped Bush Brown	
Bicyclus dentata	Dentate Bush Brown	
Bicyclus dubia	Dubious Scalloped Bush Brown	
Bicyclus evadne	Small Stately Bush-brown|Small Stately Bush-Brown	
Bicyclus istaris	Velvet Bush Brown	
Bicyclus jefferyi	Jeffery's Bush-brown|Jeffrey’S Bush Brown	
Bicyclus martius	Black Bush-brown|Black Bush-Brown	
Bicyclus medontias	White-Line Bush Brown	
Bicyclus pavonis	Rock Bush Brown	
Bicyclus sangmelinae	Condamin’S Bush Brown	
Bicyclus saussurei	White-Banded Bush Brown	
Bicyclus sciathis	Sciathic Bush Brown	
Bicyclus smithi	Smith's Bush-brown|Smith'S Bush-Brown	
Bicyclus sweadneri	Fox’s Blue-banded Bush-brown|Fox’S Blue-Banded Bush-Brown	
Bicyclus sylvicolus	White-Tipped Bush Brown	
Bicyclus taenias	Grey Bush Brown	
Bicyclus technatis	Technatis Bush Brown	
Bicyclus trilophus	Tufted Bush Brown	
Bicyclus xeneoides	Toothed Stately Bush Brown	
Bindahara phocides	Sword-Tailed Flash	
Biston betularia	Pepper And Salt Geometer|Peppered Moth|peppered moth	phalène du bouleau|La Phalène du Bouleau, le Biston du Bouleau
Biston betularia carbonaria	Peppered Moth (dark)	
Biston betularia cognataria	Pepper And Salt Moth|Pepper-And-Salt Moth	
Biston betularia insularia	Peppered Moth (intermediate)	
Biston betularia typica	Peppered Moth (light)	
Biston strataria	oak beauty|Oak Beauty	marbrée|Le Biston marbré
Blastobasidae	Blastobasid Moths	
Blastobasis adustella	Dingy Dowd|Furness Dowd	
Blastobasis glandulella	Acorn Moth|Acorn moth	
Blastobasis inana	Moth	
Blastobasis lacticolella	London Dowd|Wakely's Dowd	
Blastobasis maroccanella	Blastobasid moth	
Blastobasis phycidella	Hampshire Dowd	
Blastobasis tarda	Blastobasid moth	
Blastobasis wolffi	Marsh Dowd	
Blastodacna atra	Apple Pith Moth|Apple-Pith Moth|Apple-pith Moth	
Blastodacna hellerella	Hawthorn Cosmet	
Bleptina araealis	Cutworm moth	
Bleptina caradrinalis	Bent-Winged Owlet|Bent-Winged Owlet Moth	
Bocana manifestalis	Moth	
Bocchoris fatualis	Moth	
Bohemannia auriciliella	Gold-fringed Pigmy	
Bohemannia pulverosella	Dusty Apple Pigmy	
Bohemannia quadrimaculella	Four-spot Pigmy	
Bolla brennus	Obscure Bolla	
Bolla clytius	Mottled Bolla	
Bolla cupreiceps	Golden-Headed Bolla	
Bolla subapicatus	Pine-Oak Bolla	
Boloria acrocnema	Uncompahgre Fritillary Butterfly	
Boloria alaskensis	Alaskan Fritillary|Mountain Fritillary	
Boloria aquilonaris	cranberry fritillary|Cranberry Fritillary	nacré de la canneberge|Nacré de la canneberge|le Nacré de la canneberge
Boloria chariclea	Arctic Fritillary	
Boloria dia	violet fritillary|Violet Fritillary|Weaver'S Fritillary|Weaver’S Fritillary|Weaver's Fritillary|Weaver’s Fritillary	petite violette|Petite Violette|la Petite Violette|Petite violette
Boloria epithore	Pacific Fritillary	
Boloria epithore chermocki	Chermock'S Meadow Fritillary	
Boloria eunomia	Bog Fritillary|Ocellate Bog Fritillary	Nacré de la bistorte|Nacré des tourbières
Boloria freija	Freija Fritillary|Freiya'S Fritillary|Frejya'S Fritillary|Zigzag Fritillary|Freiya's Fritillary|Frejya's Fritillary	
Boloria freija freija	Freija Fritillary	
Boloria frigga	Frigga Fritillary|Frigga'S Fritillary|Willow-Bog Fritillary|Frigga's Fritillary|Willow-bog Fritillary	
Boloria graeca	Balkan Fritillary	
Boloria kriemhild	Relict Fritillary	
Boloria napaea	Mountain Fritillary|Montain Fritillary	Nacré des renouées|le Nacré des renouées
Boloria pales	Shepherd'S Fritillary|Shepherd’S Fritillary|Shepherd's Fritillary|Shepherd’s Fritillary	Nacré subalpin|le Nacré subalpin
Boloria selene	Silver Meadow|Silver-Bordered Fritillary|Silverbordered Fritillary|Small Pearl-Bordered Fritillary|Small Pearl-Bordered Fritillary Butterfly|small pearl-bordered fritillary|Small Pearl-bordered Fritillary|Silver meadow|Small Pearl-bordered Fritillary Butterfly	petit collier argenté|Petit Collier argenté|le Petit Collier argenté|Petit collier argenté
Boloria selene myrina	Myrina Fritillary	
Boloria selene nebraskensis	Nebraska Silver-Bordered Fritillary	
Boloria selene terraenovae	Silver Bordered Fritillary	
Boloria thore	Thor'S Fritillary|Thor's Fritillary	Nacré noirâtre
Boloria titania	Titania'S Fritillary|Titania's Fritillary	Nacré porphyrin|le Nacré porphyrin
Bombyx mori	Domestic silk moth	
Bondia crescentella	Crescent-Marked Bondia	
Borbo binga	Dark Forest Swift	
Borbo borbonica	Olive-haired Swift|Zeller’s Skipper|Olive-Haired Swift|Zeller'S Skipper|Zeller´Skipper|Zeller’S Skipper|Zeller's Skipper	Hespérie de Zeller
Borbo borbonica borbonica	Olive-haired Swift|Olive-Haired Swift	
Borbo cinnara	Formosan Swift	
Borbo detecta	Rusty Swift	
Borbo fallax	False Swift	
Borbo fanta	Fanta Swift	
Borbo ferruginea	Ferrous Swift	
Borbo ferruginea dondo	Ferrous Swift|Southeastern Ferrous Swift	
Borbo ferruginea ferruginea	Northeastern Ferrous Swift	
Borbo gemella	Twin Swift	
Borbo havei	Small Malagasy Swift	
Borbo impar	Yellow Swift	
Borbo kaka	Kakamega Swift	
Borbo lugens	Lesser-horned Swift	
Borbo micans	Marsh Swift	
Borbo ratek	Large Malagasy Swift	
Borbo sirena	Small Twin-Spot Swift	
Borkhausenia fuscescens	Small Dingy Tubic	
Borkhausenia minutella	Thatch Tubic	
Brachionycha nubeculosa	rannoch sprawler|Rannoch Sprawler	noctuelle nubéculeuse|La Noctuelle nubéculeuse
Brachmia blandella	Gorse Crest	
Brachmia infuscatella	Moth	
Brachmia inornatella	Fen Crest	
Brachycyttarus griseus	Grass bagworm	
Brachylomia viminalis	minor shoulder-knot|Minor Shoulder-knot|Minor Shoulder-Knot	noctuelle de losier|La Noctuelle de l'Osier
Bradyrrhoa gilveolella	Pyralid moth	
Brakefieldia simonsii	Pale Patroller	
Brassolis sophorae	Coconut Caterpillar	
Brenthis daphne	Marbled Fritillary	Nacré de la ronce
Brenthis hecate	Twin-Spot Fritillary|Twin-spot Fritillary	le Nacré de la filipendule|Nacré de la filipendule
Brenthis ino	lesser marbled fritillary|Lesser Marbled Fritillary	grande violette|Nacré de la sanguisorbe|la Grande Violette
Brephidium	Pygmy-Blues	
Brephidium exilis	Pygmy Blue|Western Pygmy Blue Butterfly|Western Pygmy-Blue|Western pygmy blue butterfly	
Brephidium isophthalma	Eastern Pygmy-Blue	
Brephidium metophis	Tinktinkie Blue	
Brithys crini	Kew Arches	
Britomartis cleoboides	Azure Royal	
Brusa saxicola	Larger Rock Hopper	
Bryophila domestica	Marbled Beauty	La Bryophile perlée
Bryophila raptricula	Marbled Grey	La Bryophile fraisillée
Bryophila ravula		La Bryophile lupuline
Bryotropha affinis	Dark Groundling	
Bryotropha basaltinella	Thatch Groundling	
Bryotropha boreella	Mountain Groundling	
Bryotropha desertella	Desert Groundling	
Bryotropha domestica	House Groundling	
Bryotropha dryadella	Western Groundling	
Bryotropha figulella	Suffolk Groundling	
Bryotropha galbanella	Perth Groundling	
Bryotropha politella	Polished Groundling	
Bryotropha senectella	Dull Red Groundling	
Bryotropha similis	Obscure Groundling	
Bryotropha terrella	Cinerous Groundling	
Bryotropha umbrosella	Sandhill Groundling|Dorset Groundling	
Bucculatricidae	Ribbed Cocoon-Making Moths	
Bucculatrix ainsliella	Oak Skeletonizer	
Bucculatrix albedinella	Elm Bent-wing	
Bucculatrix artemisiella	Wormwood Bent-wing	
Bucculatrix bechsteinella	Hawthorn Bent-wing	
Bucculatrix cidarella	Alder Bent-wing	
Bucculatrix coronatella	Crowned Bucculatrix Moth	
Bucculatrix cristatella	Crested Bent-wing	
Bucculatrix demaryella	Birch Bent-wing	
Bucculatrix frangutella	Buckthorn Bent-wing	
Bucculatrix humiliella	Highland Bent-wing	
Bucculatrix maritima	Saltern Bent-wing	
Bucculatrix nigricomella	Daisy Bent-wing	
Bucculatrix pomifoliella	Apple Skeletonizer Moth	
Bucculatrix thoracella	Lime Bent-wing	
Bucculatrix thurberiella	Cotton leaf perforator	
Bucculatrix ulmella	Oak Bent-wing	
Buckleria paludum	Marsh Plume|Sundew Plume	
Bupalus piniaria	bordered white|Bordered white|Bordered White	fidonie du pin|La Fidonie du Pin
Burca hispaniolae	Hispaniolan Skipper	
Burnsius chloe	Chloe Checkered-Skipper	
Burnsius communis	Common Checkered-Skipper	
Burnsius titicaca	Peruvian Checkered-Skipper	
Byasa adamsoni	Adamson's Rose|Adamson'S Rose	
Byasa alcinous	Chinese Windmill	
Byasa crassipes	Black Windmill	
Byasa dasarada	Great Windmill	
Byasa impediens	Pink-spotted Windmill|Pink-Spotted Windmill	
Byasa latreillei	Rose Windmill	
Byasa nevilli	Nevill's Windmill|Nevill'S Windmill	
Byasa plutonius	Chinese Windmill|Pink-Spotted Windmill	
Byasa polla	De Niceville's Windmill|De Nicéville'S Windmill	
Byasa polyeuctes	Common Windmill	
Byblia anvatara	African Joker	
Byblia anvatara anvatara	Madagascan Joker	
Byblia ilithyia	Spotted Joker	
Cabares potrillo	Potrillo Skipper	
Cabera erythemaria	Yellow-Dusted Cream Moth	
Cabera exanthemata	common wave|Common Wave	cabère pustulée|La Cabère pustulée
Cabera pusaria	common white wave|Common White Wave	cabère virginale|La Cabère virginale, la Délicate
Cabera variolaria	Pink-Striped Willow Spanworm|Vestal Moth	
Cacoecimorpha pronubana	carnation tortix|Carnation Tortrix|Tortix moth|Carnation Twist	
Cactoblastis cactorum	Cactus moth	
Cacyreus dicksoni	Dickson's Geranium Bronze|Dickson'S Geranium Bronze	
Cacyreus fracta	Water Bronze|Water Geranium Bronze	
Cacyreus fracta fracta	Water Bronze	
Cacyreus lingeus	Bush Bronze	
Cacyreus marshalli	Common Geranium Bronze|Geranium Bronze|Geranium bronze	Brun des pélargoniums|le Brun des pélargoniums|Brun des pelargoniums
Cacyreus virilis	Alternative Bush Blue|Eastern Bush Blue|Mocker Blue|Mocker Bronze	
Cadra calidella	Dried fruit moth|Dried Fruit Moth	
Cadra cautella	Almond moth|Dried currant moth|Dried Currant Moth	
Cadra figulilella	Raisin moth|Raisin Moth	
Caenides benga	Yellow-Patch Recluse	
Caenides dacela	Common Recluse	
Caenides dacena	White-Fringed Recluse	
Caenurgina crassiuscula	Clover Looper|Clover Looper Moth|Double-Barred|Grass Looper|Double-barred	
Caenurgina erechtea	Forage Looper Moth	
Caerulea coeligena	Large-Spot Blue	
Calamia tridens	burren green|Burren Green	verdoyante|La Verdoyante
Calamia tridens occidentalis	Burren Green	
Calamotropha paludella	Bulrush Veneer	
Caleta caleta	Angled Pierrot	
Caleta decidia	Angled Pierrot	
Caleta elna	Elbowed Pierrot	
Caleta roxus	Straight Pierrot	
Caligo	Owl-Butterflies	
Caligo beltrao	Purple Owl-Butterfly	
Caligo brasiliensis	Dark Owl-Butterfly	
Caligo illioneus	Dusky Owl-Butterfly	
Caligo oedipus	Fruhstorfer'S Owl-Butterfly	
Caligo oileus	Oileus Owl-Butterfly	
Caligo telamonius	Pale Owl-Butterfly	
Caligo teucer	Teucer Owl Butterfly	
Caligo uranus	Gold-Edged Owl-Butterfly	
Calinaga buddha	Orange-Breasted Freak Butterfly	
Calisto confusa	Confused Calisto	
Calisto crypta	Cryptic Calisto	
Calisto herophile	Cuban Calisto	
Calisto nubila	Puerto Rican Calisto	
Calisto obscura	Obscure Calisto	
Calisto pulchella	Sugar Cane Calisto	
Calisto zangis	Jamaican Satyr	
Calleagris hollandi	Holland’S Flat	
Calleagris jamesoni	Jameson’S Flat	
Calleagris kobela	Mrs Raven's Skipper|Mrs Raven'S Skipper	
Calleagris krooni	Kroon's Skipper|Kroon'S Skipper	
Calleagris lacteus	Milky Scarce Flat	
Callerebia dibangensis	Bright-Eyed Argus	
Callerebia hybrida	Hybrid Argus	
Callerebia narasingha	Mottled Argus	
Callerebia nirmala	Common Argus	
Callerebia scanda	Pallid Argus	
Calliergis ramosa		noctuelle rameuse
Callimormus juventus	Juventus Skipper	
Callimormus radiola	Radiant Skipper	
Callimormus saturnus	Saturnus Skipper	
Callimorpha dominula	scarlet tiger|Scarlet Tiger	écaille marbrée|L'Ecaille marbrée, l'Ecaille lustrée
Callistege mi	Mother Shipton	
Callisto coffeella	Highland Slender	
Callisto denticulella	Garden Apple Slender|Garden apple slender	
Calliteara pudibunda	Pale Tussock	La Pudibonde, la Patte-Etendue
Callophrys	Green Hairstreaks	
Callophrys affinis	Western Green Hairstreak	
Callophrys avis	Chapman'S Green Hairstreak|Chapman´S Green Hairstreak|Chapman's Green Hairstreak|Chapman´s Green Hairstreak	la Thécla de l'arbousier|Théchla de l´arbousier
Callophrys dumetorum	Bramble Hairstreak	
Callophrys dumetorum dumetorum	'Bramble' Bramble Hairstreak	
Callophrys fotis	Desert Elfin	
Callophrys mossii	Moss' Elfin	
Callophrys mossii bayensis	San Bruno Elfin	
Callophrys mossii hidakupa	San Gabriel Mountains Elfin	
Callophrys mossii marinensis	Marin Elfin	
Callophrys polios	Hoary Elfin	
Callophrys rubi	green hairstreak|Green Hairstreak|Green Hairstreak Butterfly	thécla de la ronce|Argus vert|l'Argus vert
Callopistria	Fern Moths	
Callopistria cordata	Silver-Spotted Fern Moth	
Callopistria floridensis	Florida Fern Moth	
Callopistria jamaicensis	Cutworm moth	
Callopistria juventina	the latin|Latin	noctuelle de la fougère|La Noctuelle de la Fougère
Callopistria latreillei	Latreille's Latin	
Callopistria maillardi	Cutworm	
Callopistria mollissima	Pink-Shaded Fern Moth	
Callosamia angulifera	Tulip Tree Silkmoth	
Callosamia promethea	Promethea Moth|Promethea Silkmoth	
Callosamia securifera	Sweetbay Silkmoth	
Calophasia lunula	Toadflax Brocade|Toadflax Brocade Moth|toadflax brocade|Toadflax brocade moth	calophasie dhufnagel|La Linariette
Calophasia platyptera	Antirrhinum Brocade	
Caloptilia alchimiella	Yellow-triangle slender|Yellow-triangle Slender	
Caloptilia azaleella	Azalea leafminer|Azalea Leaf Miner|Azalea leaf-miner|Azalea Leaf-miner	
Caloptilia betulicola	Red birch slender|Red Birch Slender	
Caloptilia bimaculatella	Maple Caloptilia Moth	
Caloptilia blandella	Walnut Caloptilia Moth	
Caloptilia coruscans	Moth	
Caloptilia cuculipennella	Feathered slender|Feathered Slender	
Caloptilia elongella	Pale red slender|Pale Red Slender	
Caloptilia falconipennella	Scarce alder slender|Scarce Alder Slender	
Caloptilia fraxinella	Ash Leaf Cone Roller|Ash Leaf Cone Roller Moth	
Caloptilia hauderi	Yellow-blotch Slender	
Caloptilia hemidactylella	Sycamore slender|Sycamore Slender	
Caloptilia invariabilis	Cherry Leaf-Cone Caterpillar Moth	
Caloptilia mabaella	Moth	
Caloptilia negundella	Boxelder Leafroller Moth|Leafminer	
Caloptilia ostryaeella	Ironwood Leafcone Moth	
Caloptilia populetorum	Clouded slender|Clouded Slender	
Caloptilia robustella	New oak slender|New Oak Slender	
Caloptilia rufipennella	Small red slender|Small Red Slender	
Caloptilia semifascia	Maple Slender	
Caloptilia serotinella	Cherry Leafroller Moth	
Caloptilia stigmatella	White-Triangle Slender|Willow Leafcone Caterpillar Moth|White-triangle Slender	
Caloptilia triadicae	Tallow leaf roller	
Caloptilia violacella	Tick-Trefoil Caloptilia Moth	
Calpodes ethlius	Brazilian Skipper|Canna Skipper|Larger Canna Leafroller	
Caltoris bromus	Colon Swift	
Caltoris brunnea	Dark Branded Swift	
Caltoris cahira	Colon Swift	
Caltoris malaya	Malayan Swift	
Caltoris tulsi	Purple Swift	
Calybites phasianipennella	Little slender|Little Slender	
Calycopis cecrops	Red-Banded Hairstreak	
Calycopis isobeon	Dusky-Blue Groundstreak	
Calyptra	Vampire Moths And Allies	
Calyptra canadensis	Canadian Owlet|Canadian Owlet Moth	
Cameraria aceriella	Maple Leafblotch Miner	
Cameraria caryaefoliella	Pecan Leafminer Moth	
Cameraria corylisella	Hazel Blotchminer	
Cameraria guttifinitella	Poison Ivy Leaf-Miner Moth|Poison Ivy Leafminer	
Cameraria hamameliella	Witchhazel Leafminer	
Cameraria ohridella	Horse chestnut leaf miner|Horse-chestnut leaf-miner|Horse-Chestnut Leaf-miner	Mineuse du marronnier
Cameraria ostryarella	Hophornbeam Blotchminer	
Cameraria saccharella	Sugar Maple Blotchminer	
Cameraria ulmella	Elm Leafminer	
Campaea honoraria		phalène honorée
Campaea margaritaria	Light Emerald	Le Céladon
Campaea perlata	Fringed Looper|Light Emerald|Pale Beauty|Pale Beauty Moth	
Camptogramma bilineata	yellow shell|Yellow Shell	brocatelle dor|La Brocatelle d'or
Camptopleura auxo	Auxo Bent-Skipper	
Camptopleura impressus	Impressive Bent-Skipper	
Candalides heathi	Rayed Blue	
Canephora hirsuta	Hairy Sweep	
Capila lidderdali	Ringed Dawnfly	
Capila phanaeus	Fulvous Dawnfly	
Capila zennara	Pale Striped Dawnfly	
Capis curvata	Curved Halter Moth	
Capperia britanniodactylus	Wood-sage Plume|Wood Sage Plume	
Caprona alida	Spotted Angle	
Caprona pillaana	Ragged Skipper	
Caprona ransonnettii	Golden Angle	
Caprona ransonnettii potiphera	Dakhan Golden Angle	
Capua vulgana	Common Twist	
Capys alpheus	Orange-banded Protea Butterfly|Protea Scarlet|Orange-Banded Protea Butterfly	
Capys disjunctus	Russet Protea	
Capys penningtoni	Drakensberg Protea|Pennington's Protea|Underberg Protea	
Caradrina clavipalpis	Pale mottled willow moth|Pale Mottled Willow	La Noctuelle cubiculaire
Caradrina flavirena	Lorimer's Rustic	Caradrine trouée
Caradrina gilva		La Caradrine cendrée
Caradrina kadenii	Clancy's Rustic	La Caradrine rouillée
Caradrina meralis	Sand Quaker	
Caradrina morpheus	mottled rustic|Mottled rustic moth|Mottled Rustic	noctuelle des haies|La Noctuelle des Haies
Caradrina multifera	Speckled Rustic	
Caradrina selini		La Caradrine du Sélin
Carcharodus alceae	mallow skipper|Mallow Skipper	grisette|Grisette|Hespérie de l'alcée|la Grisette|Hespérie de l´alcée
Carcharodus baeticus	Southern Marbled Skipper|Eastern Marbled Skipper	l'Hespérie de la ballote|Hespérie de la ballote
Carcharodus floccifera	Tufted Marbled Skipper	l'Hespérie du marrube|Hespérie de la marrube|Hespérie de l´agripaume
Carcharodus lavatherae	Marbled Skipper	l'Hesperie de l'épiaire|Hespérie des épiaires
Carcharodus stauderi	False Marbled Skipper	
Carcina quercana	Moth|Long-horned Flat-body|Oak Long-horn	
Caripeta aequaliaria	Red Girdle Moth|Western Conifer Looper	
Caripeta angustiorata	Brown Pine Looper|Brown Pine Looper Moth	
Caripeta aretaria	Southern Pine Looper Moth	
Caripeta divisata	Gray Spruce Looper|Gray Spruce Looper Moth	
Caripeta piniata	Northern Pine Looper Moth	
Carmenta pyralidiformis	Boneset Borer Moth	
Carpatolechia alburnella	Suffused Groundling	
Carpatolechia decorella	Winter Oak Groundling	
Carpatolechia fugitivella	Elm Groundling	
Carpatolechia notatella	Sallow-leaf Groundling	
Carpatolechia proximella	Black-speckled Groundling	
Carposina fernaldana	Currant Fruitworm Moth	
Carposina ottawana	American Peach Fruit Moth	
Carposina sasakii	Peach fruit moth	
Carposinidae	Fruitworm Moths	
Carrhenes canescens	Hoary Skipper	
Carrhenes fuscescens	Tanned Hoary-Skipper	
Carrhenes fuscescens fuscescens	Tanned Hoary Skipper	
Carsia sororiata	Manchester Treble-Bar|Manchester Treble-bar	
Carsia sororiata anglica	Manchester Treble-Bar|Manchester Treble-bar	
Carterocephalus avanti avanti	Orange-Spotted Mountain-Hopper	
Carterocephalus mandan	Arctic Skipperling	
Carterocephalus palaemon	Arctic Skipper|Arctic Skipperling|Checkered Skipper|Chequered Skipper|Chequered Skipper Butterfly|chequered skipper|Checkered skipper	hespérie échiquier|Echiquier|Hespérie échiquier|l'Échiquier
Carterocephalus palaemon mandan	Mandan Arctic Skipper	
Carterocephalus silvicola	Northern Chequered Skipper	
Caryocolum alsinella	Narrow Groundling	
Caryocolum blandella	Short-barred Groundling	
Caryocolum blandelloides	Black Isle Groundling	
Caryocolum blandulella	Southern Groundling	
Caryocolum fraternella	Mouse-ear Groundling	
Caryocolum huebneri	Hedge Groundling	
Caryocolum junctella	Confluent Groundling	
Caryocolum kroesmanniella	Scarce Groundling	
Caryocolum marmorea	Beautiful Groundling	
Caryocolum proxima	Meadow Groundling	
Caryocolum tricolorella	Three-colour Groundling	
Caryocolum vicinella	Coast Groundling	
Caryocolum viscariella	Campion Groundling	
Carystoides lila	Lila Ruby-Eye	
Cassionympha camdeboo	Camdeboo Brown	
Cassionympha cassius	Rainforest Brown	
Cassionympha perissinottoi	Coastal Brown	
Castalius rosimon	Common Pierrot	
Castilia chinantlensis	Chinantlan Crescent	
Castilia eranites	Smudged Crescent	
Castilia griseobasalis	Gray-Based Crescent	
Castilia myia	Mayan Crescent	
Castilia ofella	White-Dotted Crescent	
Catabena lineolata	Fine-Lined Sallow|Fine-Lined Sallow Moth	
Cataclysme riguata		veinée|La Veinée
Cataclysta lemnata	Small China-mark moth|Small China-Mark|Small China-mark	
Catacroptera cloanthe	Pirate	
Catacroptera cloanthe cloanthe	Pirate	
Catagramma pygas	Godart'S Numberwing	
Catagramma pyracmon	Google-Eyed Eighty-Eight	
Catagramma tolima	Blue-And-Orange Eighty-Eight	
Catapaecilma major callone	Sahyadri Common Tinsel	
Catapaecilma major major	Himalayan Common Tinsel	
Catarhoe cuculata	royal mantle|Royal Mantle	cidarie sinuée|L'Eubolie sinuée
Catarhoe rubidata	ruddy carpet|Ruddy Carpet	eubolie roussâtre|L'Eubolie roussâtre
Catastega aceriella	Maple Trumpet Skeletonizer Moth	
Catastega timidella	Oak Trumpet Skeletonizer Moth	
Catasticta flisa	Narrow-Banded Dartwhite	
Catasticta nimbice	Mexican Dartwhite	
Catasticta sisamnus	Sisamnus Dartwhite	
Catasticta teutila	Pure-Banded Dartwhite	
Catasticta theresa	Small Dartwhite	
Catephia alchymista	alchymist|Alchymist	alchimiste|L'Alchimiste
Catoblepia xanthicles	Xanthicles Owl-Butterfly	
Catocala	Underwing Moths	
Catocala abbreviatella	Abbreviated Underwing	
Catocala alabamae	Alabama Underwing	
Catocala amatrix	Sweetheart Underwing|Sweetheart Underwing Moth	
Catocala amestris	The Leadplant Underwing Moth|Three-staff Underwing	
Catocala amica	Girlfriend Underwing|Girlfriend Underwing Moth	
Catocala antinympha	Sweetfern Underwing|Sweetfern Underwing Moth	
Catocala badia	Bay Underwing	
Catocala badia coelebs	The Old Maid Underwing	
Catocala blandula	Charming Underwing|Charming Underwing Moth	
Catocala briseis	Briseis Underwing|Briseis Underwing Moth	
Catocala cara	Darling Underwing|Darling Underwing Moth	
Catocala cerogama	Yellow Banded Underwing|Yellow-Banded Underwing|Yellow-Banded Underwing Moth	
Catocala coccinata	Scarlet Underwing|Scarlet Underwing Moth	
Catocala concumbens	Pink Underwing|Pink Underwing Moth	
Catocala coniuncta	Minsmere Crimson Underwing	
Catocala connubialis	Connubial Underwing|Connubial Underwing Moth	
Catocala crataegi	Hawthorn Underwing Moth	
Catocala dejecta	Dejected Underwing	
Catocala dulciola	Quiet Underwing|Sweet Underwing	
Catocala elocata	french red underwing|French Red Underwing	déplacée
Catocala epione	Epione Underwing|Epione Underwing Moth	
Catocala flebilis	Mournful Underwing	
Catocala fraxini	clifden nonpareil|Clifden Nonpareil	lichénée bleue|La Lichénée bleue
Catocala fulminea	Yellow Bands Underwing	La Lichénée jaune
Catocala gracilis	Graceful Underwing|Graceful Underwing Moth	
Catocala grynea	Woody Underwing|Woody Underwing Moth	
Catocala habilis	Habilis Underwing|Habilis Underwing Moth	
Catocala herodias	Pine Barrens Underwing	
Catocala herodias gerhardi	Gerhard'S Underwing|Herodias Underwing|Gerhard's Underwing	
Catocala ilia	Ilia Underwing|Ilia Underwing Moth	
Catocala illecta	Magdalen Underwing	
Catocala innubens	Betrothed Underwing|Betrothed Underwing Moth	
Catocala insolabilis	Inconsolable Underwing	
Catocala jair	Jair Underwing	
Catocala judith	Judith'S Underwing|Judith'S Underwing Moth	
Catocala lacrymosa	Tearful Underwing	
Catocala lineella	Little Lined Underwing|Little Lined Underwing Moth	
Catocala maestosa	Sad Underwing	
Catocala marmorata	Marbled Underwing	
Catocala meskei	Meske'S Underwing Moth	
Catocala micronympha	Little Nymph Underwing	
Catocala minuta	Little Underwing	
Catocala mira	Wonderful Underwing|Wonderful Underwing Moth	
Catocala miranda	Miranda Underwing	
Catocala muliercula	The Little Wife Underwing	
Catocala nebulosa	Clouded Underwing|Clouded Underwing Moth	
Catocala neogama	Bride Underwing|Bride Underwing Moth	
Catocala nupta	red underwing|Red Underwing	mariée|La Mariée
Catocala nymphagoga	oak yellow underwing|Oak Yellow Underwing	nymphagogue|La Nymphagogue
Catocala obscura	Obscure Underwing Moth	
Catocala palaeogama	Oldwife Underwing|Oldwife Underwing Moth	
Catocala parta	Mother Underwing|Mother Underwing Moth	
Catocala piatrix	The Penitent Underwing|Penitent Underwing	
Catocala praeclara	Praeclara Underwing|Praeclara Underwing Moth	
Catocala pretiosa pretiosa	Precious Underwing	
Catocala promissa	light crimson underwing|Light Crimson Underwing	promise|La Promise
Catocala relicta	White Underwing|White Underwing Moth	
Catocala residua	Residua Underwing|Residua Underwing Moth	
Catocala retecta	Yellow-Gray Underwing|Yellow-Gray Underwing Moth	
Catocala robinsoni	Robinson's Underwing	
Catocala semirelicta	Semirelict Underwing Moth	
Catocala semirelicta semirelicta	Semirelict Underwing Moth	
Catocala serena	Serene Underwing|Serene Underwing Moth	
Catocala similis	Similar Underwing	
Catocala sordida	Sordid Underwing	
Catocala sponsa	dark crimson underwing|Dark Crimson Underwing	fiancée|La Fiancée
Catocala subnata	Youthful Underwing|Youthful Underwing Moth	
Catocala ultronia	Ultronia Underwing|Ultronia Underwing Moth	
Catocala umbrosa	Umber Underwing	
Catocala unijuga	Once-Married Underwing|Once-Married Underwing Moth|Oncemarried Underwing	
Catocala vidua	The Widow	
Catocala whitneyi	Whitney's Underwing	
Catochrysops amasea	Cobalt Pea-Blue	
Catochrysops strabo strabo	Oriental Forget-Me-Not	
Catonephele	Catones	
Catonephele acontius	Unspotted Firewing	
Catonephele mexicana	Guatemalan Catone	
Catonephele numilia	Blue-Frosted Banner	
Catonephele orites	Orange-Banded Shoemaker	
Catopsilia florella	African Migrant|African Emigrant|African migrant	Africain jaune
Catopsilia gorgophone	Yellow Migrant	
Catopsilia pomona	Common Emigrant|Lemon Emigrant|Lemon Migrant	
Catopsilia pyranthe	Mottled Emigrant	
Catopsilia pyranthe pyranthe	Mottled Emigrant	
Catopsilia scylla	Orange Emigrant|Yellow Migrant	
Catopsilia scylla cornelia	Orange Emigrant	
Catopsilia thauruma	Madagascar Migrant	
Catoptria falsella	Chequered Grass-veneer	
Catoptria furcatellus	Northern Grass-veneer	
Catoptria latiradiellus	Two-Banded Catoptria Moth	
Catoptria margaritellus	Pearl-Band Grass Veneer|Silver-stripe Grass-veneer	
Catoptria osthelderi	False Scotch Grass-veneer	
Catoptria permutatellus	Scotch Grass-veneer	
Catoptria pinella	Pearl Grass-veneer	Crambus des pinèdes
Catoptria speculalis	Narrow-barred Grass-veneer	
Catoptria verellus	Marbled Grass-veneer	Le Crambus enfumé
Catopyrops florinda	Speckled Line-Blue	
Catuna angustatum	Large Pathfinder	
Catuna crithea	Common Pathfinder	
Catuna oberthueri	Oberthür’s Pathfinder|Oberthür’S Pathfinder	
Cauchas fibulella	Little Long-horn	
Cauchas rufimitrella	Meadow Long-horn	
Caudellia apyrella	Crescent-Winged Caudellia Moth	
Cautethia grotei	Grote's Sphinx	
Cedestis gysseleniella	Gold Pine Ermel	
Cedestis subfasciella	Brown Pine Ermel	
Celaena haworthii	haworths minor|Haworth's Minor	La Noctuelle de la Linaigrette
Celaenorrhinus	Flats	
Celaenorrhinus aurivittata	Dark Yellow-Banded Flat	
Celaenorrhinus dhanada	Yellow-Banded Flat	
Celaenorrhinus eligius	Eligius Flat	
Celaenorrhinus fritzgaertneri	Fritzgaertner'S Flat	
Celaenorrhinus humbloti	Humblot’S Sprite	
Celaenorrhinus inaequalis	Unequal Banded Flat	
Celaenorrhinus larseni	Larsen’S Sprite	
Celaenorrhinus macrostictus	Holland’S Sprite	
Celaenorrhinus monartus	Dotted Flat	
Celaenorrhinus munda	Himalayan Spotted Flat	
Celaenorrhinus nigricans	Small Banded Flat	
Celaenorrhinus patula	Flash Spotted Flat	
Celaenorrhinus pero	Mussoorie Pied Flat	
Celaenorrhinus plagifera	Large-Spotted Flat	
Celaenorrhinus pulomaya	Multi-Spotted Flat	
Celaenorrhinus putra	Restricted Spotted Flat	
Celaenorrhinus pyrrha	Double-Spotted Flat	
Celaenorrhinus ratna	Ratna Flat	
Celaenorrhinus spilothyrus	Sri Lanka Black Flat	
Celaenorrhinus stallingsi	Stallings'S Flat	
Celastrina	Holarctic Azures	
Celastrina argiolus	holly blue|Holly Blue|Holly Blue Butterfly|Spring Azure	azuré des nerpruns|Azuré des nerpruns|l'Argus à bande noire|Petit bleu des haies
Celastrina argiolus britanna	Holly Blue	
Celastrina gigas	Silvery Hedge Blue	
Celastrina idella	Holly Azure	
Celastrina ladon	Spring Azure	
Celastrina lavendularis	Plain Hedge Blue	
Celastrina lucia	Lucia Azure|Northern Azure	
Celastrina neglectamajor	Appalachian Azure	
Celastrina nigra	Dusky Azure	
Celastrina serotina	Cherry Gall Azure	
Celiptera frustulum	Black Bit Moth	
Celotes limpia	Scarce Streaky-Skipper	
Celotes nessus	Common Streaky-Skipper	
Celypha aurofasciana	Moss Marble	
Celypha cespitana	Celypha Moth|Thyme Marble	
Celypha rufana	Lakes Marble	
Celypha rurestrana	Hawkweed Marble	
Celypha striana	Barred Marble	
Celypha woodiana	Mistletoe Marble	
Cenopis diluticostana	Spring Dead-Leaf Roller Moth	
Cenopis directana	Chokecherry Leafroller Moth	
Cenopis pettitana	Maple-Basswood Leafroller Moth	
Cenopis reticulatana	Reticulated Fruitworm Moth	
Cepheuptychia glaucina	Dirty-Blue Satyr	
Cephimallota crassiflavella	Simple Clothes	
Cephitinea colongella	Eastern Clothes	
Cephrenes moseleyi	Melanesian Palm-Dart	
Cepora nadina	Lesser Gull	
Cepora nerissa	Common Gull	
Cepphis advenaria	little thorn|Little Thorn	épione étrangère|L'Epione étrangère
Cepphis armataria	Scallop Moth	
Cepphis decoloraria	Dark Scallop Moth	
Ceramica pisi	Broom Moth	La Noctuelle des Pois, la Pisivore
Cerapteryx graminis	antler moth|Cutworm moth|Antler Moth|Antler	noctuelle du gramen|La Noctuelle du gramen
Cerastis fishii	Fish'S Dart	
Cerastis leucographa	white-marked|White-marked|White-Marked	noctuelle leucographe|La Noctuelle leucographe
Cerastis rubricosa	red chestnut|Red Chestnut	noctuelle rubiconde|La Noctuelle rubiconde
Cerastis salicarum	Willow Dart|Willow Dart Moth	
Cerastis tenebrifera	Reddish Speckled Dart|Reddish Speckled Dart Moth	
Ceratomia catalpae	Catalpa Hornworm	
Ceratomia hageni	Hagen's Sphinx	
Ceratomia undulosa	Waved Sphinx|Waved Sphinx Moth	
Ceratophaga haidarabadi	Indian Clothes	
Ceratophaga orientalis	Oriental Clothes	
Ceratrichia brunnea	Brown Forest Sylph	
Ceratrichia mabirensis	Mabira Forest Sylph	
Ceratrichia nothus	White-Winged Forest Sylph	
Ceratrichia phocion	Common Forest Sylph	
Ceratrichia wollastoni	Wollaston’S Forest Sylph	
Cerautola legeri	St. Leger’s Epitola	
Cercyonis	Wood-Nymphs	
Cercyonis meadi	Mead'S Wood-Nymph	
Cercyonis oetus	Small Wood-Nymph	
Cercyonis oetus alkalorum	Big Smoky Wood Nymph	
Cercyonis pegala	Common Wood Nymph|Common Wood-Nymph|Common Wood-nymph	
Cercyonis pegala boopis	Ox-Eyed Satyr	
Cercyonis pegala carsonensis	Carson Valley Wood Nymph	
Cercyonis pegala nephele	Clouded Wood Nymph|Dull-Eyed Grayling|Northern Clouded Wood-nymph	
Cercyonis pegala pegala	Common Wood Nymph|Eastern Common Wood-nymph	
Cercyonis pegala utahensis	Utah Wood-Nymph	
Cercyonis pegala walkerensis	Walker River Wood-Nymph	
Cercyonis sthenele	Great Basin Wood-Nymph	
Cercyonis sthenele behrii	Behr'S Great Basin Wood Nymph	
Cerma cerintha	Tufted Bird-Dropping Moth	
Cerma cora	Bird Dropping Moth|Cora Moth|Owl-Eyed Bird Dropping Moth|Owl-Eyed Bird-Dropping Moth	
Cerura erminea	Lesser Puss Moth|Feline	L'Hermine
Cerura scitiscripta	Black-Etched Prominent	
Cerura vinula	Puss Moth	La Grande Queue-Fourchue
Cethosia biblis tisamena	Himalayan Red Lacewing	
Cethosia cyane	Leopard Lacewing Butterfly	
Cethosia cyane cyane	Bengal Leopard Lacewing	
Cethosia cydippe	Eastern Red Lacewing Butterfly	
Cethosia hypsea	Malayan Lacewing Butterfly	
Cethosia luzonica	Luzon Lacewing	
Cethosia myrina	Violet Lacewing	
Cethosia nietneri	Tamil Lacewing Butterfly	
Chaetaglaea sericea	Silky Sallow	
Chaetaglaea tremula	Barrens Chaetaglaea	
Chaetocneme beata	Eastern Dusk-Flat	
Chaetocneme porphyropis	Purple Dusk-Flat	
Chalcoela iphitalis	Sooty-Winged Chalcoela Moth	
Chamaesphecia empiformis		Sésie empiforme
Chamaesphecia nigrifrons		Sésie du Millepertuis
Chamaesphecia tenthrediniformis		Sésie tenthrède
Chamunda chamunda	Crescent Spotted Flat	
Charadra deridens	Laugher Moth|Marbled Tuffet	
Charana mandarinus	Mandarin Blue	
Charanyca trigrammica	treble lines|Treble Lines	évidente|La Noctuelle trilignée
Charaxes achaemenes	Bushveld Charaxes	
Charaxes achaemenes achaemenes	Bushveld Charaxes	
Charaxes acuminatus	Pointed Pearl Charaxes	
Charaxes alpinus	Montane Charaxes	
Charaxes ameliae	Amelia’S Blue-Spotted Charaxes	
Charaxes angelae	Angela’S Demon Charaxes	
Charaxes baumanni	Little Charaxes	
Charaxes berkeleyi	Berkeley’S Charaxes	
Charaxes bernardus crepax	Tawny Rajah	
Charaxes bernardus hierax	Variable Tawny Rajah	
Charaxes bocqueti	Bocquet’s Demon Charaxes|Bocquet’S Demon Charaxes	
Charaxes bohemani	Large Blue Charaxes	
Charaxes borneensis	White-Banded Rajah	
Charaxes boueti	Bamboo Charaxes	
Charaxes brutus	White-barred Charaxes	
Charaxes brutus brutus	White-Barred Charaxes	
Charaxes candiope	Green-veined Charaxes|Green-Veined Charaxes	
Charaxes castor	Giant Charaxes	
Charaxes castor flavifasciatus	Giant Charaxes	
Charaxes catachrous	Silvery Demon Charaxes	
Charaxes cedreatis	Green Demon Charaxes	
Charaxes cithaeron	Blue-spotted Charaxes|Blue-Spotted Charaxes	
Charaxes cithaeron cithaeron	Blue-spotted Charaxes	
Charaxes cynthia	Western Red Charaxes	
Charaxes doubledayi	Doubleday’S Untailed Charaxes	
Charaxes druceanus	Silver-barred Charaxes|Silver-Barred Charaxes	
Charaxes druceanus druceanus	Silver-barred Charaxes|Silver-Barred Charaxes	
Charaxes druceanus entabeni	Silver Barred Charaxes|Soutpansberg Silver-barred Charaxes|Soutpansberg Silver-Barred Charaxes	
Charaxes druceanus moerens	Drakensberg Silver-barred Charaxes|Drakensberg Silver-Barred Charaxes	
Charaxes etesipe	Savannah Charaxes	
Charaxes ethalion	Satyr Charaxes	
Charaxes ethalion ethalion	Satyr Charaxes	
Charaxes etheocles	Demon Charaxes	
Charaxes eupale	Common Green Charaxes	
Charaxes galawadiwosi	Ethiopian Charaxes	
Charaxes guderiana	Blue-spangled Charaxes|Blue-Spangled Charaxes	
Charaxes guderiana guderiana	Blue-spangled Charaxes|Blue-Spangled Charaxes	
Charaxes hadrianus	Hadrian’S White Charaxes	
Charaxes imperialis	Imperial Blue Charaxes	
Charaxes jahlusa	Pearl-spotted Charaxes|Pearl-Spotted Charaxes	
Charaxes jahlusa argynnides	Zululand Pearl-spotted Charaxes|Zululand Pearl-Spotted Charaxes	
Charaxes jahlusa jahlusa	Pearl-spotted Charaxes|Pearl-Spotted Charaxes	
Charaxes jahlusa rex	Pearl-spotted Charaxes	
Charaxes jasius	Two Tailed Pasha|Two-Tailed Pasha|Two-tailed Pasha	le Pacha à deux queues|Pacha à deux queues
Charaxes karkloof karkloof	Karkloof Charaxes	
Charaxes kheili northcotti	Northcott’S Charaxes	
Charaxes lasti	Silver-Striped Charaxes	
Charaxes latona	Orange Emperor	
Charaxes lucretius	Violet-Washed Charaxes	
Charaxes lycurgus	Laodice Untailed Charaxes	
Charaxes manica	Manica Charaxes	
Charaxes marieps	Marieps Charaxes	
Charaxes marmax	Yellow Rajah	
Charaxes marmax marmax	Sylhet Yellow Rajah	
Charaxes nichetes	Manx Charaxes	
Charaxes nobilis	Noble White Charaxes	
Charaxes pelias	Protea Charaxes	
Charaxes petersi	Peters’ Demon Charaxes	
Charaxes plantroui	Pink-Washed Demon Charaxes	
Charaxes pollux	Black-Bordered Charaxes	
Charaxes porthos	Porthos Untailed Charaxes	
Charaxes protoclea	Flame-bordered Charaxes|Flame-Bordered Emperor	
Charaxes protoclea azota	Flame-bordered Charaxes|Flame-Bordered Charaxes	
Charaxes psaphon	Plain Tawny Rajah	
Charaxes pythodoris	Powder-Blue Charaxes	
Charaxes smaragdalis	Western Blue Charaxes	
Charaxes solon	Black Rajah	
Charaxes subornatus	Ornate Green Charaxes	
Charaxes tiridates	Common Blue Charaxes	
Charaxes vansoni	Van Son's Charaxes|Van Son'S Charaxes	
Charaxes varanes	Common Pearl Charaxes	
Charaxes varanes varanes	Pearl Charaxes	
Charaxes varanes vologeses	Pearl Charaxes	
Charaxes virilis	Blue Demon Charaxes	
Charaxes wakefieldi	Forest Queen	
Charaxes xiphares	Forest-king Charaxes|Forest-King Charaxes	
Charaxes xiphares bavenda	Venda Forest-king Charaxes|Venda Forest-King Charaxes	
Charaxes xiphares draconis	Mpumalanga Forest-king Charaxes|Mpumalanga Forest-King Charaxes	
Charaxes xiphares kenwayi	Magoebaskloof Forest-king Charaxes|Magoebaskloof Forest-King Charaxes	
Charaxes xiphares occidentalis	Western Forest-King Charaxes	
Charaxes xiphares penningtoni	Midlands Forest-king Charaxes	
Charaxes xiphares staudei	Forest-king Emperor, Blouberg|Forest-King Emperor, Blouberg	
Charaxes xiphares xiphares	Forest-king Charaxes|Western Forest Emperor|Forest-King Charaxes	
Charaxes zelica	Zelica Untailed Charaxes	
Charaxes zingha	Shining Red Charaxes	
Charaxes zoolina	Club-tailed Charaxes|Club-Tailed Charaxes	
Chariaspilates formosaria		phalène du populage
Charissa obscurata	annulet|Annulet	gnophos obscur|La Gnophos obscure
Charissa pullata	Limestone Annulet	La Gnophos tannée
Cheritra freja	Common Imperial	
Cheritrella truncipennis	Truncate Imperial	
Chersonesia intermedia	Intermediate Maplet	
Chersonesia rahria	Wavy Maplet	
Chersonesia risa	Common Maplet	
Chersotis cuprea		La Noctuelle cuivreuse
Chersotis margaritacea		La Noctuelle à I entier
Chersotis multangula		La Chersotide de la Mollugine
Chesias legatella	streak|Streak|The Streak	chésias des genêts|La Chésias du Genêt
Chesias rufata	broom-tip|Broom-tip|Broom-Tip	rousse|La Rousse, la Chesias oblique
Chesias rufata rufata	Broom-tip	
Chiasmia aestimaria	Tamarisk Peacock	La Philobie du Tamaris
Chiasmia clathrata	latticed heath|Latticed Heath	géomètre à barreaux|Le Réseau, La Géomètre à barreaux
Chiasmia clathrata clathrata	Latticed Heath	
Chilades eleusis	Sky-Blue Cupid	
Chilades parrhasius	Small Cupid	
Chilasa agestor	Tawny Mime	
Chilasa clytia	Common Mime	
Chilasa epycides	Lesser Mime	
Chilasa paradoxa	Great Mime	
Chilasa slateri	Blue-striped Mime|Blue-Striped Mime	
Chilo phragmitella	Reed Veneer	
Chilo plejadellus	Rice Stalk Borer Moth	
Chilo suppressalis	Asiatic rice borer	
Chilodes maritima	Silky Wainscot	La Nonagrie du Phragmite
Chioides catillus	Blurry-Striped Longtail|Silverbanded Skipper|White-Striped Longtail|White-striped Longtail	
Chioides ixion	Hispaniolan Longtail	
Chioides zilpa	Zilpa Longtail	
Chiomara asychis	White-Patched Skipper|White-Patterned Skipper|White-patterned Skipper|White-patched Skipper	
Chiomara mithrax	Slaty Skipper	
Chionodes discoocellella	Eye-Ringed Chionodes Moth|Eyeringed Chionodes Moth	
Chionodes distinctella	Eastern Groundling	
Chionodes fumatella	Downland Groundling	
Chionodes mediofuscella	Black-Smudged Chionodes Moth	
Chionodes obscurusella	Boxelder Leafworm Moth	
Chloantha hyperici	pale-shouldered cloud|Pale-shouldered Cloud|Pale-shouldered Purple Cloud	noctuelle du millepertuis|La Noctuelle du Millepertuis
Chloridea virescens	Tobacco Budworm|Tobacco Budworm Moth|Tobacco budworm	
Chlorissa cloraria	Southern Grass Emerald	La Chlorée,  Phalène chlorée
Chlorissa viridata	small grass emerald|Small Grass Emerald	herbacée|L'Herbacée, la Phalène verte des Callunes
Chlorochlamys chloroleucaria	Blackberry Looper|Blackberry Looper Moth	
Chloroclysta miata	autumn green carpet|Autumn Green Carpet	phalène fasciée|La Cidarie fasciée
Chloroclysta siterata	red-green carpet|Red-green Carpet|Red-Green Carpet	cidarie à bandes vertes|La Cidarie à bandes vertes
Chloroclystis v-ata	v-pug|V-Pug|V-pug	eupithécie couronnée|L'Eupithécie couronnée
Chloropteryx tepperaria	Angle Winged Emerald Moth	
Chlorosea banksaria	Bank's Emerald Moth	
Chlorostrymon simaethis	Silver-Banded Hairstreak|Silverbanded Hairstreak|Simaethis Hairstreak|St. Christopher'S Hairstreak|St. Christopher's Hairstreak|Silver-banded Hairstreak	
Chlorostrymon telea	Telea Hairstreak	
Chlosyne	Patches And Allies	
Chlosyne acastus	Sagebrush Checkerspot	
Chlosyne acastus neumoegeni	Neumoegen’S Checkerspot	
Chlosyne acastus robusta	Spring Mountains Sagebrush Checkerspot	
Chlosyne acastus sabina	Sabina Checkerspot	
Chlosyne californica	California Patch	
Chlosyne damoetas	Rockslide Checkerspot	
Chlosyne definita	Definite Patch	
Chlosyne ehrenbergii	White-Rayed Patch	
Chlosyne endeis	Banded Checkerspot|Banded Patch	
Chlosyne gabbii	Gabb'S Checkerspot	
Chlosyne gaudialis	Gaudy Checkerspot	
Chlosyne gorgone	Gorgone Checkerspot	
Chlosyne harrisii	Harris' Checkerspot|Harris'S Checkerspot|Harris's Checkerspot	
Chlosyne hippodrome	Simple Patch	
Chlosyne hoffmanni	Hoffmann'S Checkerspot	
Chlosyne janais	Crimson Patch	
Chlosyne lacinia	Bordered Patch	
Chlosyne lacinia crocale	Crocale Bordered Patch	
Chlosyne marina	Red-Spotted Patch	
Chlosyne melanarge	Cream-Banded Checkerspot	
Chlosyne narva	Narva Checkerspot	
Chlosyne nycteis	Silvery Checkerspot	
Chlosyne palla	Northern Checkerspot	
Chlosyne palla calydon	Calydon Checkerspot	
Chlosyne poecile	Poecile Checkerspot	
Chlosyne rosita	Rosita Patch	
Choaspes benjaminii	Indian Awlking	
Choaspes hemixanthus	Orange Red Skirt	
Choaspes xanthopogon	Similar Awlking	
Chondrolepis cynthia	Cynthia’S Snow-Horned Skipper	
Chondrolepis leggei	Legge’S Snow-Horned Skipper	
Chondrolepis niveicornis	Common Snow-Horned Skipper	
Chondrolepis telisignata	Banded Snow-Horned Skipper	
Choranthus haitensis	Haitian Skipper	
Choranthus vitellius	Vitellius Skipper	
Choreutidae	Metalmark Moths	
Choreutis diana	Inverness Twitcher	
Choreutis pariana	Apple Leaf Skeletoniser|Apple Leaf Skeletonizer|Apple Leaf Skeletonizer Moth|Apple-Leaf Skeletonizer|Apple leaf skeletonizer|Apple leaf skeletoniser|Apple-leaf Skeletonizer	
Choristoneura conflictana	Large Aspen Tortrix|Large Aspen Tortrix Moth	
Choristoneura diversana	Forest Tortrix|Forest Twist	
Choristoneura fractivittana	Broken-Banded Leafroller Moth	
Choristoneura fumiferana	Spruce Budworm|Spruce Budworm Moth	
Choristoneura hebenstreitella	Great Twist	
Choristoneura lafauryana	Sweet-gale Twist	
Choristoneura parallela	Parallel-Banded Leafroller Moth	
Choristoneura pinus	Jack Pine Budworm|Jack Pine Budworm Moth	
Choristoneura rosaceana	Oblique-Banded Leafroller Moth	
Chrysanympha formosa	Formosa Looper Moth	
Chrysoclista lathamella	Orange-blotch Cosmet	
Chrysoclista linneela	Lime Cosmet|Linden Bark Borer Moth|Linden Bark-Borer Moth|Momphid Moth|Momphid moth	
Chrysocrambus craterellus	Dusky Grass-veneer	
Chrysocrambus linetella	Orange-bar Grass-veneer	
Chrysodeixis acuta	Tunbridge Wells Gem	
Chrysodeixis chalcites	Golden twin-spot|Golden Twin-spot|Golden Twin-Spot	La Plusie chalcite
Chrysodeixis eriosoma	Green garden looper	
Chrysodeixis includens	Cutworm Moth|Soybean Looper|Soybean Looper Moth|soybean looper|Cutworm moth	
Chrysoesthia drurella	Flame Neb	
Chrysoesthia sexguttella	Moth|Orache Leafminer Moth|Six-Spot Neb|Six-spot Neb	
Chrysoritis azurius	Azure opal|Azure Opal	
Chrysoritis blencathrae	Waaihoek Opal	
Chrysoritis cotrelli	Cotrell's Daisy Copper|Cotrell'S Daisy Copper	
Chrysoritis daphne	Daphne's Opal|Kammanassie Opaal|Kammanassie Opal|Daphne'S Opal	
Chrysoritis oreas	Drakensberg Copper|Drakensberg Daisy Copper	
Chrysoritis pan	Pan Opal	
Chrysoritis phosphor	Scarce Scarlet	
Chrysoritis pyramus	Pyramus Opal	
Chrysoritis rileyi	Glitter Opal|Riley's Opal|Riley'S Opal	
Chrysoritis trimeni	Diamond Opal|Trimen's Opal|Trimen'S Opal	
Chrysoritis turneri	Turner'S Opal	
Chrysoritis violescens	Violescent Opal	
Chrysoritis zonarius	Donkey Daisy Copper	
Chrysoritis zonarius coetzeri	Coetzer'S Daisy Opal	
Chrysoritis zonarius zonarius	Donkey Daisy Opal	
Chrysoteuchia culmella	Garden Grass-Veneer|Garden Grass-veneer|Garden Grass Veneer	
Chrysoteuchia topiarius	Topiary Grass-Veneer|Topiary Grass-Veneer Moth	
Chrysozephyrus birupa	Fawn Hairstreak	
Chytonix palliatricula	Cloaked Marvel|Cloaked Marvel Moth	
Cidaria fulvata	barred yellow|Barred Yellow	cidarie fauve|La Cidarie fauve, l'Associée
Cigaritis acamas	Levantine Leopard	
Cigaritis lohita	Long-Banded Silverline	
Cigaritis mozambica	Mozambique Bar	
Cigaritis syama	Club Silverline	
Cigaritis syama terana	Club Silverline	
Cigaritis vulcanus	Common Silverline	
Cilix glaucata	chinese character|Chinese Character	petite épine|La Petite Epine
Cingilia catenaria	Chain-Dotted Geometer|Chain-Dotted Geometer Moth|Chainspotted Geometer	
Cirrochroa emalea	Malay Yeoman	
Cirrochroa nicobarica	Nicobar Yeoman	
Cirrochroa thais	Tamil Yeoman	
Cirrochroa tyche	Common Yeoman	
Cisseps fulvicollis	Yellow-Collared Scape Moth	
Cisthene kentuckiensis	Kentucky Lichen Moth	
Cisthene packardii	Packard's Lichen Moth	
Cisthene picta	Pictured Lichen Moth	
Cisthene plumbea	Lead Colored Lichen Moth	
Cithaerias pireta	Rusted Clearwing-Satyr	
Cithaerias pyropina	Pink Clearwing	
Citheronia regalis	Hickory Horned Devil|Regal Moth|Regal Walnut Moth|Royal Walnut Moth	
Citheronia sepulcralis	Pine-devil Moth	
Citheronia splendens	Splendid Royal Moth	
Citrinophila similis	Similar Yellow	
Cladara anguilineata	Angle-lined Carpet Moth|Angle-Lined Carpet Moth	
Cladara atroliturata	Scribbler|Scribbler Moth|The Scribbler	
Cladara limitaria	Mottled Gray Carpet|Mottled Gray Carpet Moth	
Clavigesta purdeyi	Pine Leaf-Mining Moth|Pine Leaf-mining Moth	
Clavigesta sylvestrana	Small Pine Shoot	
Clemensia albata	Little White Lichen Moth	
Cleora cinctaria	ringed carpet|Ringed Carpet	boarmie ceinte|La Boarmie ceinte
Cleora cinctaria cinctaria	Ringed Carpet	
Cleora sublunaria	Double-lined Gray|Double-Lined Gray	
Cleorodes lichenaria	brussels lace|Brussels Lace	boarmie de lichens|La Boarmie des Lichens
Clepsis clemensiana	Clemens' Clepsis Moth	
Clepsis consimilana	Privet tortrix|Privet Twist	
Clepsis melaleucanus	American Apple Tortrix|Black-Patched Clepsis Moth	
Clepsis pallidana	Sheep's-bit Conch	
Clepsis peritana	Garden Tortrix|Garden Tortrix Moth|Garden tortrix	
Clepsis persicana	White Triangle Tortrix|White-Triangle Tortrix Moth	
Clepsis rurinana	Pale Twist	
Clepsis senecionana	Obscure Tortrix|Obscure Twist	
Clepsis spectrana	Cyclamen tortrix|Cyclamen Tortrix|Cyclamen Twist	
Clepsis trileucana	White-triangle Tortrix	
Clepsis virescana	Greenish Apple Moth	
Clostera albosigma	Sigmoid Prominent|Sigmoid Prominent Moth	
Clostera anachoreta	Scarce Chocolate-tip|Scarce Chocolate-Tip	L'Anachorète, la Hausse-Queue fourchue
Clostera anastomosis	Poplar Tip Moth	La Hausse-Queue grise
Clostera apicalis	Apical Prominent|Apical Prominent Moth	
Clostera curtula	Chocolate-tip|Chocolate-Tip	La Hausse-Queue blanche, le Courtaud
Clostera inclusa	Angle-Lined Prominent|Poplar Tentmaker|poplar tentmaker	
Clostera pigra	Small Chocolate-tip|Small Chocolate-Tip	La Hausse-Queue brune, la Recluse
Clostera strigosa	Striped Chocolate-Tip Moth	
Clytie illunaris	Trent Double-Stripe|Trent Double-stripe	
Cnaemidophorus rhododactyla	Rose Plume|Rose Plume Moth	
Cnephasia asseclana	Tortricid moth|Flax Tortrix	
Cnephasia communana	May Shade	
Cnephasia conspersana	Coast Shade	
Cnephasia genitalana	Dover Shade	
Cnephasia gueneana	Mediterranean Shade	
Cnephasia incertana	Light Grey Tortrix|Light Grey Shade	
Cnephasia longana	Leaf roller|Long-winged Shade	
Cnephasia pasiuana	Meadow Shade	
Cnephasia stephensiana	Gray Tortrix|Gray Tortrix Moth|Great Grey Shade|Grey Tortrix|Grey tortrix	
Cnodontes penningtoni	Pennington's Buff|Pennington’S Buff	
Cochylidia heydeniana	Blue-fleabane Conch	
Cochylidia implicitana	Chamomile Conch	
Cochylidia rupicola	Hemp-agrimony Conch	
Cochylidia subroseana	Dingy Roseate Conch	
Cochylimorpha alternana	Kentish Conch	
Cochylimorpha straminea	Straw Conch	
Cochylis atricapitana	Tortricid moth	
Cochylis flaviciliana	Gold-fringed Conch	
Cochylis roseana	Rosy Conch	
Cocytius antaeus	Giant Sphinx	
Cocytius duponchel	Duponchel's Sphinx	
Codatractus alcaeus	White-Crescent Longtail	
Codatractus arizonensis	Arizona Skipper	
Codatractus cyledis	Cyledis Mottled-Skipper	
Codatractus hyster	Hyster Skipper	
Codatractus imalena	Bluish Mottled-Skipper	
Codatractus melon	Melon Mottled-Skipper	
Codatractus yucatanus	Yucatan Mottled-Skipper	
Coeliades aeschylus	Senegal Blue Policeman	
Coeliades anchises	One-Pip Policeman	
Coeliades bixana	Dark Blue Policeman	
Coeliades chalybe	Blue Policeman	
Coeliades forestan	Striped Policeman	
Coeliades forestan forestan	Striped Policeman	
Coeliades hanno	Three Pip Policeman	
Coeliades keithloa	Red-tab Policeman|Red-Tab Policeman	
Coeliades libeon	Spotless Policeman	
Coeliades pisistratus	Two-pip Policeman|Two Pip Policeman	
Coeliades rama	Malagasy Policeman	
Coeliades sejuncta	Coast Policeman	
Coelites epiminthia epiminthia	Straight-Banded Cateye	
Coelostathma discopunctana	Batman Moth|The Batman Moth	
Coenobia rufa	small rufous|Small Rufous	nonagrie roussâtre|La Nonagrie rougeâtre
Coenocalpe lapidata	Slender-Striped Rufous|Slender-striped Rufous	
Coenonympha	Ringlets	
Coenonympha arcania	pearly heath|Pearly Heath	céphale|Céphale|le Céphale
Coenonympha arcanioides	Moroccan Pearly Heath	
Coenonympha california	California Ringlet|Common Ringlet	
Coenonympha corinna	Corsican Heath	le Fadet tyrrhénien
Coenonympha dorus	Dusky Heath	Fadet des garrigues|le Fadet des garrigues
Coenonympha fettigii	Moroccan Dusky Heath	
Coenonympha haydeni	Hayden'S Ringlet	
Coenonympha hero	scarce heath|Scarce Heath	mélibée|Mélibée|la Mélibée
Coenonympha inornata	Inornate Ringlet	
Coenonympha leander	Russian Heath	
Coenonympha oedippus	False Ringlet	Fadet des laîches|Fadet des Laîches|l'OEdippe|Œdipe
Coenonympha orientalis	Balkan Heath	
Coenonympha pamphilus	small heath|Small Heath|Small Heath Butterfly	procris|Fadet commun|Procris|le Procris
Coenonympha pamphilus pamphilus	Small Heath	
Coenonympha phryne	Siberian Brown	
Coenonympha saadi	Small Heath	
Coenonympha sunbecca	Sunbecca Heath	
Coenonympha thyrsis	Cretan Small Heath	
Coenonympha tullia	Common Ringlet|Large Heath|Large Heath Butterfly|Ringlet|large heath	fadet des tourbières|Fadet des tourbières|le Fadet des tourbières
Coenonympha tullia ampelos	'Northwest' Common Ringlet	
Coenonympha tullia california	'California' Common Ringlet	
Coenonympha tullia davus	Large Heath	
Coenonympha tullia inornata	'Inornate' Common Ringlet|Inornate Ringlet	
Coenonympha tullia kodiak	Kodiak Ringlet	
Coenonympha tullia nipisiquit	'Salt Marsh' Common Ringlet	
Coenonympha tullia ochracea	'Ochre' Common Ringlet	
Coenonympha tullia yukonensis	Yukon Ringlet	
Coenonympha vaucheri	Vaucher's Heath|Vaucher'S Heath	
Coenophila opacifrons	Blueberry Dart	
Coenophila subrosea	rosy marsh moth|Rosy Marsh Moth	noctuelle de landromède
Coenyra aurantiaca	Pondo Shadefly	
Coenyra hebe	Zulu Shadefly	
Coenyra rufiplaga	Secucuni Shadefly	
Coenyropsis natalii	Natal Brown	
Coenyropsis natalii natalii	Natal Brown	
Cogia hippalus	Acacia Skipper	
Coladenia agni	Conjoin-Spotted Pied Flat	
Coladenia buchananii	Great Pied Flat	
Coladenia hoenei	Large Spot Pied Flat	
Coladenia laxmi	Gray Pied Flat	
Coleophora	Casebearers	
Coleophora adjectella	Southern case-bearer|Southern Case-bearer	
Coleophora adjunctella	Saltern-rush case-bearer|Saltern-rush Case-bearer	
Coleophora adspersella	Dusted case-bearer|Dusted Case-bearer	
Coleophora aestuariella	Buff Blite Case-bearer	
Coleophora ahenella	Buckthorn case-bearer|Buckthorn Case-bearer	
Coleophora albicosta	Gorse case-bearer|Gorse Case-bearer	
Coleophora albidella	White sallow case-bearer|White Sallow Case-bearer	
Coleophora albitarsella	White-legged case-bearer|White-legged Case-bearer	
Coleophora alcyonipennella	Clover case-bearer|Clover Case-bearer	
Coleophora alnifoliae	Brown alder case-bearer|Brown Alder Case-bearer	
Coleophora alticolella	Common rush case-bearer|Common Rush Case-bearer	
Coleophora anatipennella	Pistol case-bearer|Pistol Case-Bearer|Pistol Case-bearer	
Coleophora antennariella	Oxford case-bearer|Oxford Case-bearer	
Coleophora arctostaphyli	Bearberry Case-bearer	
Coleophora argentula	Yarrow case-bearer|Yarrow Case-bearer	
Coleophora artemisicolella	Mugwort case-bearer|Mugwort Case-bearer	
Coleophora asteris	Sea-aster case-bearer|Sea-aster Case-bearer	
Coleophora atriplicis	Saltmarsh case-bearer|Saltmarsh Case-bearer	
Coleophora badiipennella	Moth|Pale elm case-bearer|Pale Elm Case-bearer	
Coleophora betulella	White birch case-bearer|White Birch Case-bearer	
Coleophora binderella	Grey alder case-bearer|Grey Alder Case-bearer	
Coleophora bornicensis	Tansy case-bearer	
Coleophora caespititiella	Buff rush case-bearer|Buff Rush Case-bearer	
Coleophora calycotomella	New broom case-bearer	
Coleophora chalcogrammella	Pointed Case-bearer	
Coleophora clypeiferella	Body-marked case-bearer|Body-marked Case-bearer	
Coleophora colutella	Case-bearer moth	
Coleophora conspicuella	Knapweed case-bearer|Knapweed Case-bearer	
Coleophora conyzae	Spikenard case-bearer|Spikenard Case-bearer	
Coleophora coracipennella	Blackthorn case-bearer|Blackthorn Case-bearer	
Coleophora currucipennella	Scarce wood case-bearer|Scarce Wood Case-bearer	
Coleophora deauratella	Case-Bearer Moth|Red Clover Casebearer Moth|Red-Clover Case-Bearer|Case-bearer moth|Red-clover case-bearer|Red-clover Case-bearer	
Coleophora deviella	Grey blite case-bearer|Grey Blite Case-bearer	
Coleophora discordella	Lotus case-bearer|Lotus Case-bearer	
Coleophora flavipennella	Tipped oak case-bearer|Tipped Oak Case-bearer	
Coleophora follicularis	Agrimony case-bearer|Agrimony Case-bearer	
Coleophora frischella	Small Clover Case-Bearer|White-clover Case-bearer|Small Clover Case-bearer	
Coleophora fuscocuprella	Hazel case-bearer|Hazel Case-bearer	
Coleophora galbulipennella	Kent case-bearer|Kent Case-bearer	
Coleophora gardesanella	Small streaked case-bearer|Small Streaked Case-bearer	
Coleophora genistae	Petty-whin case-bearer|Penny-whin Case-bearer	
Coleophora glaucicolella	Grey rush case-bearer|Grey Rush Case-bearer	
Coleophora glitzella	Rannoch Case-bearer	
Coleophora gryphipennella	Rose case-bearer|Rose Case-bearer	
Coleophora hemerobiella	Black-stigma case-bearer|Black-stigma Case-bearer	
Coleophora hydrolapathella	Water-dock case-bearer|Water-dock Case-bearer	
Coleophora ibipennella	Forest case-bearer|Forest Case-bearer	
Coleophora idaeella	Scotch case-bearer|Scotch Case-bearer	
Coleophora inulae	Fleabane case-bearer|Fleabane Case-bearer	
Coleophora juncicolella	Least case-bearer|Least Case-bearer	
Coleophora klimeschiella	Moth	
Coleophora kuehnella	White oak case-bearer|White Oak Case-bearer	
Coleophora laricella	larch case-bearer|Larch casebearer|Larch case-bearer|Larch Case-Bearer|Larch Case-bearer	
Coleophora lassella	Toad-rush case-bearer|Toad-rush Case-bearer	
Coleophora limosipennella	Moth|Dark elm case-bearer|Dark Elm Case-bearer	
Coleophora lineolea	Woundwort case-bearer|Woundwort Case-bearer	
Coleophora linosyridella	Estuarine Case-bearer	
Coleophora lithargyrinella	Sandy case-bearer|Sandy Case-bearer	
Coleophora lixella	Downland case-bearer|Downland Case-bearer	
Coleophora lusciniaepennella	Osier case-bearer|Osier Case-bearer	
Coleophora lutipennella	Common oak case-bearer|Common Oak Case-bearer	
Coleophora maritimella	Sea-rush case-bearer|Sea-rush Case-bearer	
Coleophora mayrella	Meadow Case-Bearer|Metallic Coleophora Moth|Meadow case-bearer|Meadow Case-bearer	
Coleophora milvipennis	Buff birch case-bearer|Buff Birch Case-bearer	
Coleophora niveicostella	Drab case-bearer|Drab Case-bearer	
Coleophora ochrea	Large buff case-bearer|Large Buff Case-bearer	
Coleophora orbitella	Pale birch case-bearer|Pale Birch Case-bearer	
Coleophora pappiferella	Burren Case-bearer	
Coleophora paripennella	Dark thistle case-bearer|Dark Thistle Case-bearer	
Coleophora parthenica	Moth	
Coleophora pennella	Bugloss case-bearer|Bugloss Case-bearer	
Coleophora peribenanderi	Pale thistle case-bearer|Pale Thistle Case-bearer	
Coleophora potentillae	Shaded case-bearer|Shaded Case-bearer	
Coleophora prunifoliae	New sloe case-bearer|New Sloe Case-bearer	
Coleophora pyrrhulipennella	Ling case-bearer|Ling Case-bearer	
Coleophora ramosella	Daisy case-bearer|Daisy Case-bearer	
Coleophora salicorniae	Glasswort case-bearer|Glasswort Case-bearer	
Coleophora salinella	Sea-purslane case-bearer|Sea-purslane Case-bearer	
Coleophora saturatella	Broom Case-bearer	
Coleophora saxicolella	Orache case-bearer|Orache Case-bearer	
Coleophora serpylletorum	Cliff Case-bearer	
Coleophora serratella	Birch casebearer|Common case-bearer|Common Case-bearer	Porte case fusele du pommier
Coleophora siccifolia	Grey birch case-bearer|Grey Birch Case-bearer	
Coleophora spinella	Apple & plum case-bearer|Apple & Plum Case-Bearer|Apple and Plum Case-bearer|Apple & Plum Case-bearer	
Coleophora squamosella	Surrey Case-bearer	
Coleophora sternipennella	Speckled case-bearer|Speckled Case-bearer	
Coleophora striatipennella	Hedge case-bearer|Hedge Case-bearer	
Coleophora sylvaticella	Hereford case-bearer|Hereford Case-bearer	
Coleophora taeniipennella	Small rush case-bearer|Small Rush Case-bearer	
Coleophora tamesis	Jointed-rush case-bearer|Jointed-rush Case-bearer	
Coleophora therinella	Black-bindweed case-bearer|Black-bindweed Case-bearer	
Coleophora tricolor	Basil thyme case-bearer|Basil-thyme Case-bearer	
Coleophora trifolii	Large Clover Case-Bearer|Large Clover Casebearer|Large Clover Casebearer Moth|Large Green Case-Bearer|Large clover casebearer|Large Green Case-bearer|Large Clover Case-bearer	
Coleophora trigeminella	Scarce Thorn case-bearer|Scarce Thorn Case-bearer	
Coleophora trochilella	Verge case-bearer|Verge Case-bearer	
Coleophora ulmifoliella	Elm casebearer moth	
Coleophora versurella	Pale orache case-bearer|Pale Orache Case-bearer	
Coleophora vestianella	Eastern case-bearer|Eastern Case-bearer	
Coleophora vibicella	Large gold case-bearer|Large Gold Case-bearer	
Coleophora vibicigerella	Essex Case-bearer	
Coleophora violacea	Violet case-bearer|Violet Case-bearer	
Coleophora vitisella	Northern case-bearer|Northern Case-bearer	
Coleophora vulnerariae	Lost case-bearer|Lost Case-bearer	
Coleophora wockeella	Betony case-bearer|Betony Case-bearer	
Coleophoridae	Casebearer Moths|Casebearers|Casebearing Moths	
Coleotechnites atrupictella	Spruce Micromoth	
Coleotechnites piceaella	Spruce Groundling	
Colias	Clouded Yellows	
Colias alexandra	Alexandra Sulphur|Queen Alexandra's Sulphur|Ultraviolet Sulfur|Queen Alexandra'S Sulphur	
Colias alexandra edwardsii	Edwards' Sulphur	
Colias alfacariensis	Berger's Clouded Yellow|bergers clouded yellow|Berger´s Clouded Yellow	jumeau|Fluoré|le Fluoré
Colias aurorina	Dawn Clouded Yellow|Greek Clouded Yellow	
Colias behrii	Behr's Sulphur|Sierra Green Sulfur|Behr'S Sulphur|Sierra Sulphur	
Colias boothi	Arctic Green Sulfur|Booth's Sulphur|Booth'S Sulphur	
Colias canadensis	Canadian Sulphur	
Colias caucasica	Balkan Clouded Yellow	
Colias christina	Christina Sulphur|Christina'S Sulphur	
Colias christina christina	Christina Sulphur Spp. Christina	
Colias christina kluanensis	Kluane Sulphur	
Colias chrysotheme	Lesser Clouded Yellow|lesser clouded yellow	orangé
Colias croceus	Clouded Yellow|clouded yellow|Clouded Yellow Butterfly	Le Souci|souci|Souci|le Souci
Colias dimera	Dimera Sulphur	
Colias electo	African Clouded Yellow|Lucerne Butterfly	
Colias electo electo	African Clouded Yellow|Southern African Clouded Yellow	
Colias eogene	Fiery Clouded Yellow	
Colias erate	Eastern Pale Clouded Yellow	
Colias eurytheme	Alfalfa Butterfly|Alfalfa Caterpillar|Orange Sulfur|Orange Sulphur	
Colias fieldii	Dark Clouded Yellow	
Colias gigantea	Giant Sulphur|Great Northern Sulphur	
Colias gigantea harroweri	Southern Giant Sulphur	
Colias harfordii	Harford'S Sulphur	
Colias hecla	Greenland Sulphur|Hecla Orange|Northern Clouded Yellow|Arctic Orange|Arctic Sulphur|Hecla Sulphur	
Colias hecla hecla	Hecla Sulphur	
Colias hecla hela	Hela Sulphur	
Colias hyale	Pale Clouded Yellow|pale cloudedyyellow	Le Soufre|soufré|Soufré|le Soufré
Colias interior	Pink-edged Sulphur|Pelidne Sulphur|Pink Edged Sulphur|Pink-Edged Sulphur|Pinkedged Sulphur	
Colias johanseni	Coppermine Sulphur	
Colias ladakensis	Ladakh Clouded Yellow	
Colias lesbia	Lesbia Clouded Yellow	
Colias meadii	Mead's Sulphur|Mead'S Sulphur	
Colias myrmidone	Danube Clouded Yellow	
Colias nastes	Labrador Sulphur|Nastes Sulphur|Pale Arctic Clouded Yellow	
Colias nastes moina	Manitoba Arctic Sulphur	
Colias nilagiriensis	Nilgiri Clouded Yellow	
Colias occidentalis	Golden Sulfur|Western Sulphur	
Colias occidentalis chrysomelas	Golden Sulphur	
Colias palaeno	Arctic Sulfur|Moorland Clouded Yellow|Palaeno Sulphur|moorland clouded yellow	solitaire|Solitaire|le Solitaire
Colias palaeno chippewa	Chippewa Sulphur	
Colias pelidne	Blueberry Sulphur|Pelidne Sulphur	
Colias phicomone	Mountain Clouded Yellow	Candide|le Candide
Colias philodice	Clouded Sulphur|Common Or Clouded Sulphur|Common Sulphur|Common or Clouded Sulphur	
Colias philodice guatemalena	Guatemalan Clouded Sulphur	
Colias scudderi	Willow Sulphur|Scudder'S Sulphur	
Colias skinneri	Skinner'S Pelidne Sulphur	
Colias stoliczkana	Orange Clouded Yellow	
Colias thula	Thula Sulphur	
Colias tyche	Pale Arctic Clouded Yellow|Arctic Green Sulfur	
Colias tyche boothii	Booth'S Sulphur	
Colias tyche thula	Thula Sulphur	
Colobochyla interpuncta	Yellow-Lined Owlet|Yellow-Lined Owlet Moth	
Colobochyla salicalis	lesser belle|Lesser Belle	madope du saule|La Madope du Saule
Colobura annulata	New Beauty	
Colobura dirce	Dirce Beauty	
Colocasia	Elephant Ears|Yellowhorn Moths	
Colocasia coryli	nut-tree tussock|Nut-tree Tussock|Nut-Tree Tussock	noctuelle du coudrier|La Noctuelle du Coudrier
Colocasia flavicornis	Saddled Yellowhorn	
Colocasia propinquilinea	Close-banded Demas|Close-Banded Demas|Close-Banded Yellowhorn Moth	
Coloradia doris	Doris' Pinemoth	
Coloradia luski	Lusk's Pinemoth	
Coloradia pandora	Pandora Pinemoth	
Coloradia velda	Velda Pinemoth	
Colostygia multistrigaria	mottled grey|Mottled Grey	La Cidarie pointillée
Colostygia olivata	beech-green carpet|Beech-green Carpet|Beech-Green Carpet	phalène olive|La Cidarie olive
Colostygia pectinataria	green carpet|Green Carpet	cidarie verdâtre|La Cidarie verdâtre
Colotis agoye	Speckled Sulfur Tip|Speckled Sulphur Tip	
Colotis amata	Small Salmon Arab|Topaz Arab	
Colotis annae	Scarlet Tip	
Colotis antevippe	Large Orange Tip|Red Tip	
Colotis antevippe gavisa	Southern Red Tip	
Colotis aurigineus	African Golden Arab|Double-banded Orange|Veined Gold	
Colotis aurora	Plain Orange-Tip	
Colotis auxo	Sulphur Orange Tip|Yellow Orange Tip	
Colotis celimene	Lilac Tip|Magenta Tip	
Colotis celimene amina	Eastern Lilac Tip	
Colotis celimene pholoe	Desert Lilac Tip|Namib Lilac Tip	
Colotis chrysonome	Golden Arab	
Colotis daira	Black-marked Orange Tip|Black-Marked Orange Tip	
Colotis danae	Crimson Tip|Scarlet Tip	
Colotis doubledayi	Desert Veined Tip	
Colotis elgonensis	Elgon Crimson Tip	
Colotis eris	Banded Gold Tip|Black-barred Gold Tip|Black-Barred Gold Tip	
Colotis erone	Coast Purple Tip	
Colotis etrida	Little Orange Tip|Little Orange-Tip	
Colotis eucharis	Plain Orange Tip|Sulphur Orange Tip	
Colotis euippe	Round-winged Orange Tip|Round Winged Orange Tip|Smoky Orange Tip|Round-Winged Orange Tip	
Colotis euippe omphale	Smoky Orange Tip|Southern Round-winged Orange Tip|Southern Round-Winged Orange Tip	
Colotis eunoma	Three Spot Crimson Tip	
Colotis evagore	Desert Orange-tip|Small Orange Tip|Tiny Orange Tip|Desert Orange Tip|Desert Orange-Tip	Aurore érémicole
Colotis evenina	African Orange Tip|Common Orange Tip	
Colotis fausta	Large Salmon Arab	
Colotis halimede	Dappled White|Orange Patch White|White and Orange Halimede|Yellow Patch White|White And Orange Halimede	
Colotis hetaera	Coast Purple Tip|Crimson Tip	
Colotis hildebrandti	Golden Tip	
Colotis ione	Bushveld Purple Tip|Purple Tip|Violet Tip	
Colotis lais	Kalahari Orange Tip	
Colotis pallene	Bushveld Orange Tip	
Colotis phisadia	Blue Spotted Arab|Variable Colotis	
Colotis pleione	Orange Patch White	
Colotis protomedia	Yellow Splendour	
Colotis regina	Queen Purple Tip|Large Violet Tip|Regal Purple Tip	
Colotis rogersi	Roger's Orange Tip|Roger'S Orange Tip	
Colotis subfasciatus	Lemon Traveller Tip	
Colotis venosa	No Patch White	
Colotis vesta	Veined Golden Arab|Veined Orange|Veined Tip	
Colotis vestalis	White Arab	
Colotois pennaria	feathered thorn|Feathered Thorn	himère-plume|L'Himère-plume, la Phalène emplumée
Comachara cadburyi	Cadbury'S Lichen Moth|Cadbury's Lichen Moth	
Comibaena bajularia	blotched emerald|Blotched Emerald	verdelet|Le Verdelet
Commophila aeneana	Orange Conch	
Condica	Groundlings And Allies	
Condica confederata	The Confederate	
Condica cupentia	Splotched Groundling	
Condica dolorosa	Cutworm	
Condica illecta	Cutworm	
Condica punctifera	Cutworm moth	
Condica sutor	Cobbler Moth	
Condica vecors	Dusky Groundling|Dusky Groundling Moth	
Condica videns	White-Dotted Groundling|White-Dotted Groundling Moth	
Condylolomia participialis	Drab Condylolomia Moth	
Conga chydaea	Hidden-Ray Skipper	
Congethes punctiferalis	Yellow Peach Moth	
Conisania andalusica	Barrett's Marbled Coronet	
Conisania andalusica barrettii	Barrett's Marbled Coronet	
Conistra erythrocephala	red-headed chestnut|Red-headed Chestnut|Red-Headed Chestnut	hyacinthe|L'Orrhodie érythrocéphale, l'Hyacinthe
Conistra ligula	dark chestnut|Dark Chestnut	orrhidie ligulée|L'Orrhodie ligulée
Conistra rubiginea	dotted chestnut|Dotted Chestnut	tigrée|L'Orrhodie tigrée
Conistra rubiginosa	black-spot chestnut|Black-spotted Chestnut	isolée|L'Orrhodie grise
Conistra vaccinii	chestnut|Chestnut	robuste|L'Orrhodie de l'Airelle
Conservula anodonta	Sharp Angle Shades|Sharp Angle Shades Moth	
Consul electra	Pearly Leafwing	
Consul excellens	Black-Veined Leafwing	
Consul fabius	Tiger Leafwing	
Consul panariste	Tricolored Leafwing	
Copablepharon fuscum	Sand-verbena Moth	
Copaeodes aurantiaca	Orange Skipperling	
Copaeodes minima	Southern Skipperling	
Coptotriche angusticolella	Rose Carl	
Coptotriche citrinipennella	The Golden Sweeper	
Coptotriche gaunacella	Grey Carl	
Coptotriche heinemanni	Kent Carl	
Coptotriche marginea	Bordered Carl	
Coranarta cordigera	small dark yellow underwing|Small Dark Yellow Underwing	La Noctuelle cordigère
Coranarta luteola	Small Dark Yellow Underwing	
Corcyra cephalonica	Rice moth|Rice Moth	
Cornutiplusia circumflexa	Yorkshire Y|Essex Y	
Corrachia leucoplaga	Costa Rican Metalmark	
Corticea corticea	Redundant Skipper	
Coryphista meadii	Barberry Geometer|Barberry Geometer Moth	
Coscinia cribraria	Speckled Footman	Le Crible
Coscinia cribraria cribraria	Speckled Footman	
Coscinia striata	Feathered Footman	
Cosmia affinis	lesser-spotted pinion|Lesser-spotted Pinion|Lesser-Spotted Pinion	cosmie baie|La Cosmie Baie
Cosmia calami	American Dun-Bar Moth|American dun-bar Moth	
Cosmia diffinis	white-spotted pinion|White-spotted Pinion|White-Spotted Pinion	nacarat|Le Nacarat
Cosmia pyralina	lunar-spotted pinion|Lunar-spotted Pinion|Lunar-Spotted Pinion	cosmie pyraline|La Cosmie pyraline
Cosmia trapezina	dun-bar|Dun-bar|Dun-Bar	trapèze|Le Trapèze
Cosmopterigidae	Cosmet Moths	
Cosmopterix fernaldella	Fernald'S Cosmopterix Moth	
Cosmopterix lienigiella	Fen Cosmet	
Cosmopterix orichalcea	Marsh Cosmet	
Cosmopterix schmidiella	Vivid Cosmet	
Cosmopterix scribaiella	New Marsh Cosmet	
Cosmopterix zieglerella	Hedge Cosmet	
Cosmorhoe ocellata	purple bar|Purple Bar	lynx|Le Lynx
Cossidae	Carpenter And Leopard Moths|Carpenter Moth|carpenter moth	
Cossus cossus	goat moth|Goat Moth	cossus gâte-bois
Costaconvexa centrostrigaria	Bent-Line Carpet|Bent-Line Carpet Moth|Traveller|Bent-line Carpet	
Costaconvexa polygrammata	many-lined moth|Many-lined|Many-Lined	phalène convexe|La Phalène convexe
Crambidae	Crambid Snout Moths	
Crambidia cephalica	Yellow-headed Lichen Moth	
Crambidia pallida	Pale Lichen Moth	
Crambidia pura	Pure Lichen Moth	
Crambodes talidiformis	Verbena Moth	
Crambus agitatellus	Double-Banded Grass-Veneer|Double-Banded Grass-Veneer Moth	
Crambus albellus	Small White Grass-Veneer|Small White Grass-Veneer Moth	
Crambus bidens	Forked Grass-Veneer	
Crambus ericella	Heath Grass-veneer	
Crambus girardellus	Girard'S Grass-Veneer|Girard'S Grass-Veneer Moth	
Crambus hamella	Dark Grass-veneer	
Crambus laqueatellus	Eastern Grass-Veneer|Eastern Grass-Veneer Moth	
Crambus leachellus	Leach'S Grass-Veneer|Leach'S Grass-Veneer Moth	
Crambus leucoschalis	African Grass-veneer	
Crambus pascuella	Inlaid Grass-Veneer|Inlaid Grass-veneer	
Crambus perlellus	Yellow Satin Veneer|Satin Grass-veneer	
Crambus praefectellus	Common Grass-Veneer|Common Grass-Veneer Moth	
Crambus pratella	Scarce Grass-veneer	
Crambus saltuellus	Pasture Grass-Veneer|Pasture Grass-Veneer Moth	
Crambus silvella	Wood Grass-veneer	
Crambus uliginosellus	Marsh Grass-veneer	
Crambus unistriatellus	Wide-Stripe Grass-Veneer Moth|Wide-Striped Grass-Veneer	
Craniophora ligustri	the coronet|Coronet	troènière|La Troënière
Crasimorpha infuscata	Moth	
Cremastobombycia lantanella	Moth	
Creon cleobis	Broad-Tail Royal	
Creonpyge creon	Creon Skipper	
Cressida cressida	Big Greasy	
Crocallis dardoinaria	Dusky Scalloped Oak	
Crocallis elinguaria	scalloped oak|Scalloped Oak	phalène de la mancienne|La Phalène de la Mancienne, la Crocalle commune
Crocidophora serratissimalis	Saw-Toothed Crocidophora Moth	
Crocidophora tuberculalis	Pale-Winged Crocidiphora Moth|Pale-Winged Crocidophora Moth	
Crocidosema lantana	Lantana flower-cluster moth	
Crocidosema plebejana	Tortricid moth|Southern Bell	
Crocigrapha normani	Norman'S Quaker|Norman'S Quaker Moth	
Crocozona coecias	Orange-Banded Gem	
Croitana aestiva	Desert Sand-Skipper	
Croitana croites	Yellow Sand-Skipper	
Crudaria capensis	Cape Grey	
Crudaria leroma	Silver Spotted Grey	
Crudaria wykehami	Straight Line Grey|Wykeham's Grey|Wykeham's Silver-Spotted Copper|Wykeham'S Grey|Wykeham'S Silver-Spotted Copper	
Cryphia algae	tree-lichen beauty|Tree-lichen Beauty|Tree-Lichen Beauty	bryophile vert-mousse|La Bryophile vert-mousse
Crypsedra gemmea	the cameo|Cameo	La Noctuelle du Vulpin
Crypsithyrodes concolorella	Moth	
Cryptoblabes bistriga	Double-striped Knot-horn	
Cryptoblabes gnidiella	Honeydew moth|Honeydew Moth|Pomegranate Moth	
Cryptocala acadiensis	Catocaline Dart|Catocaline Dart Moth	
Cryptophlebia illepida	Moth	
Cryptophlebia ombrodelta	Litchi fruit moth	
Ctenoplusia accentifera	Accent Gem	
Ctenoplusia albostriata	Moth	
Ctenoplusia limbirena	Scar Bank Gem	
Ctenoplusia oxygramma	Sharp-Stigma Looper Moth	
Ctenoptilum vasava	Tawny Angle	
Ctenucha rubroscapus	Red-Shouldered Ctenucha	
Ctenucha virginica	Virginia Ctenucha Moth	
Cucullia	Hooded Owlets	
Cucullia absinthii	wormwood|Wormwood	cucullie de labsinthe|La Cucullie de l'Absinthe
Cucullia argentea	Green Silver-Spangled Shark|Green Silver-spangled Shark	
Cucullia artemisiae	scarce wormwood|Scarce Wormwood	noctuelle de larmoise|La Cucullie de l'Armoise
Cucullia asteris	star-wort|Star-Wort|Star-wort	cucullie de laster|La Cucullie de l'Aster
Cucullia asteroides	Asteroid Moth	
Cucullia calendulae	Marigold Shark	
Cucullia chamomillae	chamomile shark|Chamomile Shark	cucullie de la camomille|La Cucullie de la Camomille
Cucullia convexipennis	Brown-Hooded Owlet|Brown-Hooded Owlet Moth	
Cucullia florea	Gray Hooded Owlet|Gray-Hooded-Owlet Moth	
Cucullia gnaphalii	Cudweed	La Cucullie de la Perlière
Cucullia gnaphalii gnaphalii	Cudweed	
Cucullia intermedia	Goldenrod Cutworm|Intermediate Cucullia|Intermediate Hooded Owlet|Intermediate Hooded Owlet Moth	
Cucullia lactucae	Lettuce Shark	La Cucullie de la Laitue
Cucullia lucifuga		La Cucullie lucifuge
Cucullia lychnitis	Striped Lychnis	
Cucullia omissa	Omitted Cucullia Moth|Omitted Hooded Owlet Moth	
Cucullia speyeri	Speyer'S Cucullia Moth	
Cucullia umbratica	the shark|Shark moth|Shark	ombrageuse|L'Ombrageuse
Cucullia verbasci	Mullein	
Cunizza hirlanda	Hirlanda White	
Cupha erymanthis	Rustic	
Cupha erymanthis lotis	Rustic	
Cupha erymanthis maja	Sahyadri Rustic	
Cupha prosope	Bordered Rustic	
Cupidesthes salvatoris	Salvatore's Ciliate Blue	
Cupido carswelli	Carswell´S Little Blue|Carswell´s Little Blue	Azuré murcian
Cupido lorquinii	Lorquin’s Blue|Lorquin'S Blue|Lorquin´S Blue|Lorquin’S Blue|Lorquin's Blue|Lorquin´s Blue	Azuré grenadin
Cupido minimus	small blue|Little Blue|Small Blue|Small Blue Butterfly	argus frêle|Argus frêle|l'Argus frêle
Cupidopsis jobates	Tailed Meadow Blue	
Cupidopsis jobates jobates	Tailed Meadow Blue	
Curetis bulis	Bright Sunbeam	
Curetis insularis	Narrow-Banded Sunbeam	
Curetis santana	Malayan Sunbeam	
Curetis santana malayica	Malayan Sunbeam	
Curetis siva	Shiva Sunbeam	
Curetis sperthis	Rounded Sunbeam	
Curetis tagalica	Southern Sunbeam	
Cyaniriodes libna	Emerald	
Cyaniris semiargus	Mazarine Blue	Demi-Argus|Demi-argus
Cyaniris semiargus helena	Greek Mazarine Blue	
Cyanophrys agricolor	Stained Greenstreak	
Cyanophrys miserabilis	Clench'S Greenstreak	
Cybosia mesomella	four-dotted footman|Four-dotted Footman|Four-Dotted Footman	éborine|L'Eborine
Cyclargus ammon	Blue Butterfly|Blue butterfly	
Cyclargus dominica	Jamaican Blue	
Cyclargus erembis	Cayman Islands Blue	
Cyclargus thomasi	Miami Blue	
Cycloglypha enega	Enega Bent-Skipper	
Cycloglypha thrasibulus	Widespread Bent-Skipper	
Cyclophora	Mochas	
Cyclophora albipunctata	birch mocha|Birch Mocha	éphyre suspendue|L'Ephyre suspendue
Cyclophora annularia	mocha|Mocha	phalène mariée|L'Ephyre omicron, la Phalène mariée
Cyclophora azorensis	Geometer Moth	
Cyclophora linearia	clay triple-lines|Clay Triple-lines|Clay Triple-Lines	phalène trilignée|L'Ephyre trilignée
Cyclophora myrtaria	Waxmyrtle Wave Moth	
Cyclophora nanaria	Cankerworm	
Cyclophora packardi	Packard'S Wave|Packard's Wave	
Cyclophora pendularia	dingy mocha|Dingy Mocha	ocellée-lichenée|L'Ephyre orbiculaire, l'Ephyre lichénée
Cyclophora pendulinaria	Sweet Fern Geometer|Sweetfern Geometer|Sweetfern Geometer Moth	
Cyclophora porata	false mocha|False Mocha	phalène ocellée|L'Ephyre trouée, l'Ephyre ocellée
Cyclophora punctaria	maiden’s blush|Maiden's Blush	soutenue|L'Ephyre ponctuée, la Soutenue
Cyclophora puppillaria	blairs mocha|Blair's Mocha	éphyre pupillée|L'Ephyre pupillée
Cyclophora quercimontaria		acidalie de bastelberger|L'Ephyre de Bastelberger
Cyclophora ruficiliaria	jersey mocha|Jersey Mocha	trois-cerceaux|L'Ephyre Trois-Cerceaux
Cyclyrius webbianus	Canary Blue|Canary blue	Azuré canaries
Cycnia inopinatus	Unexpected Cycnia	
Cycnia oregonensis	Oregon Cycnia Moth	
Cycnia tenera	Delicate Cycnia Moth	
Cydalima perspectalis	Box tree moth|Box-tree Moth, Boxwood Moth|Boxworm|Box Tree Moth	
Cydia	Piercers	
Cydia amplana	Vagrant Piercer	
Cydia caryana	Hickory Shuckworm Moth	
Cydia cognatana	Highland Piercer	
Cydia conicolana	Pine-cone Piercer	
Cydia coniferana	Pine-bark piercer moth|Pine-bark Piercer	
Cydia corollana	Aspen-shoot Piercer	
Cydia cosmophorana	Scarce Pine Piercer	
Cydia fagiglandana	Large Beech Piercer	
Cydia illutana	Larch Piercer	
Cydia indivisa	Spruce-bark Piercer	
Cydia injectiva	American Cone-piercer	
Cydia inquinatana	Scarce Maple Piercer	
Cydia interscindana	Juniper Piercer	
Cydia latiferreana	Filbertworm Moth	
Cydia leguminana	Eastern Piercer	
Cydia medicaginis	Alfalfa Moth	
Cydia microgrammana	Rest-harrow Piercer	
Cydia millenniana	Breckland Piercer	
Cydia nigricana	Pea Moth|Pea moth	
Cydia pactolana	Spruce bark tortricid|Scarce Spruce Piercer	
Cydia pomonella	Codling Moth|Codling moth	Carpocapse des châtaignes
Cydia servillana	Sallow-shoot Piercer	
Cydia splendana	DE: Kastanienwickler, Eichenwickler ES: Oruga de la castaña FR: Carpocapse des châtaignes IT: Cidia o Tortrice tardiva delle castagne PT: Bichado das castanhas GB: Acorn moth, Chestnut fruit tortrix|Marbled Piercer	
Cydia strobilella	Spruce Seed Moth|Spruce-cone Piercer	
Cydia toreuta	Eastern Pine Seedworm Moth	
Cydia ulicetana	Grey Gorse Piercer	
Cymaenes odilia	Fawn-Spotted Skipper	
Cymaenes tripunctus	Dingy Dotted Skipper|Three-Spotted Skipper|Three-spotted Skipper	
Cymatophora approximaria	Giant Gray Moth	
Cymatophorina diluta	Oak Lutestring	La Cymatophore délayée, la Diluée
Cymatophorina diluta hartwiegi	Oak Lutestring	
Cymolomia hartigiana	Tortrix moth|Plumbeous Spruce Tortrix	
Cymothoe alcimeda	Battling Glider	
Cymothoe alcimeda alcimeda	Battling Glider	
Cymothoe alcimeda marieps	Battling Glider	
Cymothoe alcimeda transvaalica	Battling Glider	
Cymothoe alcimeda trimeni	Battling Glider	
Cymothoe beckeri	Becker'S Creamy Yellow Glider	
Cymothoe caenis	Common Glider	
Cymothoe coccinata	Common Red Glider	
Cymothoe consanguis	Cream Glider	
Cymothoe coranus	Blonde Glider|Coast Glider	
Cymothoe egesta	Common Yellow Glider	
Cymothoe herminia	Herminia Glider	
Cymothoe jodutta	Jodutta Glider	
Cymothoe lurida	Lurid Glider	
Cymothoe ogova	Elegant Red Glider	
Cymothoe sangaris	Blood-Red Glider	
Cymothoe teita	Teita Glider	
Cymothoe weymeri	Weymer’s Glider|Weymer’S Glider	
Cymothoe zenkeri	Zenker’s Glider|Zenker’S Glider	
Cynaeda dentalis	Starry Pearl	
Cyrestis acilia	Godart'S Map Butterfly	
Cyrestis cocles	Marbled Map	
Cyrestis cocles cocles	Thai Marbled Map Butterfly	
Cyrestis maenalis seminigra	Dark Mapwing	
Cyrestis nivea	Straight Line Mapwing	
Cyrestis themire	Little Mapwing	
Cyrestis thyodamas	Common Mapwing	
Cyrestis thyodamas indica	Indian Map Butterfly	
Cyrestis thyodamas thyodamas	Oriental Map Butterfly	
Dacalana vidura	Medium-Branded Royal	
Dahlica inconspicuella	Lesser Lichen Case-Bearer|Lesser Lichen Case-bearer	
Dahlica lichenella	Lichen Case-Bearer|Lichen Case-bearer	
Dahlica triquetrella	Narrow Lichen Case-Bearer|Narrow Lichen Case-bearer	
Dalla octomaculata	Eight-spotted Skipper|Light-spotted Skipper	
Danaus	Tiger Milkweed Butterflies	
Danaus affinis affinis	Black-And-White Tiger Butterfly	
Danaus chrysippus	African Monarch|African Queen|Common Tiger|Plain Tiger	le Petit Monarque|Petit monarque
Danaus chrysippus dorippus	Dorippus Tiger	
Danaus chrysippus orientis	African Monarch|African Plain Tiger	
Danaus cleophile	Jamaican Monarch	
Danaus eresimus	Soldier	
Danaus genutia	Common Tiger Butterfly	
Danaus genutia leucoglene	Sulawesi Common Tiger	
Danaus gilippus	Queen	
Danaus gilippus berenice	Florida Queen	
Danaus gilippus gilippus	Western Queen	
Danaus gilippus thersippus	Striated Queen	
Danaus ismare	Ismare Tiger Butterfly	
Danaus plexippus	Monarch|Milkweed|Milkweed Butterfly|Monarch Butterfly|Monarch Or Milkweed|The Milkweed|monarch|Monarch butterfly|Monarch or Milkweed	monarque|Monarque|le Monarque
Danaus plexippus plexippus	Migratory Monarch Butterfly|Monarch Butterfly|Migratory Monarch	
Danis danis	Large Green-Banded Blue	
Daphnis nerii	Oleander Hawk Moth|oleander hawk-moth|Oleander hawk moth|Oleander Hawkmoth|Oleander Hawk-Moth|Oleander Hawk-moth	sphinx du laurier-rose|Le Sphinx du Laurier-rose
Dapidodigma hymen	Western Virgin	
Darapsa choerilus	Azalea Sphinx|Azalea Sphinx Moth	
Darapsa myron	Hog Sphinx|Virginia Creeper Sphinx|Virginia Creeper Sphinx Moth	
Darapsa versicolor	Hydrangea Sphinx|Hydrangea Sphinx Moth	
Dardarina dardaris	Dardaris Skipperling	
Dargida diffusa	Wheat Head Armyworm|Wheat Head Armyworm Moth|wheat head armyworm	légionnaire des épis de blé
Darpa hanria	Hairy Angle	
Darpa striata	Striated Angle	
Dasychira basiflava	Yellow-Based Tussock Moth	
Dasychira cinnamomea	Cinnamon Tussock Moth	
Dasychira dorsipennata	Sharp-Lined Tussock Moth	
Dasychira meridionalis	Southern Tussock Moth	
Dasychira obliquata	Streaked Tussock Moth	
Dasychira pinicola	Pine Tussock Moth	
Dasychira plagiata	Northern Pine Tussock Moth	
Dasychira vagans	Variable Tussock Moth	
Dasylophia anguina	Black-Spotted Prominent|Black-Spotted Prominent Moth	
Dasylophia anguina saturata	Black-Spotted Prominent	
Dasylophia thyatiroides	Gray-Patched Prominent|Gray-Spotted Prominent Moth	
Dasypolia templi	brindled ochre|Brindled Ochre	noctuelle du temple
Dasystoma salicella	Blueberry leafroller|Spring Tubic	
Datana angusii	Angus's Datana|Angus' Datana Moth|Angus'S Datana	
Datana contracta	Contracted Datana	
Datana drexelii	Drexel'S Datana|Drexel's Datana	
Datana integerrima	Walnut Caterpillar|Walnut Caterpillar Moth	
Datana major	Azalea Caterpillar|Major Datana	
Datana ministra	Yellow-Necked Caterpillar Moth|Yellownecked Caterpillar	
Datana perspicua	Spotted Datana	
Decantha stecia	Small Decantha Moth	
Decinea percosius	Double-Dotted Skipper	
Decodes basiplagana	Gray-Marked Tortricid	
Deidamia inscriptum	Lettered Sphinx|Lettered Sphinx Moth	
Deilephila elpenor	Elephant Hawk|elephant hawk-moth|Elephant Hawkmoth|Elephant Hawk-Moth|Elephant Hawk-moth	sphinx de la vigne|Le (Grand) Sphinx de la Vigne
Deilephila porcellus	small elephant hawk-moth|Small Elephant Hawkmoth|Small Elephant Hawk-Moth|Small Elephant Hawk-moth	petit sphinx de la vigne|Le petit Sphinx de la Vigne
Deileptenia ribeata	satin beauty|Satin Beauty	boarmie du sapin|La Boarmie du Sapin
Dejongia lobidactylus	Lobed Plume Moth	
Delias acalis	Red-breast Jezebel|Red-Breast Jezebel	
Delias aganippe	Red-Spotted Jezebel	
Delias agoranis	Burmese Jezebel	
Delias agostina	Yellow Jezebel	
Delias belladonna	Hill Jezebel	
Delias berinda	Dark Jezebel	
Delias cinerascens	Kinabalu Jezebel	
Delias descombesi	Red-spot Jezebel|Red-Spot Jezebel	
Delias ennia	Yellow-Banded Jezebel	
Delias eucharis	Common Jezebel	
Delias hyparete	Painted Jezebel	
Delias hyparete metarete	Painted Jezebel	
Delias nigrina	Black Jezebel	
Delias ninus	Malayan Jezebel	
Delias nysa	Yellow-Spotted Jezebel	
Delias pasithoe	Red-base Jezebel|Red-Base Jezebel	
Delias pasithoe pasithoe	Chinese Red-Base Jezebel	
Delias patrua	Shan Jezebel	
Delias rosenbergi	Rosenberg’s Painted Jezebel|Rosenberg’S Painted Jezebel	
Delias sanaca	Pale Jezebel	
Delias singhapura	Lion Jezebel	
Deloneura immaculata	Bashee River Buff	
Deloneura millari	Millar's Buff	
Delplanqueia dilutella	Powdered Knot-horn	
Delplanqueia inscriptella	Brown Powdered Knot-horn	
Deltote bankiana	silver barred|Silver Barred	barré dargent|La Noctuelle argentule
Deltote bellicula	Bog Glyph	
Deltote deceptoria	pretty marbled|Pretty Marbled	érastrie noirâtre|L'Erastrie noirâtre
Deltote pygarga	Marbled White Spot	L'Albule
Deltote uncula	Silver Hook	L'Ancre
Dendrolimus pini	pine-tree lappet|Pine-tree Lappet|Pine Tree Lappet	bombyx du pin|Le Bombyx du Pin
Denisia albimaculea	Pied Tubic	
Denisia augustella	Surrey Tubic	
Denisia similella	Northern Tubic	
Denisia subaquilea	Heath Tubic	
Denticucullus pygmina	Small Wainscot	La Nonagrie des Laiches
Depressaria alienella	Yarrow Webworm	
Depressaria badiella	Brown Flat-body|False Brown Flat-body	
Depressaria chaerophylli	Streaked Flat-body	
Depressaria depressana	Lost Flat-Body|Purple Carrot-Seed Moth|Lost Flat-body	
Depressaria discipunctella	Scarce Flat-body	
Depressaria douglasella	Carrot Flat-body	
Depressaria emeritella	Tansy Flat-body	
Depressaria olerella	Yarrow Flat-body	
Depressaria pastinacella	Parsnip Webworm Moth	
Depressaria pimpinellae	Pimpinel Flat-body	
Depressaria pulcherimella	Pignut Flat-body	
Depressaria radiella	Parsnip Flat-Body|Parsnip Moth|Parsnip Webworm|Parsnip Webworm Moth|Parsnip moth|Parsnip Flat-body	
Depressaria silesiaca	Highland Flat-body	
Depressaria sordidatella	Chervil Flat-body	
Depressaria ultimella	Fen Flat-body	
Dercas gobrias	Angled Sulfur	
Dercas lycorias	Plain Sulphur	
Dercas verhuelli	Tailed Sulphur	
Derrima stellata	Pink Star Moth	
Desmia funeralis	Grape Leaf Folder Moth|Grape Leaffolder Moth	
Detritivora cleonus	Cleonus Metalmark	
Deudorix antalus	Brown Playboy	
Deudorix dariaves	Black-and-orange Playboy|Black-And-Orange Playboy	
Deudorix democles	White-Spotted Flash	
Deudorix dinochares	Apricot Playboy	
Deudorix dinomenes	Large Orange Playboy|Orange Playboy	
Deudorix diocles	Orange-barred Playboy|Orange-Barred Playboy	
Deudorix diovis	Bright Cornelian	
Deudorix epijarbas cinnabarus	Cornelian	
Deudorix epirus	Orange-Lobed Flash	
Deudorix lorisona	Coffee Playboy	
Deudorix vansoni	Van Son's Playboy|Van Son'S Playboy	
Diachrysia aereoides	Dark-Spotted Looper Moth	
Diachrysia balluca	Green-Patched Looper Moth|Hologram Moth	
Diachrysia chrysitis	burnished brass|Burnished Brass	vert-doré|Le Vert-Doré
Diachrysia chryson	scarce burnished brass|Scarce Burnished Brass	plusie topaze|La Plusie topaze
Diachrysia stenochrysis	Cryptic Burnished Brass	
Diacrisia sannio	clouded buff|Clouded Buff	bordure ensanglantée|la Bordure ensanglantée, la Roussette
Diaethria	Eighty-Eight Butterflies	
Diaethria anna	Anna’S Eighty-Eight	
Diaethria astala	Navy Eighty-Eight	
Diaethria asteria	West-Mexican Eighty-Eight	
Diaethria candrena	Number Eighty	
Diaethria clymena	Widespread Eighty-Eight	
Diaethria eluina	Eluina Eighty-Eight	
Diaethria neglecta	Neglected Eighty-Eight	
Diaethria pandama	Orange-Striped Eighty-Eight	
Dialectica imperialella	Fen slender|Fen Slender	
Diaphania hyalinata	Melonworm|Melonworm Moth	
Diaphania indica	Cucumber moth|Melonworm|Melon-worm Moth	
Diaphora mendica	muslin moth|Muslin Moth	mendiante|L'Ecaille mendiante
Diarsia brunnea	purple clay|Purple Clay	point noir|Le Point noir
Diarsia dahlii	barred chestnut|Barred Chestnut	noctuelle de la lancéole|La Diarsie de la Lancéole
Diarsia florida	Fen Square-spot|Fen Square-Spot	La Diarsie du Souci-d'eau
Diarsia jucunda	Smaller Pinkish Dart|Smaller Pinkish Dart Moth	
Diarsia mendica	ingrailed clay|Ingrailed Clay	noctuelle parée|La Noctuelle de la Primevère
Diarsia mendica mendica	Ingrailed Clay	
Diarsia rubi	small square-spot|Small Square-spot|Small Square-Spot	noctuelle belle|La Noctuelle belle
Diarsia rubifera	Red Dart	
Diasemia reticularis	Lettered China-mark	
Diasemiopsis ramburialis	Vagrant China-mark	
Diastema tigris	Lantana Moth|Lantana moth	
Diastictis argyralis	White-Spotted Orange	
Diastictis ventralis	White-Spotted Brown|White-Spotted Brown Moth	
Diathrausta harlequinalis	Harlequin Webworm Moth	
Diathrausta reconditalis	Recondite Webworm Moth	
Diatraea grandiosella	Crambid moth	
Dichagyris acclivis	Inclined Dart	
Dichelia histrionana	Tortricid moth|Spruce Tortrix	
Dichogama redtenbacheri	Carper-leaf Webworm Moth	
Dichomeris acuminatus	Alfalfa leaf tier	
Dichomeris aenigmatica	Sourbush moth	
Dichomeris bilobella	Bilobed Dichomeris Moth	
Dichomeris copa	Copa Dichomeris Moth	
Dichomeris derasella	Blackthorn Crest	
Dichomeris flavocostella	Cream-Edged Dichomeris Moth	
Dichomeris heriguronis	Black-Edged Dichomeris Moth	
Dichomeris inserrata	Indented Dichomeris Moth	
Dichomeris inversella	Inverse Dichomeris Moth	
Dichomeris juncidella	Orange-Dotted Dichomeris Moth	
Dichomeris juniperella	Scotch Crest	
Dichomeris leuconotella	Two-Spotted Dichomeris Moth	
Dichomeris ligulella	Moth|Palmerworm Moth	
Dichomeris marginella	Juniper webworm|Juniper Webber	
Dichomeris nonstrigella	Little Devil Moth	
Dichomeris ochripalpella	Shining Dichomeris Moth	
Dichomeris picrocarpa	Moth	
Dichomeris punctipennella	Many-Spotted Dichomeris Moth	
Dichomeris ustalella	Worcester Crest	
Dichorda iridaria	Showy Emerald|Showy Emerald Moth	
Dichorragia nesimachus nesimachus	Himalayan Constable	
Dichrorampha acuminatana	Sharp-Winged Drill|Sharp-Winged Drill Moth|Sharp-winged drill moth|Sharp-winged Drill	
Dichrorampha aeratana	Obscure Drill|Obscure Drill Moth|Obscure drill moth	
Dichrorampha alpestrana	Spike-marked Drill	
Dichrorampha alpinana	Broad-blotch Drill	
Dichrorampha consortana	Downland Drill	
Dichrorampha flavidorsana	Narrow-blotch Drill	
Dichrorampha montanana	Tortricid moth	
Dichrorampha petiverella	Common Drill|Common Drill Moth|Common drill moth	
Dichrorampha plumbagana	Silver-lined Drill	
Dichrorampha plumbana	Lead-coloured Drill	
Dichrorampha sedatana	Dingy Drill	
Dichrorampha senectana	Dark Drill	
Dichrorampha sequana	Square-spot Drill	
Dichrorampha simpliciana	Round-winged Drill	
Dichrorampha sylvicolana	Sneezewort Drill	
Dichrorampha vancouverana	Gold-Fringed Drill|Tanacetum Root Moth|Gold-fringed Drill	
Dicycla oo	heart moth|Heart Moth	double zéro|Le Double Zéro
Dicymolomia julianalis	Julia'S Dicymolomia Moth	
Digrammia continuata	Curve-Lined Angle|Curve-Lined Angle Moth|Curve-lined Angle	
Digrammia decorata	Decorated Granite	
Digrammia eremiata	Three-Lined Angle Moth|Three-lined Angle Moth	
Digrammia gnophosaria	Hollow-spotted Angle|Hollow-Spotted Angle|Hollow-Spotted Angle Moth	
Digrammia mellistrigata	Yellow-Lined Angle	
Digrammia ocellinata	Faint-Spotted Angle|Faint-Spotted Angle Moth|Faint-spotted Angle	
Digrammia ordinata	Amorpha Angle	
Dilipa morgiana	Golden Emperor	
Diloba caeruleocephala	figure of eight|Figure of Eight	double oméga|Le Double-Omega
Dingana alaedeus	Wakkerstroom Widow	
Dingana alticola	Alpine Widow	
Dingana angusta	Long Tom Widow	
Dingana clara	Clara's Widow|Wolkberg Widow|Clara'S Widow	
Dingana dingana	Dingaan's Widow|Dingaan'S Widow	
Dingana fraterna	Scarce Widow|Stoffberg Widow	
Dingana jerinae	Jerine's Widow|Kransberg Widow	
Dinumma deponens	Purplish moth	
Dione glycera	Andean Silverspot	
Dione juno	Juno Silverspot	
Dione moneta	Mexican Silverspot	
Dione moneta butleri	Colombian Silverspot	
Dione moneta moneta	Southern Cone Silverspot	
Dione vanillae	Gulf Fritillary	
Dione vanillae galapagensis	Galápagos Silver Fritillary	
Dioryctria	Conifer Coneworm Moths	
Dioryctria abietella	Dark Pine Knot-horn	la Phycide du sapin
Dioryctria abietivorella	Evergreen Coneworm Moth	
Dioryctria disclusa	Rusty Pine Cone Moth	
Dioryctria reniculelloides	Spruce Coneworm Moth	
Dioryctria schuetzeella	Spruce Knot-horn	
Dioryctria sylvestrella	New Pine Knot-horn	
Dioryctria zimmermani	Zimmerman Pine Moth	
Diphthera festiva	Hieroglyphic Moth	
Diplodoma laichartingella	Dotted-margin Smoke	
Dira jansei	Janse's Widow|Janse'S Widow	
Dira oxylus	Pondoland Widow	
Dira swanepoeli isolata	Swanepoel’S Blouberg Widow	
Dira swanepoeli swanepoeli	Swanepoel’S Soutpansberg Widow	
Dircenna dero	Dero Clearwing	
Dircenna klugii	Klug'S Clearwing|Klug’S Clearwing	
Disclisioprocta stellata	Bougainvillea Looper|Somber Carpet|Somber carpet	
Discolampa ethion	Banded Blue Pierrot	
Discolampa ethion ethion	Oriental Banded Blue Pierrot	
Discophora deo	Banded Duffer	
Discophora lepida	Southern Duffer	
Discophora necho	Blue Duffer	
Discophora sondaica	Common Duffer	
Discophora timora	Great Duffer	
Dismorphia amphione	Tiger Mimic-White	
Dismorphia crisia	Crisia Mimic-White	
Dismorphia spio	Haitian Mimic|Hispaniolan Mimic-White	
Dismorphia theucharila	Clearwing Mimic-White	
Dispar compacta	Barred Skipper	
Ditula angustiorana	red-barred tortrix|Leaf roller|Red-barred Tortrix|Red-Barred Tortrix	
Diurnea fagella	March Tubic	la Teigne du hêtre
Diurnea lipsiella	November Tubic	
Dixeia charina	African Small White	
Dixeia doxo	Black-veined Small White|African Small White|Black-Veined Small White	
Dixeia doxo parva	Black-veined Small White|Black-Veined Small White	
Dixeia leucophanes	Spotless Ant-Heap White|Spotless Black-Veined White|Spotless Black-veined Small White|Spotless Black-Veined Small White	
Dixeia orbona	Creamy Small White	
Dixeia pigea	Ant-heap Small White|Antheap White|Ant-Heap Small White	
Dixeia spilleri	Sulphur Ant-heap White|Spiller's Sulphur Small White|Spiller's Yellow|Spiller'S Sulphur Small White|Spiller'S Yellow|Sulphur Ant-Heap White	
Dodonidia helmsii	Helm'S Butterfly	
Dolba hyloeus	Pawpaw Sphinx|Pawpaw Sphinx Moth	
Dolbogene hartwegii	Hartweg's Sphinx	
Doleschallia bisaltide andamanensis	Andaman Autumn Leaf	
Doleschallia bisaltide pratipa	Autumn Leaf	
Donacaula forficella	Pale Water-veneer	
Donacaula longirostrallus	Long-Beaked Donacaula Moth	
Donacaula melinellus	Delightful Donacaula Moth	
Donacaula mucronella	Scarce Water-veneer	
Doryodes spadaria	Dull Doryodes Moth	
Doxocopa agathina	Agathina Emperor	
Doxocopa laure	Silver Emperor	
Doxocopa laurentia	Turquoise Emperor	
Doxocopa pavon	Pavon Emperor	
Drasteria adumbrata	Shadowy Arches	
Drasteria grandirena	Figure-Seven Moth	
Drasteria graphica	Coastal Graphic	
Drasteria occulta	Occult Graphic	
Drepana arcuata	Arched Hooktip Moth|Masked Birch Caterpillar	
Drepana curvatula	dusky hook-tip|Dusky Hook-tip|Dusky Hook-Tip	cintrée|L'Incurvé
Drepana falcataria	pebble hook-tip|Pebble Hook-tip|Pebble Hook-Tip	faucille|La Faucille
Drepanidae	Drepanids|Hook-Tip Moths|Hooktip And False Owlet Moths|Hooktip Moths	
Drupadia estella	White-Craved Posy	
Drupadia ravindra	Common Posy	
Drupadia rufotaenia	Pygmy Posy	
Dryadaula advena	Moth	
Dryadaula pactolia	Cellar Clothes	
Dryadaula terpsichorella	Dancing moth	
Dryadula phaetusa	Banded Orange Heliconian	
Dryas	Julia Heliconians|Mountain-Avens	
Dryas iulia	Flambeau|Flame|Julia|Julia Heliconian	
Dryas julia	Julia	
Dryas julia delila	Julia	
Drymonia dodonaea	Marbled Brown	
Drymonia obliterata		L'Ardoisée
Drymonia querna		La Demi-Lune blanche, le Druide
Drymonia ruficornis	Lunar Marbled Brown	La Demi-Lune noire
Drymonia velitaris		La Voile
Dryobota labecula	Oak Rustic	L'Ecu blanc
Dryobotodes eremita	brindled green|Brindled Green	jaspe vert|Le Jaspe vert
Dryobotodes roboris	Southern Brindled Green	
Dryobotodes tenebrosa	Sombre Brocade	
Dryocampa rubicunda	Rosy Maple Moth	
Dulcedo polita	Uncolored Clearwing-Satyr	
Duponchelia fovealis	Crambid Moth|Dark Marbled Tabby|European Pepper Moth|Crambid moth	
Durbania amakosa	Amakosa Rocksitter	
Durbania limbata	Natal Rocksitter	
Durbaniella clarki	Clark'S Rocksitter	
Durbaniella clarki clarki	Clark's Rocksitter|Clark'S Rocksitter	
Durbaniella clarki jenniferae	Clark's Rocksitter	
Durbaniella clarki phaea	Clark's Rocksitter|Clark'S Rocksitter	
Durbaniopsis saga	Boland Rocksitter	
Dymasia dymas	Tiny Checkerspot	
Dynamine artemisia	Small-Eyed Sailor	
Dynamine dyonis	Blue-Eyed Sailor	
Dynamine theseus	White Sailor	
Dynastor darius	Daring Owl-Butterfly	
Dynastor napoleon	Brazilian Dynastor	
Dypterygia rozmani	American Bird'S-Wing|American Bird'S-Wing Moth	
Dypterygia scabriuscula	birds wing|Bird's Wing	noctuelle hérissée|La Noctuelle hérissée
Dysauxes ancilla	The Handmaid|Handmaid	La Servante
Dysauxes punctata		La Ménagère
Dyscia fagaria	grey scalloped bar|Grey Scalloped Bar	fidonie des bruyères|La Fidonie des Bruyères
Dyscophellus porcius	Fiery Scarlet-Eye	
Dyseriocrania subpurpurella	Common Oak Purple	
Dysgonia algira	Passenger	La Passagère
Dyspteris abortivaria	Bad-Wing|Bad-Wing Moth|Badwing Moth|Bad-wing|Badwing moth	
Dyspyralis illocata	Visitation Moth	
Dyspyralis puncticosta	Spot-Edged Dyspyralis Moth	
Dysstroma citrata	Dark Marbled Carpet|Dark Marbled Carpet Moth|dark marbled carpet	cidarie de la myrtille|La Cidarie de la Myrtille
Dysstroma citrata citrata	Dark Marbled Carpet	
Dysstroma formosa	Formosa Carpet Moth	
Dysstroma hersiliata	Orange-Barred Carpet|Orange-Barred Carpet Moth	
Dysstroma sobria	10-spotted Rhododendron Moth	
Dysstroma truncata	Common Marbled Carpet|Marbled Carpet Moth|common marbled carpet	cidarie roussâtre|La Cidarie roussâtre
Dysstroma truncata truncata	Common Marbled Carpet	
Dysstroma walkerata	Marbled Carpet|Orange-Spotted Carpet|Orange-Spotted Carpet Moth	
Dystebenna stephensi	Oak Cosmet	
Eacles	Imperial Moths	
Eacles imperialis	Imperial Moth	
Eacles imperialis imperialis	Imperial Moth	
Eacles imperialis pini	Imperial Moth|Pine Imperial Moth	
Eacles oslari	Oslar's Imperial Moth	
Eagris decastigma	Purple Flat	
Eagris hereus	Beautiful Orange Flat	
Eagris lucetia	Eastern Cream Flat	
Eagris nottoana	Rufous-winged Flat|Rufous-Winged Flat	
Eagris nottoana knysna	Southern Rufous-winged Flat|Southern Rufous-Winged Flat	
Eagris nottoana nottoana	Northern Rufous-winged Flat|Northern Rufous-Winged Flat	
Eagris sabadius	Orange Flat	
Eagris subalbida	Chocolate Flat	
Eagris tetrastigma	Black Flat	
Eana argentana	Silver Shade	Tordeuse argentée
Eana incanana	Bluebell Shade	
Eana osseana	Dotted Shade	
Eana penziana	Large Mottled Shade	
Earias biplaga	Spiny Bollworm	
Earias clorana	Cream-bordered Pea|Cream-Bordered Green Pea|Cream-bordered Green Pea	La Halias du Saule
Earias insulana	Egyptian Bollworm	
Eburuncus unifasciata	Single-Banded Tuskyhook	
Eccopisa effractella	Royal Knot-horn	
Ecdytolopha insiticiana	Locust Twig Borer Moth	
Echinargus isola	Reakirt'S Blue	
Ecliptopera capitata	Yellow-headed Phoenix	cidarie de la balsamine|La Cidarie de la Balsamine, la Cidarie à tête jaune
Ecliptopera silaceata	Small Phoenix|Small Phoenix Moth|small phoenix	cidarie ochracée|La Cidarie ochracée
Ecliptopera silaceata albolineata	American Small Phoenix	
Ectima erycinoides	Northern Crackerlet	
Ectoedemia agrimoniae	Agrimony Pigmy	
Ectoedemia albifasciella	White-banded Pigmy	
Ectoedemia angulifasciella	Bent-barred Pigmy	
Ectoedemia arcuatella	Strawberry Pigmy	
Ectoedemia argyropeza	Virgin Pigmy	
Ectoedemia atricollis	Pinch-barred Pigmy	
Ectoedemia erythrogenella	Coast Bramble Pigmy	
Ectoedemia hannoverella	New Poplar Pigmy	
Ectoedemia heckfordi	Heckford Pygmy Moth	
Ectoedemia heringella	New Holm-Oak Pigmy	
Ectoedemia heringi	White-spot Pigmy	
Ectoedemia intimella	Black-spot Sallow Pigmy	
Ectoedemia minimella	Broken-barred Pigmy	
Ectoedemia occultella	Large Birch Pigmy	
Ectoedemia populella	Aspen Petiole Gall Moth	
Ectoedemia quinquella	Five-spot Pigmy	
Ectoedemia rubivora	Dewberry Pigmy	
Ectoedemia spinosella	Blackthorn Pigmy	
Ectoedemia subbimaculella	Spotted Black Pigmy	
Ectoedemia turbidella	Grey-poplar Pigmy	
Ectropis	Engrailed Moths	
Ectropis crepuscularia	Engrailed|Engrailed Moth|Small Engrailed|Engrailed/Small Engrailed	
Eetion elia	White Spotted Palmer	
Egira alternans	Alternate Woodling|Alternate Woodling Moth	
Egira conspicillaris	silver cloud|Silver Cloud	conspicillaire|La Conspicillaire
Egira dolosa	Lined Black Aspen Cat.|Lined Black Aspen Woodling	
Eicochrysops hippocrates	White-tipped Blue|White-Tipped Blue	
Eicochrysops messapus	Cupreous Blue	
Eicochrysops messapus mahallakoaena	Cupreous Blue	
Eicochrysops messapus messapus	Cupreous Blue	
Eido trimaculella	Three-Spotted Concealer	
Eidophasia messingiella	Bitter-cress Smudge	
Eilema caniola	Hoary footman|Hoary Footman	Le Manteau pâle
Elachista	Elachista Algae|Typical Grass Miner Moths	
Elachista adscitella	Oblique-barred Dwarf	
Elachista albifrontella	White-headed Dwarf	
Elachista alpinella	Marsh Dwarf	
Elachista apicipunctella	Pearled Dwarf	
Elachista argentella	Swan-feather Dwarf	
Elachista atricomella	Black-headed Dwarf	
Elachista bedellella	Grey Dwarf	
Elachista biatomella	Two-dotted Dwarf	
Elachista bisulcella	Yellow-tipped Dwarf	
Elachista canapennella	Little Dwarf	
Elachista cinereopunctella	Grey-spotted Dwarf	
Elachista cingillella	White-tipped Dwarf	
Elachista collitella	Pembroke Dwarf	
Elachista consortella	Field Dwarf	
Elachista dispunctella	White Dwarf	
Elachista eleochariella	Small Bog Dwarf	
Elachista eskoi	Highland Dwarf	
Elachista freyerella	Broken-barred Dwarf	
Elachista gangabella	Yellow-barred Dwarf	
Elachista gleichenella	Twin-barred Dwarf	
Elachista humilis	Obscure Dwarf	
Elachista kilmunella	Moorland Dwarf	
Elachista littoricola	Hampshire Dwarf	
Elachista luticomella	Yellow-headed Dwarf	
Elachista maculicerusella	Triple-spot Dwarf	
Elachista obliquella	Wood Dwarf	
Elachista orstadii	Scotch Dwarf	
Elachista poae	Sweet-grass Dwarf	
Elachista pomerana	Fen Dwarf	
Elachista regificella	Wood-rush Dwarf	
Elachista rufocinerea	Red-brindled Dwarf	
Elachista scirpi	Saltern Dwarf	
Elachista serricornis	Dusky Dwarf	
Elachista stabilella	Southern Dwarf	
Elachista subalbidella	Buff Dwarf	
Elachista subnigrella	Dark Dwarf	
Elachista subocellea	Brown-barred Dwarf	
Elachista trapeziella	Scarce Dwarf	
Elachista triatomea	Meadow Dwarf	
Elachista trifasciata	St Helenian Three-banded Grass-miner	
Elachista triseriatella	Western Dwarf	
Elachista unifasciella	Narrow-barred Dwarf	
Elachista utonella	Bog Dwarf	
Elachistidae	Grass Miner Moths|Grass-Miner Moths	
Elaphria	Midgets	
Elaphria agrotina	Agrotina Midget	
Elaphria alapallida	Pale-Winged Midget|Pale-Winged Midget Moth	
Elaphria chalcedonia	Chalcedony Midget	
Elaphria deltoides	Cutworm moth	
Elaphria festivoides	Festive Midget	
Elaphria grata	Grateful Midget Moth	
Elaphria nucicolora	Sugarcane midget moth	
Elaphria venustula	rosy marbled|Rosy Marbled	noctuelle gracieuse|L'Erastrie gracieuse
Elaphria versicolor	Fir Harlequin|Variegated Midget|Variegated Midget Moth	
Elasmopalpus lignosella	Lesser cornstalk borer	
Elbella patrobas	Patrobas Skipper	
Elbella scylla	Scylla Firetip	
Electrophaes corylata	broken-barred carpet|Broken-barred Carpet|Broken-Barred Carpet	cidarie rompue|La Cidarie rompue
Elegia similella	White-barred Knot-horn	
Ellida caniplaga	Linden Prominent|Linden Prominent Moth	
Elodina angulipennis	Common Pearl White	
Elodina claudia	Cape York Pearl-White	
Elodina padusa	Narrow-winge Pearl White|Narrow-Winge Pearl White	
Elodina parthia	Chalk White	
Elodina perdita	Northern Pearl White	
Elodina queenslandica	Glistening Pearl-White	
Elodina tongura	Pipeclay Pearl-White	
Elodina walkeri	Small Pearl-White	
Elophila difflualis	Asian China-mark	
Elophila gyralis	Waterlily Borer Moth	
Elophila icciusalis	Pondside Pyralid Moth	
Elophila nymphaeata	Brown China-Mark|Brown China-mark	
Elophila obliteralis	Waterlily Leafcutter Moth	
Elophila tinealis	Black Duckweed Moth	
Elousa albicans	Cutworm moth	
Elphinstonia charlonia	Greenish Black-tip|Lemon White|Greenish Black-Tip	
Elphinstonia penia	Eastern Greenish Black-tip|Eastern Greenish Black-Tip	
Elymnias bammakoo	African Palmfly	
Elymnias caudata	Tailed Palmfly	
Elymnias esaca	Green Palmfly	
Elymnias harterti	Black Palmfly	
Elymnias malelas	Spotted Palmfly	
Elymnias nesaea	Tiger Palmfly	
Elymnias panthera	Tawny Palmfly	
Elymnias patna	Blue-Striped Palmfly	
Elymnias patna patna	Larger Blue-Striped Palmfly	
Elymnias pealii	Phallic Palmfly	
Elymnias singhala	Sri Lankan Palmfly	
Elymnias vasudeva	Jezebel Palmfly	
Ematurga amitaria	Cranberry Spanworm Moth	
Ematurga atomaria	common heath|Common Heath	phalène picotée|La Phalène picotée
Emmelina argoteles	Reedbed Plume	
Emmelina monodactyla	Common Plume|Morning-Glory Plume Moth	
Empyreuma affinis	Oleander moth|Spotted Oleander Caterpillar Moth	
Empyreuma pugione	Spotted oleander caterpillar moth	
Enantia albania	Costa-spotted Mimic-white	
Enantia jethys	Jethys Mimic-White	
Enantia lina	White Mimic-White	
Enantia mazai	De La Maza'S Mimic-White	
Enargia decolor	Aspen Twoleaf Tier Moth|Pale Enargia Moth	
Enargia infumata	Smoked Sallow	
Enargia paleacea	angle-striped sallow|Angle-striped Sallow|Angle-Striped Sallow	cosmie paillée|La Cosmie paillée
Enarmonia formosana	Cherry bark tortrix|Cherry Bark Moth|Cherry Bark Tortrix|Cherry-bark Moth	
Endothenia ericetana	Heath Marble	
Endothenia gentianaeana	Teasel Marble	
Endothenia hebesana	Verbena Bud Moth	
Endothenia marginana	Bordered Marble	
Endothenia nigricostana	Black-edged Marble	
Endothenia oblongana	Downland Marble	
Endothenia pullana	Woundwort Marble	
Endothenia quadrimaculana	Tortricid moth|Blotched Marble	
Endothenia ustulana	Bugle Marble	
Endotricha consobrinalis	Mediterranean Tabby	
Endotricha flammealis	Rosy Tabby	Flamme
Endromis versicolora	kentish glory|Kentish Glory	bombyx versicolore|Le Versicolore
Endrosis sarcitrella	White-shouldered house moth|White-Shouldered House Moth|White-shouldered House-moth|White-shouldered Moth	Teigne de la colle
Enigmogramma basigera	Pink-Washed Looper Moth	
Enispe cycnus	Blue Caliph	
Enispe intermedia	Intermediate Caliph	
Ennomos alniaria	Canary-shouldered Thorn|canary-shouldered thorn|Canary-shouldered thorn|Canary-Shouldered Thorn	ennomos de tilleul|L'Ennomos du Tilleul
Ennomos autumnaria	large thorn|Large Thorn	ennomos de laulne|L'Ennomos moucheté
Ennomos erosaria	september thorn|September Thorn	ennomos rongée|L'Ennomos rongée
Ennomos fuscantaria	dusky thorn|Dusky Thorn	ennomos du frêne|L'Ennomos du Frêne, l'Ennomos bicolore
Ennomos magnaria	Maple Spanworm|Maple Spanworm Moth	
Ennomos quercaria	Clouded August Thorn	
Ennomos quercinaria	august thorn|August Thorn	ennomos du chêne|L'Ennomos du Chêne
Ennomos subsignaria	Elm Spanworm|Elm Spanworm Moth|Snow-White Linden	
Enodia anthedon	Northern Pearly-Eye	
Enodia portlandia	Southern Pearly-Eye	
Entephria caesiata	Grey Mountain Moth|Grey Mountain Carpet	
Entephria flavicinctata	Yellow-Ringed Carpet|Yellow-ringed Carpet	
Entephria flavicinctata flavicinctata	Yellow-ringed Carpet	
Enteucha acetosae	Sorrel Pigmy	
Enyo lugubris	Mournful Sphinx	
Eooxylides tharis distanti	Branded Imperial	
Eosphoropteryx thyatyroides	Pinkpatched Looper Moth|Pink-Patched Looper Moth	
Epagoge grotiana	Brown-barred Twist	
Epargyreus aspina	Spineless Silverdrop	
Epargyreus clarus	Silver-Spotted Skipper|Silverspotted Skipper|Silver-spotted Skipper	
Epargyreus clarus californicus	Pacific Silver-Spotted Skipper	
Epargyreus clarus huachuca	Arizona Silver-Spotted Skipper	
Epargyreus clarus profugus	Nevada Silver-Spotted Skipper	
Epargyreus exadeus	Broken Silverdrop	
Epargyreus socus orizaba	Round-Spotted Silverdrop	
Epargyreus spinosa	Suffused Silverdrop	
Epargyreus windi	Wind'S Silverdrop	
Epargyreus zestos	Rusty Skipper|Zestos Skipper	
Epatolmis luctifera		Le Deuil, l'Ecaille funèbre
Epermenia aequidentellus	Carrot Lance-wing	
Epermenia chaerophyllellus	Garden Lance-wing	
Epermenia farreni	Scarce Lance-wing	
Epermenia insecurella	Chalk-hill Lance-wing	
Epermenia profugella	Little Lance-wing	
Ephestia elutella	Cocoa moth|Dried currant moth|Chocolate moth|Cacao Moth	
Ephestia kuehniella	Mediterranean flour moth|Mediterranean Flour Moth	
Ephestia woodiella	False Cacao Moth	
Ephestiodes gilvescentella	Moth	
Ephyriades arcas	Caribbean Duskywing	
Ephyriades brunnea	Florida Duskywing	
Ephyriades zephodes	Zephodes Duskywing	
Epiblema brightonana	Brighton'S Epiblema Moth	
Epiblema carolinana	Gray-Blotched Epiblema Moth	
Epiblema cirsiana	Knapweed Bell	
Epiblema cnicicolana	Fleabane Bell	
Epiblema costipunctana	Ragwort Bell	
Epiblema foenella	White-foot Bell	
Epiblema glenni	Glenn'S Epiblema	
Epiblema grandaevana	Great Bell	
Epiblema otiosana	Bidens Borer Moth	
Epiblema scudderiana	Goldenrod Gall Moth	
Epiblema scutulana	Thistle Bell	
Epiblema sticticana	Colt's-foot Bell	
Epiblema strenuana	Ragweed Borer Moth	
Epiblema tripartitana	Three-Parted Epiblema Moth	
Epiblema turbidana	Butterbur Bell	
Epichnopterix plumella	Round-winged Sweep	
Epichoristodes acerbella	African Carnation Tortrix	
Epidromia pannosa	Cutworm moth	
Epiglaea apiata	Pointed Sallow	
Epiglaea decliva	Sloping Sallow|Sloping Sallow Moth	
Epilecta linogrisea		La Noctuelle gris-de-lin
Epimecis hortaria	Tulip-Tree Beauty	
Epimorius testaceellus	Pyralid moth	
Epinotia abbreviana	Tortricid moth|Brown Elm Bell	
Epinotia bilunana	Crescent Bell	
Epinotia brunnichana	Large Birch Bell	
Epinotia caprana	Large Sallow Bell	
Epinotia cinereana	Grey Aspen Bell	
Epinotia crenana	Highland Bell	
Epinotia cruciana	Willow Tortrix	
Epinotia demarniana	Birch Bell	
Epinotia fraternana	Silver-barred Bell	
Epinotia immundana	Common Birch Bell	
Epinotia lindana	Diamondback Epinotia Moth	
Epinotia maculana	Dark Aspen Bell	
Epinotia medioviridana	Raspberry Leaf-Roller Moth|Raspberry Leafroller Moth	
Epinotia mercuriana	Moorland Bell	
Epinotia nanana	European Spruce Needleminer Moth|Leaf Roller|Small Spruce Bell|Leaf roller	
Epinotia nemorivaga	Bearberry Bell	
Epinotia nigricana	Fir Bell	
Epinotia nisella	Grey Poplar Bell|Yellow-Headed Aspen Leaftier	
Epinotia nisella cinereana	Grey Aspen Bell	
Epinotia pygmaeana	Dingy Spruce Bell	
Epinotia radicana	Red-Striped Needleworm Moth	
Epinotia ramella	Small Birch Bell	
Epinotia rubiginosana	Pine Bell	
Epinotia signatana	Black-brindled Bell	
Epinotia solandriana	Birch Leafroller Moth|Variable Bell	
Epinotia solicitana	Birch Shoot Borer Moth|Birch Shootworm Moth	
Epinotia sordidana	Brown Alder Bell	
Epinotia subocellana	White Sallow Bell	
Epinotia subsequana	Dark Spruce Bell	
Epinotia tedella	Common Spruce Bell	
Epinotia tenerana	Nut Bud Moth|Nut-bud Moth	
Epinotia tetraquetrana	Square-barred Bell	
Epinotia transmissana	Walker'S Epinotia Moth	
Epinotia trigonella	Birch Epinotia Moth|White-Blotch Bell|White-blotch Bell	
Epione repandaria	bordered beauty|Bordered Beauty	épione marginée|L'Epione marginée, l'Epione des Saules.
Epione vespertaria	dark bordered beauty|Dark Bordered Beauty|Dark-bordered Beauty	épione vespérale|L'Epione vespérale, l'Epione parallèle
Epipaschia superatalis	Dimorphic Macalla Moth	
Epiphile adrasta	Common Banner	
Epiphyas postvittana	Light brown apple moth|Light Brown Apple Moth|Light Brown Apple-moth	
Epirranthis diversata		La Numérie dissembable, la Fidelle
Epirrhoe alternata	common carpet|Common Carpet|Common Carpet Moth|White-Banded Toothed Carpet|White-Banded Toothed Carpet Moth	alternée|L'Alternée
Epirrhoe alternata alternata	Common Carpet	
Epirrhoe galiata	galium carpet|Galium Carpet	mélanthie du caille-lait|La Mélanthie du Caille-Lait
Epirrhoe hastulata		La Lancette
Epirrhoe rivata	wood carpet|Wood Carpet	mélanippe claire|La Mélanippe claire
Epirrhoe tristata	small argent and sable|Small Argent & Sable	mélanippe triste|La Mélanippe triste
Epirrita autumnata	Autumnal Moth	L'Epirrite automnale
Epirrita autumnata henshawi	Autumn Moth|November Moth	
Epirrita christyi	pale november moth|Pale November Moth	épirrite de christy|L'Epirrite de Christy
Epirrita dilutata	november moth|November Moth	épirrite diluée|L'Epirrite diluée
Epirrita filigrammaria	Small Autumnal Moth	
Epischnia asteris	Samphire Knot-horn	
Episema glaucina		La Noctuelle de Muscari
Episimus argutana	Sumac Leaftier Moth	
Episimus unguiculus	Brazilian peppertree leaflet rolling moth	
Epitola urania	Purple Giant Epitola	
Epitolina catori	Red-Patch Epitolina	
Epitolina dispar	Common Epitolina	
Erannis defoliaria	mottled umber|Mottled Umber	hibernie défeuillante|L'Hibernie défeuillante
Erannis tiliaria	Linden Looper|Linden Looper Moth	
Erastria coloraria	Broad-lined Erastra	
Erebia	Alpines	
Erebia aethiops	scotch argus|Scotch Argus	moiré sylvicole|Moiré sylvicole|le Moiré sylvicole
Erebia aethiops aethiops	Scotch Argus	
Erebia alberganus	Almond-eyed Ringlet|Almond Ringlet	Moiré lancéolé|le Moiré lancéolé
Erebia cassioides	Common Brassy Ringlet	le Moiré lustré
Erebia christi	Raetzer's Ringlet|Rätzer’s Ringlet|Raetzer'S Ringlet|Rätzer'S Ringlet|Rätzer’S Ringlet|Rätzer's Ringlet	Moiré du Simplon|Moiré aveuglé
Erebia dabanensis	Four-dotted Alpine	
Erebia disa	Arctic Ringlet|Disa Alpine|White-Spot Alpine|White-spot Alpine	
Erebia discoidalis	Red-Disked Alpine|Red-disked Alpine	
Erebia embla	Lapland Ringlet	
Erebia epiphron	Mountain Ringlet|Mountain Ringlet Butterfly|Small Mountain Ringlet	Moiré de la canche|le Moiré de la canche
Erebia epiphron scotica	Small Mountain Ringlet	
Erebia epipsodea	Common Alpine	
Erebia epistygne	Spring Ringlet	le Moiré provençal|Moiré provençal
Erebia eriphyle	Eriphyle Ringlet	Moiré savoyard|le Moiré bavarois
Erebia euryale	Large Ringlet	Moiré frange-pie|le Moiré frange-pie
Erebia fasciata	Banded Alpine	
Erebia gorge	Silky Ringlet	Moiré chamoisé|le Moiré chamoisé
Erebia gorgone	Gavarnie Ringlet	le Moiré pyrénéen|Moiré de Gavarnie
Erebia kozhantshikovi	Reddish Alpine	
Erebia lafontainei	Reddish Alpine	
Erebia lefebvrei	Lefèbvre’s Ringlet|Lefèbvre'S Ringlet|Lefèbvre’S Ringlet|Lefèbvre's Ringlet	le Moiré cantabrique|Moiré de Lefèbvre
Erebia ligea	arran brown|Arran Brown	moiré blanc-fascié|Moiré blanc-fascié|le Moiré blanc-fascié
Erebia mackinleyensis	Mt. Mackinley Alpine	
Erebia magdalena	Magdalena Alpine	
Erebia manto	Yellow-Spotted Ringlet|Yellow-spotted Ringlet	Moiré variable|le Moiré variable
Erebia medusa	Woodland Ringlet	
Erebia melampus	Lesser Mountain Ringlet	Moiré des pâturins|le Moiré des paturins
Erebia melas	Black Ringlet	
Erebia meolans	Piedmont Ringlet|De Prunner’s Ringlet	Moiré des fétuques|le Moiré des fétuques|Moiré de De Prunner
Erebia mnestra	Mnestra’s Ringlet|Mnestra'S Ringlet|Mnestra’S Ringlet|Mnestra's Ringlet	Moiré fauve|le Moiré fauve
Erebia montanus	Marbled Ringlet	Moiré striolé
Erebia neoridas	Autumn Ringlet	
Erebia nivalis	De Lesse’s Brassy Ringlet|De Lesse'S Brassy Ringlet|De Lesse’S Brassy Ringlet|De Lesse's Brassy Ringlet	Moiré du nardet
Erebia occulta	Eskimo Alpine	
Erebia oeme	Bright-eyed Ringlet|Bright-Eyed Ringlet	Moiré des luzules|le Moiré des luzules|Moiré d’ Hübner
Erebia orientalis	Bulgarian Ringlet	
Erebia palarica	Chapman's Ringlet|Chapman'S Ringlet|Chapman’S Ringlet|Chapman’s Ringlet	Moiré de Chapman
Erebia pandrose	Dewy Ringlet	Moiré cendré|le Moiré cendré
Erebia pawloskii	Theano Alpine	
Erebia pharte	Blind Ringlet	Moiré aveuglé|le Moiré aveuglé
Erebia pluto	Sooty Ringlet	
Erebia pronoe	Water Ringlet	
Erebia rossii	Ross' Alpine|Ross'S Alpine	
Erebia scipio	Larche Ringlet	le Moiré des pierriers
Erebia triarius	de Prunner’s Ringlet|de Prunner's Ringlet|De Prunner’s Ringlet	Moiré printanier
Erebia tyndarus	Swiss Brassy Ringlet	Moiré cuivré|le Moiré cuivré
Erebia vidleri	Vidler'S Alpine	
Erebia youngi	Four-Dotted Alpine	
Erebia youngi youngi	Four-Dotted Alpine	
Erebia zapateri	Zapater’s Ringlet|Zapater'S Ringlet|Zapater's Ringlet	Moiré des Aragonais
Erebidae	Underwing, Tiger, Tussock, And Allied Moths	
Erechthias flavistriata	Fungus moth	
Erechthias kerri	Fungus moth	
Erechthias minuscula	Fungus moth	
Erechthias pelotricha	Fungus moth	
Erechthias penicillata	Fungus moth	
Erechthias simulans	Fungus moth	
Erechthias zebrina	Fungus moth	
Eremobia ochroleuca	dusky sallow|Dusky Sallow	noctuelle jaunâtre|La Noctuelle jaunâtre
Eresia eunice	Tiger Crescent	
Eresia ithomioides	Variable Crescent	
Eresia lansdorfi	Lansdorf'S Crescent	
Eresia nauplius	Nauplius Crescent	
Eresia phillyra	Longwing Crescent	
Eresina schmitti	Schmitt’s Eresina	
Eresiomera bicolor	Western Pearly	
Eretis buamba	Bwamba Elf	
Eretis camerona	Cameroun Elf	
Eretis djaelaelae	Marbled Elf	
Eretis lugens	Savanna Elf	
Eretis melania	Dusky Elf	
Eretis plistonicus	Ghana Elf	
Eretis umbra	Small Marbled Elf	
Eretis umbra umbra	Small Marbled Elf	
Eretis vaga	Vaga Elf	
Erikssonia edgei	Lost-And-Found Acraea Copper|Waterberg Copper	
Erinnyis alope	Alope Sphinx	
Erinnyis crameri	Cramer's Sphinx	
Erinnyis ello	Ello Sphinx	
Erinnyis obscura	Obscure Sphinx	
Eriocottidae	Old World Spiny-Winged Moths	
Eriocrania salopiella	Small Birch Purple	
Eriocrania sangii	Large Birch Purple	
Eriocrania semipurpurella	Early Purple	
Eriocrania sparrmannella	Mottled Purple	
Eriogaster catax	Eastern Eggar	Le Bombyx Evérie, La Laineuse du Prunellier|Laineuse du Prunellier
Eriogaster lanestris	Small Eggar	La Laineuse du Cerisier
Erionota thrax	Banana Skipper|Banana skipper	
Erionota torus	Rounded Palm-Redeye	
Eriopsela quadrana	Four-spot Bell	
Erites angularis	Angled Cyclops	
Erites argentina	Eyed Cyclops	
Erites elegans	Elegent Cyclops	
Erites medura	Eyed Cyclops	
Erites medura russelli	Curved Cyclops	
Eronia cleodora	Vine-leaf Vagrant|Vine Leaf Vagrant	
Eronia leda	Autumn Leaf Vagrant|Autumn-leaf Vagrant|Orange and Lemon|Autumn-Leaf Vagrant|Orange And Lemon	
Erora laeta	Early Hairstreak	
Erora quaderna	Arizona Hairstreak	
Erynnis	Duskywings	
Erynnis afranius	Afranius Duskywing	
Erynnis baptisiae	Wild Indigo Duskywing	
Erynnis brizo	Sleepy Duskywing	
Erynnis brizo brizo	Eastern Sleepy Duskywing	
Erynnis funeralis	Funereal Duskywing	
Erynnis horatius	Horace'S Duskywing	
Erynnis icelus	Dreamy Duskywing	
Erynnis juvenalis	Juvenal'S Duskywing	
Erynnis juvenalis juvenalis	Northern Juvenal'S Duskywing	
Erynnis lucilius	Columbine Duskywing	
Erynnis marloyi	Inky Skipper	
Erynnis martialis	Mottled Duskywing	
Erynnis meridianus	Meridian Duskywing	
Erynnis pacuvius	Pacuvius Duskywing	
Erynnis pelias	Frosted Duskywing	
Erynnis persius	Persius Duskywing	
Erynnis persius borealis	Boreal Duskywing	
Erynnis persius persius	Persius Duskywing	
Erynnis propertius	Propertius Duskywing	
Erynnis scudderi	Scudder'S Duskywing	
Erynnis tages	dingy skipper|Dingy Skipper	point de hongrie|Point-de-Hongrie|Point de Hongrie|le Point-de-Hongrie
Erynnis tages tages	Dingy Skipper	
Erynnis telemachus	Rocky Mountain Duskywing	
Erynnis tristis	Mournful Duskywing	
Erynnis tristis pattersoni	Dark-Fringed Mournful Duskywing	
Erynnis zarucco	Zarucco Duskywing	
Erysichton lineata	Hairy Line Blue	
Estigmene	Ermine Moths	
Estigmene acrea	Salt Marsh Moth|Saltmarsh Caterpillar	
Etainia ochrefasciella	Hard Maple Budminer Moth	
Etainia sericopeza	Leafminer|Norway Maple Pigmy Moth|Norway-Maple Pigmy	
Ethmia bipunctella	Bordered Ermel|Viper'S Bugloss Moth|Viper's bugloss moth	
Ethmia dodecea	Dotted Ermel	
Ethmia longimaculella	Streaked Ethmia Moth	
Ethmia nigroapicella	Kou leaf worm	
Ethmia pusiella	Striped Ermel	
Ethmia pyrausta	Mountain Ermel	
Ethmia quadrillella	Comfrey Ermel	
Ethmia submissa	Moth	
Ethmia terminella	Five-spot Ermel	
Ethmia zelleriella	Zeller'S Ethmia|Zeller'S Ethmia Moth	
Ethope diademoides	White Diadem	
Ethope himachala	Dusky Diadem	
Ethope noirei	Starry Diadem	
Etiella zinckenella	Gold-banded etiella moth|Legume Knot-horn	
Euacidalia brownsvillea	Cankerworm	
Eubaphe mendica	Beggar|Beggar Moth	
Eubaphe meridiana	Little Beggar	
Eublemma accedens	Moth	
Eublemma anachoresis	Yellow and purple banded moth	
Eublemma candidana		L'Anthophile superbe
Eublemma minutata	Scarce Marbled	
Eublemma ostrina	purple marbled|Purple marbled|Purple Marbled	L'Anthophile pourprée
Eublemma parva	small marbled|Small Marbled	L'Anthophile des Inules
Eublemma purpurina	Beautiful Marbled	La Noctuelle purpurine
Eucarta amethystina	Cumberland Green|Cumberland Gem	
Eucarta virgo	Silvery Gem	
Euchaetes egle	Milkweed Tussock Moth	
Euchalcia modestoides		La Plusie modeste
Euchalcia variabilis	Purple-Shaded Gem|Purple-shaded Gem	
Eucheira socialis	Madrone White	
Euchlaena amoenaria	Deep Yellow Euchlaena	
Euchlaena effecta	Effective Euchlaena Moth	
Euchlaena irraria	Least-Marked Euchlaena|Least-Marked Euchlaena Moth|Least-marked Euchlaena	
Euchlaena johnsonaria	Johnson'S Euchlaena|Johnson'S Euchlaena Moth|Johnson's Euchlaena	
Euchlaena madusaria	Scrub Euchlaena Moth	
Euchlaena marginaria	Ochre Euchlaena Moth	
Euchlaena muzaria	Muzaria Euchlaena|Muzaria Euchlaena Moth	
Euchlaena obtusaria	Obtuse Euchlaena Moth|Obtuse Euchlaena	
Euchlaena pectinaria	Forked Euchlaena|Forked Euchlaena Moth	
Euchlaena serrata	Saw Wing|Saw-Wing|Saw-Wing Moth	
Euchlaena tigrinaria	Mottled Euchlaena Moth	
Euchloe	Dappled Whites	
Euchloe ausonia	Dappled White|Eastern Dappled White|Pearl White	
Euchloe ausonides	Creamy Marblewing|Large Marble	
Euchloe bazae	Spanish Greenish Black-tip|Fabiano´S Greenish Black-Tip|Spanish Greenish Black-Tip|Fabiano´s Greenish Black-tip	Piéride soufrée de Fabiano
Euchloe belemia	Green-striped White|Green Stripped White	Zébré du sisymbre
Euchloe crameri	Western Dappled White|Dappled White|Westen Dappled White	la Piéride des biscutelles|Marbré de Cramer|Pièride de la biscutelle
Euchloe creusa	Northern Marblewing|Northern Marble	
Euchloe eversi	Tenerife Green-Striped White|Tenerife Green-striped White	
Euchloe falloui	Scarce Green-striped White|Scarce Green-Striped White	
Euchloe grancanariensis	Gran Canaria Green-Striped White|Gran Canaria Green-striped White	
Euchloe guaymasensis	Sonoran Marble	
Euchloe hesperidum	Canary Green-striped White|Fuerteventura Green-striped White|Rothschild´s striped white	Zébré de Rothschild
Euchloe hyantis	California Marble|Pearly Marblewing|Pearly Marble	
Euchloe hyantis andrewsi	Andrew'S Marble	
Euchloe hyantis hyantis	'California' Pearly Marble	
Euchloe insularis	Corsican Dappled White	le Marbré de Corse
Euchloe lotta	Desert Marble	
Euchloe naina	Green Marble	
Euchloe olympia	Olympia|Olympia Marble|Olympia Marblewing	
Euchloe pechi	Algerian Dappled White	
Euchloe simplonia	Mountain Dappled White|Dappled White	Piéride des biscutelles|la Piéride de la roquette|Marbré de Freyer
Euchloe tagis	Portuguese Dappled White	le Marbré de Lusitanie|Marbré de Lusitanie|Marbré portugais
Euchoeca nebulata	dingy shell|Dingy Shell	fidonie hépatique|La Cidarie de l'Aulne
Euchromia lethe	Basker	
Euchromius ocellea	Necklace veneer moth|Eyed Veneer	
Euchrysops barkeri	Barker's Smoky Blue|Barker'S Smoky Blue	
Euchrysops dolorosa	Sabie Smoky Blue	
Euchrysops malathana	Common Smoky Blue	
Euchrysops osiris	African Blue|African Cupid|Osiris Smoky Blue	
Euchrysops subpallida	Ashen Smoky Blue	
Eucirroedia pampina	Scalloped Sallow|Scalloped Sallow Moth	
Euclea delphinii	Spiny Oak-Slug Moth|Spiny Slug Caterpillar	
Euclemensia bassettella	Kermes Scale Moth	
Euclemensia woodiella	Yellow-blotch Cosmet	
Euclidia cuspidea	Toothed Somberwing|Toothed Somberwing Moth	
Euclidia glyphica	burnet companion|Burnet Companion	doublure jaune|La Doublure jaune
Euclidia mi	Mother Shipton	Le Mi
Eucopina	Pine Cone- And Shoot-Borer Moths	
Eucopina gloriola	White-Pine Shoot Borer Moth	
Eucopina tocullionana	White Pinecone Borer Moth	
Eucoptocnemis fimbriaris	Fringed Dart	
Eucosma aemulana	Obscure Bell	
Eucosma aspidiscana	Golden-rod Bell	
Eucosma campoliliana	Marbled Bell	
Eucosma cana	Hoary Belle	
Eucosma conterminana	Pale Lettuce Bell	
Eucosma fulvana	Fulvous Bell	
Eucosma hohenwartiana	Bright Bell	
Eucosma lacteana	Maritime Bell	
Eucosma metzneriana	Mugwort Bell	
Eucosma obumbratana	Two-coloured Bell	
Eucosma ochroterminana	Buff-Tipped Eucosma Moth	
Eucosma olivaceana	Olivaceous Eucosma Moth	
Eucosma parmatana	Aster Eucosma Moth	
Eucosma pupillana	Eyed Bell	
Eucosma raracana	Reddish Eucosma Moth	
Eucosma striatana	Striated Eucosma Moth	
Eucosma tomonana	Aster-Head Eucosma Moth	
Eucosma tripoliana	Saltmarsh Bell	
Eucosma umbrastriana	Smoky-Striped Eucosoma	
Eucosma verna	Speckled Phaneta Moth	
Eucosmomorpha albersana	Honeysuckle Bell	
Eudarcia atlantica	Moth	
Eudarcia richardsoni	Dorset Tineid Moth|Dorset Clothes	
Eudeilinia herminiata	Northern Eudeilinea Moth|Northern Eudeilinia Moth	
Eudemis porphyrana	Apple Marble	
Eudemis profundana	Diamond-back Marble	
Eudocima phalonia	Wasp	
Eudonia alpina	Highland Grey	
Eudonia angustea	Narrow-winged Grey	L'Eudorée anguleuse
Eudonia delunella	Pied Grey	Eudorée des lichens
Eudonia heterosalis	Mcdunnough'S Eudonia	
Eudonia interlinealis	Moth	
Eudonia lacustrata	Little Grey|Whitethorn Grey	
Eudonia lineola	White-line Grey	
Eudonia luteusalis	Moth	
Eudonia melanographa	Moth	
Eudonia mercurella	Small Grey	
Eudonia murana	Moorland Grey	
Eudonia strigalis	Striped Eudonia Moth	
Eudonia truncicolella	Ground-moss Grey	
Eudryas grata	Beautiful Wood-Nymph|Beautiful Wood-Nymph Moth|Beautiful Wood-nymph	
Eudryas unio	Pearly Wood-Nymph|Pearly Wood-Nymph Moth	
Eueides isabella	Isabella'S Longwing|Isabella'S Heliconian	
Eueides procula	Nonpassionate Heliconian	
Eueretagrotis attentus	Attentive Dart|Attentive Dart Moth	
Eueretagrotis perattentus	Two-Spot Dart Moth|Two-Spotted Dart	
Eueretagrotis sigmoides	Sigmoid Dart|Sigmoid Dart Moth	
Eufidonia	Powdered Geometer Moths	
Eufidonia convergaria	Pine Powder Moth	
Eufidonia discospilata	Sharp-Lined Powder Moth	
Eufidonia notataria	Powder Moth	
Eugnorisma depuncta	Plain Clay	
Eugnorisma glareosa	Autumnal Rustic	La Noctuelle à L double
Eugnosta lathoniana	Silver-blotched Conch	
Eugonobapta nivosaria	Snowy Geometer|Snowy Geometer Moth	
Eugraphe sigma		La Diarsie du Cornouiller
Euhyponomeuta stannella	Orpine Ermel	
Eulaceura osteria kumana	Purple Duke	
Eulepidotis addens	Eulepidotis Moth	
Eulepidotis striaepuncta	Cutworm moth	
Eulepte gastralis	Leaf Skeletonizing Crambid Moth	
Eulia ministrana	Brassy Twist|Ferruginous Eulia Moth	
Eulithis diversilineata	Grapevine Looper|Lesser Grapevine Looper Moth	
Eulithis explanata	White Eulithis|White Eulithis Moth	
Eulithis gracilineata	Greater Grapevine Looper Moth	
Eulithis mellinata	spinach|Cankerworm|Spinach|The Spinach	cidarie marbrée|La Cidarie marbrée
Eulithis populata	northern spinach|Northern Spinach	cidarie du peuplier|La Cidarie du Peuplier
Eulithis propulsata	Currant Eulithis Moth	
Eulithis prunata	phoenix|Phoenix	cidarie du prunier|La Cidarie du Prunier
Eulithis testata	Chevron|Chevron Moth|chevron	cidarie agate|La Cidarie agate
Eulogia ochrifrontella	Broad-Banded Eulogia Moth	
Eumacaria latiferrugata	Brown-Bordered Geometer Moth|Brown-bordered Geometer Moth	
Eumacaria madopata	Brown-Bordered Geometer|Brown-Bordered Geometer Moth|Brown-bordered Geometer	
Eumacrodes yponomeutaria	Slender Geometrid Moth	
Eumaeus atala	Atala	
Eumaeus toxana	Toxana	
Eumaeus toxea	Mexican Cycadian	
Eumarozia malachitana	Sculptured Moth	
Eumedonia eumedon	Geranium Argus|Geranium argus	Argus de la sanguinaire
Eumorpha achemon	Achemon Sphinx	
Eumorpha fasciatus	Banded Sphinx|Lesser Vine Sphinx	
Eumorpha intermedia	Intermediate Sphinx	
Eumorpha labruscae	Gaudy Sphinx	
Eumorpha pandorus	Pandora Sphinx|Pandorus Sphinx|Pandorus Sphinx Moth	
Eumorpha satellitia	Satellite Sphinx	
Eumorpha vitis	Vine Sphinx	
Eunica alpais	Shining Purplewing	
Eunica caelina	Mottled Purplewing	
Eunica concordia	Sandbar Purplewing	
Eunica cuvierii	Cuvier'S Purplewing	
Eunica monima	Dingy Purplewing	
Eunica norica	Norica Purplewing	
Eunica sophonisba	Glorious Purplewing	
Eunica tatila	Florida Purplewing	
Eupackardia calleta	Calleta Silkmoth	
Euparthenos nubilis	Locust Underwing|Locust Underwing Moth	
Euphaedra acuta	Acute Pink Forester	
Euphaedra crossei	Crosse's Forester	
Euphaedra delera	Brown Ceres Forester	
Euphaedra eupalus	Western Blue-banded Forester	
Euphaedra imitans	Equatorial Mimic Forester	
Euphaedra inanum	Unmarked Ceres Forester	
Euphaedra janetta	Janetta Themis Forester	
Euphaedra losinga	Dark Brown Forester	
Euphaedra medon	Widespread Forester	
Euphaedra modesta	Modest Themis Forester	
Euphaedra neophron	Gold-banded Forester|Gold-Banded Forester	
Euphaedra neophron neophron	Gold-banded Forester|Gold-Banded Forester	
Euphaedra neumanni	Ethiopian Forester	
Euphaedra phaethusa	Common Ceres Forester	
Euphaedra piriformis	Pear-banded Forester|Pear-Banded Forester	
Euphaedra plantroui	Plantrou’s Forester	
Euphaedra ruspina	Common Orange Forester	
Euphaedra simplex	Simple Orange Forester	
Euphaedra splendens	Splendid Themis Forester	
Euphaedra themis	Themis Forester	
Euphaedra xypete	Common Pink Forester	
Euphaedra zampa	Green Orange Forester	
Euphilotes	American Dotted Blues	
Euphilotes battoides	Square-Spotted Blue	
Euphilotes battoides allyni	'El Segundo' Square-Spotted Blue|El Segundo Blue|El Segundo Blue Butterfly	
Euphilotes ellisii	Ellis'S Blue	
Euphilotes enoptes	Dotted Blue	
Euphilotes enoptes dammersi	'Dammer'S ' Dotted Blue	
Euphilotes enoptes primavera	Early Blue	
Euphilotes enoptes smithi	Smith Blue|Smith'S Blue Butterfly	
Euphilotes mojave	Mojave Blue	
Euphilotes mojave virginensis	Northern Mojave Blue	
Euphilotes rita	Rita Blue	
Euphilotes spaldingi	Spalding'S Blue	
Euphydryas aurinia	marsh fritillary|Marsh Fritillary|Marsh Fritillary Butterfly	damier de la succise|Damier de la succise|Damier de la Succise|le Damier de la succise
Euphydryas aurinia aurinia		Damier de la succise (aurinia)
Euphydryas desfontainii	Spanish Fritillary	le Damier des knauties|Damier de Godart
Euphydryas maturna	Scarce Fritillary	le Damier du frêne
Euphydryas phaeton	Baltimore Checkerspot	
Euphyes arpa	Palmetto Skipper	
Euphyes bayensis	Bay Skipper	
Euphyes berryi	Berry'S Skipper	
Euphyes bimacula	Two-spotted Skipper|Two-Spotted Skipper	
Euphyes conspicua	Black Dash	
Euphyes dion	Dion Skipper	
Euphyes dukesi	Dukes' Skipper	
Euphyes pilatka	Palatka Skipper	
Euphyes singularis	Singularis Skipper	
Euphyes vestris	Dun Skipper	
Euphyes vestris harbisoni	Harbison'S Dun Skipper	
Euphyes vestris vestris	Western Dun Skipper	
Euphyia biangulata	cloaked carpet|Cloaked Carpet	cidarie-pivert|La Cidarie-Pivert
Euphyia frustata		La Larentie fruste
Euphyia intermediata	American Sharp-Angled Carpet|Sharp-Angled Carpet|Sharp-Angled Carpet Moth|Sharp-angled Carpet	
Euphyia unangulata	sharp-angled carpet|Sharp-angled Carpet|Sharp-Angled Carpet	cidarie à bec|La Cidarie à bec
Eupithecia	Pug Moths	
Eupithecia abbreviata	brindled pug|Brindled Pug	eupithécie printanière|L'Eupithécie printanière
Eupithecia abietaria	cloaked pug|Cloaked Pug	eupithécie du sapin|L'Eupithécie du Sapin
Eupithecia absinthiata	Ling Pug|Wormwood Pug|wormwood pug	eupithécie de labsinthe|L'Eupithécie de l'Absinthe
Eupithecia actaeata		L'Eupithécie de l'actée
Eupithecia albicapitata	Spruce Cone Geometer	
Eupithecia analoga		petite eupithécie du sapin|L'Eupithécie des galles, la petite Eupithécie du Sapin
Eupithecia annulata	Larch Pug Moth	
Eupithecia assimilata	Currant Pug|currant pug	eupithécie du groseiller|L'Eupithécie du Groseillier
Eupithecia breviculata	Rusty-shouldered Pug	
Eupithecia cauchiata	Doubleday's Pug	L'Eupithécie de Cauchy
Eupithecia centaureata	lime-speck pug|Lime-speck Pug|Lime-Speck Pug	eupithécie à tirets|L'Eupithécie des Centaurées, l'Eup. oblongue
Eupithecia denotata	campanula pug|Campanula Pug	eupithécie des campanules|L'Eupithécie des Campanules
Eupithecia denotata denotata	Campanula Pug	
Eupithecia denotata jasioneata	Jasione Pug	
Eupithecia distinctaria	Thyme Pug	
Eupithecia distinctaria constrictata	Thyme Pug	
Eupithecia dodoneata	oak-tree pug|Oak-tree Pug|Oak-Tree Pug	eupithécie sagittée|L'Eupithécie sagittée
Eupithecia egenaria	pauper pug|Fletcher's Pug|Pauper Pug|Fletcher's Pug or Pauper Pug	eupithécie du tilleul|L'Eupithécie du Tilleul
Eupithecia exiguata	mottled pug|Mottled Pug	eupithécie de laubépine|L'Eupithécie de l'Aubépine
Eupithecia expallidata	bleached pug|Bleached Pug	eupithécie délavée|L'Eupithécie délavée
Eupithecia extensaria	Scarce Pug	
Eupithecia extensaria occidua	Scarce Pug	
Eupithecia extraversaria		L'Eupithécie à tirets
Eupithecia haworthiata	haworths pug|Haworth's Pug	eupithécie de la clématite|L'Eupithécie de la Clématite
Eupithecia icterata	tawny speckled pug|Tawny Speckled Pug|Tawny-Speckled Pug	eupithécie frappée|L'Eupithécie frappée
Eupithecia icterata subfulvata	Tawny Speckled Pug	
Eupithecia impurata		eupithécie impure|L'Eupithécie impure
Eupithecia indigata	ochreous pug|Ochreous pug|Ochreous Pug	eupithécie dénuée|l'Eupithécie dénuée
Eupithecia innotata	angle-barred pug|Angle-barred Pug|Angle-Barred Pug	eupithécie réputée|L'Eupithécie réputée
Eupithecia innotata fraxinata	Ash Pug	
Eupithecia innotata tamarisciata	Tamarisk Pug	
Eupithecia insigniata	pinion-spotted pug|Pinion-spotted Pug|Pinion-Spotted Pug	L'Eupithécie distinguée
Eupithecia interruptofasciata	Juniper Looper Moth|Juniper Pug	
Eupithecia intricata	freyers pug|Freyer's Pug	eupithécie embrouillée|L'Eupithécie embrouillée
Eupithecia intricata arceuthata	Freyer's Pug	
Eupithecia intricata hibernica	Mere's Pug	
Eupithecia intricata millieraria	Edinburgh Pug	
Eupithecia inturbata	Maple Pug	L'Eupithécie de l'Erable, l'Eupithécie paisible
Eupithecia irriguata	marbled pug|Marbled Pug	eupithécie arrosée|L'Eupithécie arrosée
Eupithecia lanceata		eupithécie de lépicéa|L'Eupithécie de l'Epicéa
Eupithecia laquaearia		eupithécie lambrissée|L'Eupithécie lambrissée
Eupithecia lariciata	Larch Pug Moth|Larch Pug|larch pug	eupithécie du mélèze|L'Eupithécie du Mélèze
Eupithecia linariata	toadflax pug|Toadflax Pug	eupithécie de la linaire|L'Eupithécie de la Linaire
Eupithecia massiliata	Epping Pug	
Eupithecia millefoliata	yarrow pug|Yarrow Pug	eupithécie du millefeuille|L'Eupithécie de la Millefeuille
Eupithecia miserulata	Common Eupithecia|Common Eupithecia Moth	
Eupithecia misturata	Tamarack Looper	
Eupithecia mutata	Cloaked Pug|Spruce Cone Looper|Spruce Cone Looper Moth|Spruce Cone Pug	
Eupithecia nanata	narrow-winged pug|Narrow-winged Pug|Narrow-Winged Pug	eupithécie naine|L'Eupithécie naine
Eupithecia ogilviata	Geometer Moth	
Eupithecia palpata	Small Pine Looper|Small Pine Looper Moth	
Eupithecia phoeniceata	Cypress pug|Cypress Pug	L'Eupithécie du Cyprès
Eupithecia pimpinellata	pimpinel pug|Pimpinel Pug	eupithécie du boucage|l'Eupithécie du Boucage
Eupithecia plumbeolata	lead-coloured pug|Lead-coloured Pug|Lead-Coloured Pug	eupithécie du mélampyre|l'Eupithécie du Mélampyre
Eupithecia pulchellata	Foxglove Pug	L'Eupithécie de la Digitale pourpre
Eupithecia pusillata	juniper pug|Juniper Pug	eupithécie chétive|L'Eupithécie chétive
Eupithecia pygmaeata	marsh pug|Marsh Pug	eupithécie pygmée|L'Eupithécie Pygmée
Eupithecia ravocostaliata	Great Varigated Pug|Tawny Eupithecia|Tawny Eupithecia Moth	
Eupithecia satyrata	Satyr Pug|Satyr Pug Moth|satyr pug	eupithécie satyre|L'Eupithécie satyre
Eupithecia satyrata satyrata	Satyr Pug	
Eupithecia selinata		eupithécie du persil|l'Eupithécie du Persil
Eupithecia semigraphata		L'Eupithécie des Labiées
Eupithecia sheppardata	Alder Looper	
Eupithecia simpliciata	plain pug|Plain Pug	eupithécie du chénopode|L'Eupithécie du Chénopode
Eupithecia sinuosaria	Goosefoot Pug	
Eupithecia strattonata	Spirea Looper	
Eupithecia subfuscata	Gray Pug|Grey Pug|Grey Pug Moth|grey pug	eupithécie noirâtre|L'Eupithécie noirâtre
Eupithecia subumbrata	shaded pug|Shaded Pug	eupithécie des friches|L'Eupithécie des friches
Eupithecia succenturiata	bordered pug|Bordered Pug	eupithécie substituée|L'Eupithécie substituée
Eupithecia tantillaria	dwarf pug|Dwarf Pug	eupithécie des résineux|L'Eupithécie des Résineux
Eupithecia tenuiata	slender pug|Slender Pug	eupithécie des saules|L'Eupithécie des Saules
Eupithecia tripunctaria	white-spotted pug|White-spotted Pug|White-Spotted Pug	eupithécie triponctuée|l'Eupithécie triponctuée
Eupithecia trisignaria	triple-spotted pug|Triple-spotted Pug|Triple-Spotted Pug	eupithécie trisignée|L'Eupithécie trisignée
Eupithecia ultimaria	Channel Islands Pug	Eupithécie du Tamaris
Eupithecia valerianata	valerian pug|Valerian Pug	eupithécie de la valériane|L'Eupithécie de la Valériane
Eupithecia venosata	netted pug|Netted Pug	eupithécie veinée|L'Eupithécie veinée
Eupithecia venosata venosata	Netted Pug	
Eupithecia virgaureata	golden-rod pug|Golden-rod Pug|Golden-Rod Pug	eupithécie de la verge dor|L'Eupithécie de la Verge d'Or
Eupithecia vulgata	common pug|Common Pug	eupithécie austère|L'Eupithécie austère
Euplagia quadripunctaria	jersey tiger|Jersey Tiger	ecaille chinée|L'Ecaille chinée
Euplexia benesimilis	American Angle Shades|American Angle Shades Moth	
Euplexia lucipara	small angle shades|Small Angle Shades	brillante|La Luisante
Euplocamus anthracinalis	Black Clothes	
Euploea albicosta	Biak Dark Crow	
Euploea alcathoe	No-Brand Crow	
Euploea algea abjecta	Outcast Crow	
Euploea batesii	Bates' Crow	
Euploea blossomae	Schaus' Crow	
Euploea caespes	Murphy's Crow	
Euploea camaralzeman	Malayan Crow Butterfly	
Euploea climena	Climena Crow	
Euploea configurata	Sulawesi Striped Blue Crow	
Euploea cordelia	Cordelia's Crow	
Euploea crameri bremeri	Spotted Black Crow	
Euploea dentiplaga	Seram Crow	
Euploea doretta	Pagenstecher's Crow|Pagenstecher'S Crow	
Euploea eboraci	Bismark Crow	
Euploea eunice	Blue-Banded King Crow Butterfly	
Euploea eupator	Sulawesi Pied Crow	
Euploea euphon	Mascarene Crow	
Euploea eyndhovii	Striped Black Crow Butterfly	
Euploea gamelia	Javan Crow	
Euploea klugii klugii	Blue King Crow	
Euploea lacon	Spartan Crow	
Euploea latifasciata	Weymer's Crow|Weymer'S Crow	
Euploea magou	Magou	
Euploea martinii	Sumatran Crow	
Euploea midamus	Blue-Spotted Crow Butterfly	
Euploea mitra	Seychelles Crow	
Euploea mulciber	Striped Blue Crow Butterfly	
Euploea radamanthus	Magpie Crow Butterfly	
Euploea radamanthus radamanthus	Magpie Crow	
Euploea redtenbacheri	Malayan Crow	
Euploea swainson	Swainson's Crow	
Euploea sylvester	Double-Branded Crow Butterfly	
Euploea sylvester harrisii	Indo-Chinese Double-Branded Blue Crow	
Euploea tobleri	Tobler's Crow	
Euploea tripunctata	Biak Threespot Crow	
Euploea westwoodii	Westwood'S King Crow	
Eupoecilia ambiguella	Vine Moth	
Eupoecilia angustana	Marbled Conch	
Euproctis chrysorrhoea	Brown-Tail|Browntail Moth|Browntail moth|Brown-tail	Le Cul-brun
Euproctis similis	Yellow-Tail|Yellow-tail	
Euproserpinus wiesti	Prairie Sphinx Moth	
Eupsilia devia	Lost Sallow|Lost Sallow Moth	
Eupsilia morrisoni	Morrison'S Sallow|Morrison'S Sallow Moth	
Eupsilia transversa	satellite|Satellite	satellite|Le Satellite
Eupsilia tristigmata	Three-Spotted Sallow|Three-Spotted Sallow Moth	
Eupsilia vinulenta	Straight-Toothed Sallow|Straight-Toothed Sallow Moth	
Euptoieta claudia	Variegated Fritillary	
Euptoieta hegesia	Mexican Fritillary	
Euptychia fetna	Orange-Patched Satyr	
Eurema	Grass Yellows	
Eurema agave	Agave Yellow	
Eurema albula	Ghost Yellow|White Yellow	
Eurema amelia	Cuban Yellow	
Eurema andersoni	One-spot Yellow Grass|One-spot Grass Yellow|One-Spot Grass Yellow|One-Spot Yellow Grass	
Eurema blanda	Three-spot Grass Yellow|Three-Spot Grass Yellow	
Eurema boisduvaliana	Boisduval'S Yellow	
Eurema brigitta	Broad-bordered Grass Yellow|Small Grass Yellow|Broadbordered Grass Yellow|Broad-Bordered Grass Yellow	
Eurema brigitta brigitta	Broad-bordered Grass Yellow|Broad-Bordered Grass Yellow	
Eurema daira	Barred Sulphur|Barred Yellow|Fairy Yellow	
Eurema daira palmira	Antillean Barred Yellow	
Eurema desjardinsii	Angled Grass Yellow	
Eurema elathea	Banded Yellow|Baton Yellow|False Barred Yellow|Small Banded Yellow|Straight-Barred Grass Yellow|Straight-barred Grass Yellow	
Eurema floricola	Malagasy Grass Yellow	
Eurema hapale	Marsh Grass Yellow|Pale Grass Yellow	
Eurema hecabe	Pale Grass Yellow	
Eurema herla	Macleay'S Grass Yellow	
Eurema lacteola	Scarce Grass Yellow	
Eurema laeta	Spotless Grass Yellow	
Eurema lisa	Little Sulphur|Little Yellow	
Eurema lucina	Smudged Yellow	
Eurema mandarina	Japanese Common Grass Yellow	
Eurema mandarinula	Mandarin Grass Yellow	
Eurema mexicana	Mexican Yellow	
Eurema nilgiriensis	Nilgiri Grass Yellow	
Eurema puella	Broad Margined Grass Yellow	
Eurema regularis	Regular Grass Yellow	
Eurema salome	Salome Yellow	
Eurema senegalensis	Forest Grass Yellow	
Eurema simulatrix	Hill Grass Yellow	
Eurema simulatrix tecmessa	Hill Grass Yellow	
Eurhodope cirrigerella	Hairy Knot-horn	
Euriphene barombina	Common Nymph	
Euriphene lomaensis	Loma Nymph	
Euriphene obani	Oban Nymph	
Euriphene obtusangula	Banded Nymph	
Euripus consimilis meridionalis	Sahyadri Painted Courtesan	
Euripus nyctelius	Courtesan	
Euripus nyctelius nyctelius	Sylhet Courtesan	
Eurois astricta	Great Brown Dart	
Eurois occulta	Great Brocade|Great Brocade Moth|Great Gray Dart|great brocade	occulte|L'Occulte
Euryphura achlys	Mottled Green Nymph|Mottled-green Nymph|Mottled-Green Nymph	
Euryphura chalcis	Common Commander	
Euryphura plautilla	Hewitson’S Commander	
Eurytela dryope	Golden Piper	
Eurytela dryope angulata	Golden Piper	
Eurytela hiarbas	Pied Piper	
Eurytela hiarbas angustata	Pied Piper	
Eurytides dolicaon	Dolicaon Kite Swallowtail|Thin-Tailed Kite-Swallowtail	
Eurytides iphitas	Yellow Kite|Yellow Kite Swallowtail	
Eusarca confusaria	Confused Eusarca|Confused Eusarca Moth	
Eusarca fundaria	Dark-edged Eusarca Moth	
Euschemon rafflesia	Regent Skipper	
Euscirrhopterus poeyi	Cutworm moth	
Eusphecia melanocephala	Aspen Clearwing	Sésie du Tremble
Euspilapteryx auroguttella	Gold-dot slender|Gold-dot Slender	
Eustixia pupula	American Cabbage Pearl|Spotted Peppergrass Moth	
Eustroma reticulata	Netted Carpet	La Cidarie réticulée
Euthalia aconthea gurda	The Baron	
Euthalia aconthea meridionalis	Dakhan Baron	
Euthalia adonia	Green Baron	
Euthalia djata	Red-Spot Baron	
Euthalia durga	Blue Duke	
Euthalia eriphylae	Grey-Tipped Baron	
Euthalia kanda	Yellow Baron	
Euthalia lubentina arasada	Sahyadri Gaudy Baron	
Euthalia malaccana	Fruhstorfer'S Baron	
Euthalia merta	White Tipped Baron|White-Tipped Baron	
Euthalia monina	Powdered Baron	
Euthalia monina monina	Malay Baron	
Euthalia nara	Bronze Duke	
Euthalia phemius	White-Edged Blue Baron	
Euthalia recta	Redtail Marquis	
Euthalia telchinia	Blue Baron	
Euthalia whiteheadi	Tri-Coloured Baron	
Euthecta cooksoni	Cookson’s Buff	
Euthrix potatoria	drinker|Drinker	buveuse|La Buveuse
Euthyatira pudens	Dogwood Thyatirid Moth	
Eutrapela clemataria	Curve-Toothed Geometer Moth|Curved-Toothed Geometer	
Eutricopis nexilis	White-spotted Midget Moth	
Euxoa albipennis	White-Striped Dart	
Euxoa aquilina		La Noctuelle Aquiline
Euxoa bostoniensis	Boston Dart|Boston Dart Moth	
Euxoa cursoria	Coast Dart	La Noctuelle mêlée
Euxoa declarata	Clear Dart	
Euxoa detersa	Rubbed Dart|Sand Cutworm	
Euxoa messoria	Darksided Cutworm|Reaper Dart|Reaper Dart Moth	
Euxoa nigricans	Garden Dart	Le Noir-Atre
Euxoa obelisca	Square-spot Dart|Square-Spot Dart	La Noctuelle Obélisque
Euxoa obelisca grisea	Square-spot Dart	
Euxoa obeliscoides	Obelisk Dart|Obelisk Dart Moth	
Euxoa ochrogaster	Red-Backed Cutworm Moth|Redbacked Cutworm	
Euxoa perpolita	Polished Dart	
Euxoa pleuritica	Fawn Brown Dart	
Euxoa redimicula	Fillet Dart|Fillet Dart Moth	
Euxoa scandens	White Cutworm	
Euxoa tessellata	Striped Cutworm|Tessellate Dart|Tessellate Dart Moth	
Euxoa tritici	White-line Dart|White-Line Dart|Small White-line Dart|Dusky Dart	La Noctuelle cryptée
Euxoa velleripennis	Fleece-Winged Dart|Fleece-Winged Dart Moth|Fleece-winged Dart	
Euxoa violaris	Violet Dart Moth	
Euzophera bigella	Peach Knot-horn	
Euzophera cinerosella	Wormwood Knot-horn	
Euzophera osseatella	Potato Knot-horn	
Euzophera pinguis	Ash-bark Knot-horn	
Euzophera semifuneralis	American Plum Borer Moth	
Evenus regalis	Regal Hairstreak	
Everes lacturnus	Orange-Tipped Pea-Blue	
Evergestis extimalis	Marbled Yellow Pearl	
Evergestis forficalis	Garden Pebble	la Pyrale fourchue
Evergestis limbata	Dark Bordered Pearl	
Evergestis pallidata	Chequered Pearl|Crambid Moth|Purple-Backed Cabbageworm Moth|Crambid moth	
Evergestis rimosalis	Cross-Striped Cabbageworm Moth	
Evergestis unimacula	Large-Spotted Evergestis Moth	
Evora hemidesma	Spirea Leaftier Moth	
Exaeretia allisella	Mugwort Flat-body	
Exaeretia ciniflonella	Scotch Flat-body	
Exapate congelatella	Autumnal Shade	
Exelis pyrolaria	Fine Lined Gray	
Exometoeca nycteris	Western Flat	
Exoteleia dodecella	Pine bud moth|Pine Groundling	
Exyra fax	Pitcher Plant Moth	
Fabriciana adippe	High Brown Fritillary	Moyen nacré
Fabriciana niobe	Niobe Fritillary	Chiffre
Fabula zollikoferi	Scarce Arches	
Fagitana littera	Marsh Fern Moth	
Fagivorina arenaria	speckled beauty|Speckled Beauty	boarmie veuve|La Boarmie veuve
Falcaria lacertinaria	scalloped hook-tip|Scalloped Hook-tip|Scalloped Hook-Tip	lacertine|La Lacertine, le Lézard
Falcuna leonensis	Western Marble	
Falseuncaria degreyana	Breckland Conch	
Falseuncaria ruficiliana	Red-fringed Conch	
Faunis kirata	Broad Striped Faun	
Faunis phaon	Faun Butterfly	
Faunis stomphax	Banded Faun	
Feltia geniculata	Knee-Joint Dart|Knee-Joint Dart Moth	
Feltia herilis	Master'S Dart|Master'S Dart Moth	
Feltia jaculifera	Dingy Cutworm Moth	
Feltia subgothica	Gothic Dart|Subgothic Dart|Subgothic Dart Moth	
Feltia subterranea	Granulate Cutworm|Tawny Shoulder|granulate cutworm|Granulate cutworm	
Feltia tricosa	Confused Dart Moth|Tricose Dart	
Feniseca	North American Harvesters	
Feniseca tarquinius	Harvester	
Feralia comstocki	Comstock'S Sallow|Comstock'S Sallow Moth	
Feralia jocosa	Joker|Joker Moth	
Feralia major	Major Sallow|Major Sallow Moth	
Filatima pseudacaciella	Dusky-Backed Filatima Moth	
Fishia illocata	Wandering Brocade Moth	
Fomoria weaveri	Cowberry Pigmy	
Fresna netopha	Common Acraea Skipper	
Fresna nyassae	Variegated Acraea Hopper	
Freyeria trochylus	Grass Jewel	
Friedlanderia cicatricella	Club-rush Veneer	
Fulda coroller	Common Fulda	
Fulda rhadama	Rhadama'S Fulda	
Fumibotys fumalis	Mint Root Borer Moth	
Furcula bicuspis	Alder Kitten	La Harpye bicuspide
Furcula bifida	Poplar Kitten	La Petite Queue-Fourchue
Furcula cinerea	Gray Furcula|Gray Furcula Moth	
Furcula furcula	Sallow Kitten	La Harpye fourchue
Furcula modesta	Modest Furcula Moth	
Furcula occidentalis	Western Furcula Moth	
Furcula scolopendrina	Zigzag Furcula Moth	
Gabara subnivosella	Snowy Gabara	
Galasa	Pinch-Winged Leaftiers	
Galasa nigrinodis	Boxwood Leaftier Moth	
Galgula partita	Wedgeling|Wedgling Moth	
Galleria mellonella	Greater Wax Moth|Wax Moth|Greater wax moth	Teigne de la cire
Galtara extensa	Madagascar moth	
Gamia shelleyi	Lesser Grand Skipper	
Gandaca harina	Tree Yellow	
Gangara lebadea	Banded Redeye	
Gangara thyrsis	Giant Redeye	
Ganyra howarthi	Howarth'S White	
Ganyra josephina	Giant White	
Ganyra phaloe	Giant White	
Garella nilotica	Black-Olive Caterpillar Moth|Black-olive caterpillar moth	
Gastropacha populifolia		feuille-morte du peuplier|La Feuille morte du Peuplier
Gastropacha quercifolia	lappet moth|Lappet	feuille-morte du chêne|La Feuille morte du Chêne
Gegenes hottentota	Marsh Hottentot Skipper	
Gegenes nostrodamus	Mediterranean Skipper	Hespérie des Berbéres|Hespérie du riz
Gegenes pumilio	Pigmy Skipper	l'Hespérie du barbon|Hespérie du barbon
Geina periscelidactylus	Grape Plume Moth	
Geina tenuidactylus	Himmelman'S Plume Moth	
Gelechia cuneatella	Long-winged Groundling	
Gelechia hippophaella	Seathorn Groundling	
Gelechia muscosella	Grey Sallow Groundling	
Gelechia nigra	Black Groundling	
Gelechia rhombella	Apple Groundling	
Gelechia sabinellus	Juniper Groundling	
Gelechia scotinella	Thicket Groundling	
Gelechia senticetella	Cypress Groundling	
Gelechia sororculella	Dark-striped Groundling	
Gelechia turpella	Grand Groundling	
Gelechiidae	Twirler Moths	
Geometra papilionaria	large emerald|Large Emerald	géomètre papillonaire|La grande Naïade, la Papillonaire
Geometridae	Cankerworms|Geometer Moth|Geometer Moths|Geometers|Measuringworms|geometer moth	
Gerdana caritella	Gerdana Moth	
Gerinia honoraria		La Phalène honorée
Geritola goodii	Good’s Epitola	
Gesta gesta	False Duskywing|Gesta Duskywing|Impostor Duskywing	
Gibberifera simplana	Least Shoot	
Gillmeria ochrodactyla	Tansy Plume	
Gillmeria pallidactyla	Yarrow Plume|Yarrow Plume Moth	
Glaphyria glaphyralis	Common Glaphyria Moth	
Glaphyria sesquistrialis	White-Roped Glaphyria|White-Roped Glaphyria Moth|White-roped Glaphyria	
Glaucolepis headleyella	Self-heal Pigmy	
Glaucopsyche alexis	Green-Underside Blue|Green-underside Blue	Azuré des cytises|l'Azuré des cytises
Glaucopsyche astraea	Anatolian Black-Eyed Blue	
Glaucopsyche lygdamus	Silvery Blue	
Glaucopsyche lygdamus arizonensis	Arizona Silvery Blue	
Glaucopsyche lygdamus australis	Southern Silvery Blue	
Glaucopsyche lygdamus columbia	Columbia Blue	
Glaucopsyche lygdamus couperi	Couper'S Blue|Silvery Blue	
Glaucopsyche lygdamus deserticola	Mojave Silvery Blue	
Glaucopsyche lygdamus lygdamus	Georgian Silvery Blue	
Glaucopsyche lygdamus minipunctum	Mini-Spotted Silvery Blue	
Glaucopsyche lygdamus nittanyensis	Appalachian Silvery Blue	
Glaucopsyche lygdamus palosverdesensis	Palos Verdes Blue Butterfly	
Glaucopsyche melanops	Black-Eyed Blue|Black-eyed Blue	l'Azuré de la badasse|Azuré à ocelles noirs
Glaucopsyche paphos	Paphos Blue	
Glaucopsyche piasus	Arrowhead Blue	
Glaucopsyche xerces	Xerces Blue	
Glena cognataria	Blueberry Gray	
Glena cribrataria	Dotted Gray	
Glenoides texanaria	Texas Gray	
Globia algae	Rush Wainscot	La Nonagrie de la Canne
Globia oblonga	Oblong Sedge Borer Moth	
Globia sparganii	Webb's Wainscot	La Nonagrie du Rubanier
Gluphisia avimacula	Four-Spotted Gluphisia Moth	
Gluphisia crenata	Dusky Marbled Brown	La Crénelée
Gluphisia crenata vertunea	Dusky Marbled Brown	
Gluphisia lintneri	Lintner'S Gluphisia Moth	
Gluphisia septentrionis	Common Gluphisia|Common Gluphisia Moth	
Glutophrissa drusilla	Florida White|Tropical White	
Glutophrissa drusilla drusilla	Florida White|Tropical White	
Glutophrissa epaphia	African Albatross|Diverse Rainforest White|Diverse White	
Glutophrissa lasti	Last's Albatross	
Glutophrissa phaola	Congo White|Dirty Albatross	
Glutophrissa punctifera	White Peacock|Antillean White|D'Almeida's White	
Glutophrissa sabina	Sabine Albatross	
Glutophrissa sylvia	Albatross|Wooldland White	
Glyphipterigidae	Sedge And False Diamondback Moths And Allies	
Glyphipterix equitella	Stonecrop Fanner	
Glyphipterix forsterella	Sedge Fanner	
Glyphipterix fuscoviridella	Plain Fanner	
Glyphipterix haworthana	Cotton-Grass Fanner|Haworth'S Glyphipterid Moth|Cotton-grass Fanner	
Glyphipterix schoenicolella	Bog-rush Fanner	
Glyphipterix semilunaris	Half-moon Sedge Moth	
Glyphipterix simpliciella	Cocksfoot Moth	
Glyphipterix thrasonella	Speckled Fanner	
Glyphodes onychinalis	Swan plant moth	
Glyphodes pyloalis	Lesser Mulberry Snout Moth	
Glyptocera consobrinella	Viburnum Glyptocera Moth	
Gnophos furvata		La Gnophos ténébreuse, la Phalène de la Viorne
Gnophos obfuscata	Scottish Annulet|Scotch Annulet	
Gnorimoschema gallaesolidaginis	Goldenrod Elliptical-Gall Moth	
Gnorimoschema streliciella	Inverness Groundling	
Godyris duillia	Dazzling Glasswing	
Godyris nero	Nero Clearwing	
Godyris zavaleta	Zavaleta Glasswing	
Gomalia elma	Green-marbled Skipper|Green-Marbled Skipper	
Gomalia elma elma	Green-marbled Skipper|Green-Marbled Skipper	
Gonepteryx amintha	Orange Brimstone	
Gonepteryx aspasia	Lesser Brimstone	
Gonepteryx cleobule	Canary Brimstone	
Gonepteryx cleopatra	Cleopatra	Citron de Provence|le Citron de Provence
Gonepteryx farinosa	Powdered Brimstone	
Gonepteryx maderensis	Madeiran Brimstone|Madeira Brimstone	
Gonepteryx mahaguru	Lesser Brimstone	
Gonepteryx rhamni	Brimstone|Common Brimstone|brimstone|Brimstone Butterfly|The Brimstone	Le Citron|citron|Citron|le Citron
Gonepteryx rhamni rhamni	Brimstone	
Gonodonta bidens	Cutworm moth	
Gorgopas trochilus	Green-Shouldered Sootywing	
Gorgyra aburae	Swollen Leaf Sitter	
Gorgyra bibulus	Black Leaf  Sitter	
Gorgyra bina	Bina Leaf Sitter	
Gorgyra diversata	Dark Leaf Sitter	
Gorgyra heterochrus	White-Tufted Leaf Sitter	
Gorgyra minima	Minimal Leaf Sitter	
Gorgyra sara	Common Leaf Sitter	
Gorgyra subfacatus	Ochreous Leaf Sitter	
Gorgyra subflavidus	East African Leaf Sitter	
Gorgythion begga	Variegated Skipper	
Gortyna borelii	Fisher's Estuarine Moth	
Gortyna borelii lunata	Fisher's Estuarine Moth	
Gortyna flavago	frosted orange|Frosted Orange	drap dor|Le Drap d'Or, La Noctuelle des Artichauts
Gracillaria syringella	Common Slender|Leafminer|Lilac Leafminer Moth|Common slender	
Gracillariidae	Leaf Blotch Miner Moths	
Graellsia isabellae	Spanish Moon Moth	
Grais stigmaticus	Hermit Skipper	
Grammia figurata	Figured Tiger Moth	
Grammia phyllira	Phyllira Tiger Moth	
Grammia placentia	Placentia Tiger Moth	
Grammia speciosa	Bog Tiger Moth	
Grammia virgo	Virgin Tiger Moth	
Grammia virguncula	Little Tiger Moth|Little Virgin Moth	
Grammodes bifasciata	Parallel Lines	
Grammodes stolida	Geometrician	La Noctuelle de la Corroyère
Graphania dives	Maori	
Graphania granti	Owlet Moth|Underwing Moth	
Graphiphora augur	Double Dart|Double Dart Moth|Soothsayer Dart|double dart	oméga|L'Oméga, La Noctuelle Augur
Graphium adamastor	Boisduval's White-lady|Boisduval'S White-Lady	
Graphium agamedes	Glassy Graphium|Westwood's White-lady|Westwood’S White Lady	
Graphium agamemnon	Green-spotted Triangle Butterfly|Tailed Jay	
Graphium agetes	Fourbar Swordtail	
Graphium agetes agetes	Assam Four-Bar Swordtail	
Graphium almansor	Almansor White-lady Swordtail|Honrath's White-lady|Uganda White Lady|Almansor White-Lady Swordtail|Honrath'S White-Lady	
Graphium androcles	Giant Swordtail	
Graphium angolanus	Angola White-lady Swordtail|Angolan White Lady|White Lady|Angola White-Lady Swordtail	
Graphium angolanus angolanus	Southern Angola White Lady	
Graphium angolanus baronis	Northern Angola White Lady	
Graphium antheus	Large Striped Swordtail	
Graphium antiphates	Fivebar Swordtail|Five-Bar Swordtail	
Graphium antiphates itamputi	Five Bar Swordtail	
Graphium aristeus	Chain Swordtail	
Graphium arycles	Spotted Jay	
Graphium auriger	Gabon Graphium	
Graphium aurivilliusi	Aurivillius' Graphium	
Graphium bathycles	Veined Jay	
Graphium bathycles bathycloides	Striped Jay	
Graphium biokoensis	Gauthier's Striped Swordtail|Gauthier'S Striped Swordtail	
Graphium chironides	Veined Jay	
Graphium cloanthus	Glassy Bluebottle	
Graphium codrus	Olive Triangle	
Graphium colonna	Black Swordtail|Mamba Swordtail	
Graphium cyrnus	Madagascan Graphium	
Graphium delesserti	Malayan Zebra	
Graphium deucalion	Yellow Zebra	
Graphium dorcus	Tabitha's Swordtail|Tabitha'S Swordtail	
Graphium doson	Common Jay	
Graphium empedovana	Malayan Yellowbottle	
Graphium epaminondas	Andamans Swordtail	
Graphium eurous	Sixbar Swordtail	
Graphium eurypylus	Great Jay	
Graphium evemon	Lesser Jay	
Graphium evombar	Madagascan Striped Swordtail	
Graphium fulleri	Riley's graphium	
Graphium gudenusi	Kigezi Swordtail	
Graphium hachei	Milky Graphium	
Graphium illyris	Cream-banded Swordtail	
Graphium illyris illyris	Western Cream-Banded Swordtail	
Graphium junodi	Junod's Swordtail|Junod'S Swordtail	
Graphium kigoma	Kigoma Graphium	
Graphium kirbyi	Kirby's Swordtail|Kirby'S Swordtail	
Graphium latreillianus	Coppery Swordtail	
Graphium leonidas	Common Graphium|Veined Swallowtail|Veined Swordstail|Veined Swordtail	
Graphium levassori	White Graphium	
Graphium liponesco	Long-tailed Striped Swordtail|Long-Tailed Striped Swordtail	
Graphium macareus	Lesser Zebra	
Graphium macfarlanei	Green Triangle	
Graphium macleayanus	Macleay's Swallowtail|Green Fanny|Macleay'S Swallowtail	
Graphium mandarinus	Spectacle Swordtail	
Graphium megarus	Spotted Zebra	
Graphium meyeri	Meyer's Triangle	
Graphium milon	Milon'S Swallowtail	
Graphium monticolus	Sulawesi Blue Triangle	
Graphium morania	Small White-lady Swordtail|White Lady Swallowtail|White Lady|Small White-Lady Swordtail	
Graphium nomius	Spot Swordtail	
Graphium philonoe	Eastern Graphium|Eastern White Lady|Eastern White-lady Swordtail|White-Dappled Swallowtail|Eastern White-Lady Swordtail	
Graphium poggianus	Pogge'S Graphium	
Graphium policenes	Common Swordtail|Small Striped Swordtail	
Graphium policenoides	Dusky Swordtail	
Graphium polistratus	Dancing Swallowtail|Dancing Swordtail	
Graphium porthaon	Coastal Swordtail|Cream-Striped Swordtail|Dark Swordtail	
Graphium procles	Kinabalu Bluebottle	
Graphium ramaceus	Pendlebury'S Zebra	
Graphium rhesus	Monkey Swordtail	
Graphium ridleyanus	Acraea Swordtail	
Graphium sandawanum	Apo Swallowtail	
Graphium sarpedon	Blue Triangle|Common Bluebottle	
Graphium sarpedon sarpedon	Oriental Common Bluebottle	
Graphium schaffgotschi	Schaffgotsch's Swordtail|Schaffgotsch'S Swordtail	
Graphium schubotzi	Odin'S Graphium	
Graphium simoni	Simon'S Graphium	
Graphium stratiotes	Kinabalu Swordtail	
Graphium taboranus	Tabora White Lady	
Graphium tynderaeus	Electric Green Swordtail|Green-spotted Swallowtail|Green-Spotted Swallowtail	
Graphium ucalegon	Creamy Graphium	
Graphium weiskei	Purple Spotted Swallowtail	
Graphium xenocles	Great Zebra	
Grapholita caecana	Sainfoin Piercer	
Grapholita compositella	Triple-stripe Piercer	
Grapholita delineana	Eurasian hemp moth	
Grapholita funebrana	Plum Fruit Moth	
Grapholita gemmiferana	Isle of Wight Piercer	
Grapholita internana	Dark Gorse Piercer	
Grapholita interstinctana	Clover Head Caterpillar Moth	
Grapholita janthinana	Pale-bordered Piercer	
Grapholita jungiella	Vetch Piercer	
Grapholita lathyrana	Greenweed Piercer	
Grapholita lobarzewskii	Small fruit tortrix|Kent Fruit Piercer	Petite tordeuse des fruits
Grapholita lunulana	Northern Crescent Piercer	
Grapholita molesta	Moth|Oriental Fruit Moth	
Grapholita orobana	Crescent Piercer	
Grapholita pallifrontana	Liquorice Piercer	
Grapholita tenebrosana	Brown Striped-edge Piercer|Deep-brown Piercer	
Greta andromica	Andromica Clearwing	
Greta annette	White-Spotted Clearwing	
Greta cubana	Cuban Clearwing	
Greta morgane	Thick-Tipped Greta	
Gretchena delicatana	Ironwood Fruitworm|Ironwood Fruitworm Moth	
Gretchena deludana	Arrowhead Moth	
Gretna cylinda	Lesser Crepuscular Skipper	
Gretna lacida	Scarce Crepuscular Skipper	
Gretna waga	Common Crepuscular Skipper	
Griposia aprilina	merveille du jour|Merveille du Jour|Merveille Du Jour	runique|La Runique
Gymnancyla canella	Hoary Knot-horn	
Gymnandrosoma punctidiscanum	Dotted Ecdytolopha Moth|Dotted Gymnandrosoma Moth	
Gymnoscelis rufifasciata	double-striped pug|Cankerworm|Double-striped Pug|Double-Striped Pug	fausse eupithécie|La Fausse-Eupithécie
Gynnidomorpha alismana	Water-plantain Conch	
Gynnidomorpha luridana	Bank Conch	
Gynnidomorpha minimana	Fen Conch	
Gynnidomorpha permixtana	Coast Conch	
Gynnidomorpha vectisana	Small Saltern Conch	
Gypsonoma aceriana	Poplar twig borer|Rosy Cloaked Shoot	
Gypsonoma dealbana	Common Cloaked Shoot	
Gypsonoma fasciolana	Willow-And-Poplar Leafroller	
Gypsonoma minutana	Brindled Shoot	
Gypsonoma nitidulana	Inverness Shoot	
Gypsonoma oppressana	Poplar Shoot	
Gypsonoma sociana	White Cloaked Shoot	
Gyrocheilus patrobas	Red-Bordered Satyr	
Gyrogra subnotata	Odd Leaf Sitter	
Habrodais grunus	Golden Hairstreak	
Habrodais grunus lorquini	Lorquin’S Golden Hairstreak	
Habrosyne gloriosa	Glorious Habrosyne Moth	
Habrosyne pyritoides	buff arches|Buff Arches	ratissée|La Râtissée
Habrosyne scripta	Lettered Habrosyne Moth	
Hada plebeja	the shears|Shears	vagabonde|La Noctuelle dentine
Hadena albimacula	white spot|White Spot|White-spot	noctuelle à macule blanche|La Noctuelle parée
Hadena azorica	Owlet Moth|Underwing Moth	
Hadena bicruris	the lychnis|Lychnis	noctuelle capsulaire|La Noctuelle capsulaire
Hadena caesia	Grey	
Hadena caesia mananii	Grey	
Hadena compta	varied coronet|Varied Coronet	arrangée|La Noctuelle de l'Oeillet
Hadena confusa	marbled coronet|Marbled Coronet	noctuelle saupoudrée|La Noctuelle saupoudrée
Hadena filograna		La Dianthécie bleuâtre
Hadena irregularis	vipers bugloss|Viper's Bugloss	noctuelle de la vipérine
Hadena perplexa	tawny shears|Tawny Shears	noctuelle carpophage|La Noctuelle carpophage
Hadena perplexa capsophila	Pod Lover	
Hadena perplexa perplexa	Tawny Shears	
Haematera pyrame	Blind Eighty-Eight	
Haematopis grataria	Chickweed Geometer|Chickweed Geometer Moth	
Haetera macleannania	Reddish Clearwing-Satyr	
Haetera piera	Amber Phantom	
Hallelesis asochis	Eastern Hallelesis	
Halotus rica	Costa Rican Skipper	
Halpe burmana	Burmese Ace	
Halpe elana	Narrow-Banded Ace	
Halpe kusala	Hill Ace	
Halpe porus	Moore'S Ace	
Halpe toxopea	Palawan Ace	
Halpe wantona	Swinhoe'S Ace	
Halpe zema	Dark Banded Ace	
Halpe zola	Long-Banded Ace	
Halysidota harrisii	Sycamore Tussock Moth|sycamore tussock moth	
Halysidota tessellaris	Banded Tussock Moth|Pale Tiger Moth	
Hamadryas amphinome	Red Cracker	
Hamadryas chloe	Amazon Cracker	
Hamadryas epinome	Epinome Cracker	
Hamadryas februa	Gray Cracker	
Hamadryas feronia	Cracker|Variable Cracker	
Hamadryas fornax	Orange Cracker	
Hamadryas glauconome	Glaucous Cracker	
Hamadryas guatemalena	Guatemalan Cracker	
Hamadryas iphthime	Brownish Cracker	
Hamadryas laodamia	Starry Night Cracker	
Hamanumida daedalus	Guinea-fowl Butterfly	
Hamearis lucina	duke of burgundy fritillary|Duke Of Burgundy|Duke of Burgundy Fritillary|Duke of Burgundy	lucine|Lucine|la Lucine
Haploa clymene	Clymene Moth	
Haploa confusa	Confused Haploa Moth	
Haploa contigua	Neighbor Moth	
Haplotinea ditella	Scarce Drab Clothes	
Haplotinea insectella	Drab Clothes	
Harpendyreus aequatorialis	Equatorial Mountain Blue	
Harpendyreus noquasa	Marsh Mountain Blue	
Harpendyreus notoba	Salvia Mountain Blue	
Harpendyreus tsomo	Tsomo Mountain Blue	
Harpyia milhauseri	Tawny Prominent	Le Dragon
Harrisimemna trisignata	Harris Threespot|Harris' Three Spot|Harris' Three-Spot|Harris'S Three-Spot Moth	
Harrisina americana	Grapeleaf Skeletonizer Moth	
Hasora badra	Common Awl	
Hasora chromus	Common Banded Awl	
Hasora chromus chromus	Common Banded Awl	
Hasora discolor	Green Awl	
Hasora hurama	Broad-Banded Awl	
Hasora leucospila	Violet Awl	
Hasora myra	Pale-Tailed Awl	
Hasora salanga	Black-Tailed Awl	
Hasora schoenherr chuza	Yellow Banded Awl	
Hasora taminatus	White Banded Awl	
Hasora taminatus andama	Andaman White-Banded Awl	
Hasora zoma	Dark Banded Awl	
Hebomoia glaucippe	Great Orange Tip	
Hebomoia glaucippe glaucippe	Oriental Great Orange-Tip	
Hecatera bicolorata	broad-barred white|Broad-barred White|Broad-Barred White	noctuelle sereine|La Noctuelle sereine
Hecatera dysodea	small ranunculus|Moth|Small Ranunculus	noctuelle dysodée|La Noctuelle dysodée
Hedya chionosema	White-Spotted Hedya Moth	
Hedya nubiferana	Green Budworm|Marbled Orchard Tortrix|marbled orchard tortrix|Green budworm	la Tordeuse grise des bourgeons
Hedya ochroleucana	Buff-Tipped Marble|Off-White Hedya Moth|Off-White Heyda Moth|Buff-tipped Marble	
Hedya pruniana	Plum Tortrix	
Hedya salicella	Large tortricid moth|White-backed Marble	
Hedya separatana	Pink-Washed Leafroller Moth	
Helcystogramma fernaldella	Fernald'S Helcystogramma Moth	
Helcystogramma hystricella	Lanceolate Moth	
Helcystogramma lutatella	Clay Crest	
Helcystogramma rufescens	Orange Crest	
Heliconius	Longwings And Heliconians	
Heliconius atthis	False Zebra Longwing	
Heliconius charithonia	Zebra Heliconian|Zebra Long Wing|Zebra Longwing	
Heliconius clysonymus	Clysonymus Longwing	
Heliconius cydno	Cydno Longwing	
Heliconius doris	Doris Longwing	
Heliconius erato	Common Patch Longwing|Crimson-Patched Longwing|Erato Heliconian|Red Postman|Crimson-patched Longwing	
Heliconius ethilla	Ethilia Longwing	
Heliconius hecale	Tiger Longwing	
Heliconius hortense	Mexican Longwing	
Heliconius ismenius	Ismenius Tiger	
Heliconius ismenius telchinia	Tiger-Striped Longwing	
Heliconius melpomene	Postman	
Heliconius nattereri	Natterer's Longwing	
Heliconius pachinus	Pachinus Longwing	
Heliconius sara	Sara Longwing	
Heliconius telesiphe	Telesiphe Longwing	
Heliconius timareta	Timareta Longwing	
Heliconius wallacei	Wallace'S Longwing	
Helicopis cupido	Spangled Cupid	
Helicopis gnidus	Gnidus Metalmark	
Helicoverpa armigera	cotton bollworm|Scarce Bordered Sallow|Scarce Bordered Straw|Old World Bollworm|Scarce Bordered Straw or Old World Bollworm	armigère|L'Armigère
Helicoverpa confusa	Confused Moth	
Helicoverpa minuta	Minute Noctuid Moth	
Helicoverpa zea	Bollworm|Corn Earworm|Corn Earworm Moth|Tomato Fruitworm	
Heliodines roesella	Roesel's Signal	
Heliomata cycladata	Common Spring Moth	
Heliomata infulata	Rare Spring Moth	
Heliopetes alana	Alana White-Skipper	
Heliopetes arsalte	Veined White-Skipper	
Heliopetes ericetorum	Northern White-Skipper	
Heliopetes laviana	Laviana White-Skipper	
Heliopetes macaira	Turk'S-Cap White-Skipper	
Heliopetes omrina	Stained White-Skipper	
Heliopetes sublinea	East-Mexican White-Skipper	
Heliophorus bakeri	Western Blue Sapphire	
Heliophorus brahma	Golden Sapphire	
Heliophorus epicles	Purple Sapphire	
Heliophorus ila	Restricted Purple Sapphire	
Heliophorus oda	Eastern Blue Sapphire	
Heliophorus sena	Sorrel Sapphire	
Heliopyrgus domicella	Erichson'S White Skipper|Erichson’S White-Skipper|White-Banded Skipper|White-banded Skipper|Erichson's White Skipper|Erichson’s White-Skipper	
Heliothis maritima	shoulder-striped clover|Shoulder-striped Clover|Shoulder-Striped Clover	L'Héliothide de la Spergulaire
Heliothis maritima warneckei	Shoulder-striped Clover	
Heliothis nubigera	eastern bordered straw|Eastern Bordered Straw	nubigère|La Nubigère
Heliothis peltigera	bordered straw|Bordered Straw	peltigère|La Noctuelle peltigère
Heliothis phloxiphaga	Darker Spotted Straw Moth|Darker-Spotted Straw Moth	
Heliothis virescens	Tobacco Budworm|tobacco budworm	
Heliothis viriplaca	marbled clover|Marbled Clover	noctuelle de la cardère|La Noctuelle de la Cardère
Heliozela hammoniella	Birch Lift	
Heliozela resplendella	Alder Lift|Alder Small Lift	
Heliozela sericiella	Oak Satin Lift	
Heliozelidae	Shield Bearer Moths	
Hellinsia balanotes	Baccharis Borer	
Hellinsia beneficus	Moth	
Hellinsia carphodactyla	Citron Plume	
Hellinsia chrysocomae	Scarce Golden-rod Plume|Scarce Goldenrod Plume	
Hellinsia homodactylus	Plain Plume Moth	
Hellinsia lienigianus	Wormwood Plume|Mugwort Plume	
Hellinsia osteodactylus	Small Golden-rod Plume|Small Goldenrod Plume	
Hellinsia pectodactylus	Straw-Colored Plume Moth	
Hellinsia tephradactyla	Plain Plume	
Hellula phidilealis	Crambid moth|Cabbage Budworm Moth	
Hellula undalis	Cabbage webworm|Old World Webworm	La Nymphule ondée
Helotropha leucostigma	The Crescent|Crescent	La Noctuelle de l'Iris
Helotropha leucostigma leucostigma	Crescent	
Helotropha reniformis	Kidney-Spotted Rustic Moth|Reniform Celaena Moth	
Hemaris	Clearwings And Bee Hawkmoths	
Hemaris diffinis	Bumblebee Moth|Snowberry Clearwing|Snowberry Clearwing Moth	
Hemaris fuciformis	broad-bordered bee hawk-moth|Broad-bordered Hawkmoth|Broad-Bordered Bee Hawk|Broad-bordered Bee Hawk-moth	sphinx gazé|Le Sphinx gazé, le Sphinx du Chèvrefeuille
Hemaris gracilis	Graceful Clearwing|Slender Clearwing	
Hemaris thysbe	Common Clear-Wing|Hummingbird Clearwing|Hummingbird Clearwing Moth|Hummingbird Moth	
Hemaris tityus	narrow-bordered bee hawk-moth|Narrow-bordered Hawkmoth|Narrow-Bordered Bee Hawk|Narrow-bordered hawk-moth|Narrow-bordered Bee Hawk-moth	sphinx bourdon|Le Sphinx-Bourdon, le Sphinx de la Scabieuse
Hemiargus ceraunus	Ceraunus Blue	
Hemiargus hanno	Common Blue|Hanno Blue	
Hemiargus ramon	Ramon Blue	
Hemileuca	Sheepmoths	
Hemileuca burnsi	Burns' Buckmoth	
Hemileuca chinatiensis	Chinati Sheepmoth	
Hemileuca eglanterina	Western Sheepmoth	
Hemileuca electra	Electra Buckmoth	
Hemileuca griffini	Griffin's Sheepmoth	
Hemileuca grotei grotei	Grote's Buckmoth	
Hemileuca hera	Hera Sheepmoth	
Hemileuca hera magnifica	Magnificent Sheepmoth	
Hemileuca hualapai	Hualapai Buckmoth	
Hemileuca juno	Juno Buckmoth	
Hemileuca lucina	New England Buckmoth|New England Buck Moth	
Hemileuca maia	Eastern Buckmoth	
Hemileuca maia maia	Eastern Buckmoth	
Hemileuca maia peigleri	Texas Buckmoth	
Hemileuca neumoegeni	Neumoegen's Buckmoth	
Hemileuca nevadensis	Nevada Buckmoth	
Hemileuca nutalli	Nuttall's Sheepmoth	
Hemileuca oliviae	Range Caterpillar Moth	
Hemileuca slosseri	Slosser's Buckmoth	
Hemileuca stonei	Stone's Buckmoth	
Hemileuca tricolor	Tricolor Buckmoth	
Hemiolaus caeculus	Azure Hairstreak	
Hemiolaus caeculus caeculus	Azure Hairstreak	
Hemipachnobia monochromatea	Sundew Cutworm Moth	
Hemipachnobia subporphyrea	Venus Flytrap Cutworm|Venus Flytrap Noctuid	
Hemistola chrysoprasaria	small emerald moth|Small Emerald	phalène printanière|L'Hémithée printanière
Hemithea aestivaria	Common Emerald|common emerald|Common emerald	phalène sillonnée|La Phalène sillonnée
Henricus edwardsiana	Contrasting Henricus Moth	
Hepialidae	Swift Moths	
Hepialus humuli	ghost moth|Ghost Moth	hépiale du houblon|Hépiale du houblon
Heringocrania unimaculella	White-spot Purple	
Hermeuptychia hermes	Hermes Satyr	
Hermeuptychia hermybius	South Texas Satyr	
Hermeuptychia intricata	Intricate Satyr	
Herminia grisealis	small fan-foot|Small Fan-foot|Small Fan-Foot	herminie grise|L'Herminie grise
Herminia tarsicrinalis	shaded fan-foot|Shaded Fan-foot|Shaded Fan-Foot	herminie des ronces|L'Herminie de la Ronce
Herminia tarsipennalis	Fan-foot|Fan-Foot	L'Herminie de la Vigne-blanche
Herona marathus	Yellow Pasha	
Herpetogramma abdominalis	Abdominal Grass Moth	
Herpetogramma aeglealis	Serpentine Webworm Moth	
Herpetogramma bipunctalis	Southern Beet Webworm	
Herpetogramma licarsisalis	Grass webworm|Grass Webworm	
Herpetogramma pertextalis	Bold-Feathered Grass Moth	
Herpetogramma phaeopteralis	Dusky Herpetogramma Moth|Tropical Sod Webworm	
Herpetogramma thestealis	Zigzag Herpetogramma Moth	
Hesperia	Branded Skippers	
Hesperia attalus	Dotted Skipper	
Hesperia attalus attalus	Dotted Skipper	
Hesperia columbia	Columbian Skipper	
Hesperia comma	Common Branded Skipper|Holarctic Grass Skipper|Silver Spotted Skipper|Silver-Spotted Skipper	
Hesperia comma laurentina	Laurentian Skipper	
Hesperia dacotae	Dakota Skipper	Hespérie du Dakota
Hesperia juba	Juba Skipper	
Hesperia leonardus	Leonard'S Skipper|Leonard's Skipper	
Hesperia leonardus pawnee	Pawnee Skipper	
Hesperia lindseyi	Lindsey'S Skipper	
Hesperia meskei	Meske'S Skipper	
Hesperia metea	Cobweb Skipper	
Hesperia miriamae	Sierra Skipper	
Hesperia miriamae longaevicola	White Mountains Skipper	
Hesperia nevada	Nevada Skipper	
Hesperia nevada sierra	Western Nevada Skipper	
Hesperia ottoe	Ottoe Skipper	
Hesperia pahaska	Pahaska Skipper	
Hesperia sassacus	Indian Skipper|Sassacus Skipper	
Hesperia uncas	Uncas Skipper	
Hesperia uncas giulianii	Giuliani'S Skipper	
Hesperia uncas reeseorum	Reese River Skipper	
Hesperia viridis	Green Skipper	
Hesperia woodgatei	Apache Skipper	
Hesperiidae	Indet. Skipper|Skipper|Skippers|skipper	
Hesperilla crypsargyra	Silver Sedge-Skipper	
Hesperilla donnysa	Varied Sedge-Skipper	
Hesperilla idothea	Flame Sedge-Skipper	
Hesperilla malindeva	Two-Spotted Sedge-Skipper	
Hesperilla ornata	Spotted Sedge-Skipper	
Hesperilla picta	Painted Sedge-skipper|Painted Sedge-Skipper	
Hesperocharis costaricensis	Pallid Tilewhite	
Hesperopsis alpheus	Saltbush Sootywing	
Hesperopsis alpheus alpheus	'Saltbush' Saltbush Sootywing	
Hesperumia sulphuraria	Sulphur Moth	
Hestina nicevillei	Scarce Siren	
Hestinalis mimetica	Malayan Circe	
Hestinalis nama	Circe	
Heterocampa biundata	Wavy-Lined Heterocampa|Wavy-Lined Heterocampa Moth|Wavy-lined Heterocampa	
Heterocampa guttivitta	Maple Prominent|Saddled Prominent|Saddled Prominent Moth	
Heterocampa obliqua	Oblique Heterocampa|Oblique Heterocampa Moth	
Heterocampa subrotata	Small Heterocampa	
Heterocampa umbrata	White-Blotched Heterocampa|White-Blotched Heterocampa Moth|White-blotched Heterocampa	
Heterocampa varia	Sandhill Prominent	
Heterogenea asella	triangle|Triangle	cloporte
Heteronympha cordace	Bright-Eyed Brown	
Heteronympha merope	Common Brown	
Heteronympha mirifica	Wonder Brown	
Heteronympha paradelpha	Spotted Brown	
Heteronympha penelope	Shouldered Brown	
Heteronympha solandri	Solander'S Brown	
Heterophleps refusaria	Three-patched Bigwing|Three-Patched Bigwing|Three-Patched Bigwing Moth	
Heterophleps triguttaria	Three-spotted Fillip|Three-Spotted Fillip|Three-Spotted Fillip Moth	
Heteropsis perspicua	Eyed Bush Brown|Marsh Patroller|Swamp Patroller	
Heteropsis perspicua perspicua	Eyed Bush Brown|Marsh Patroller	
Heteropterus morpheus	large chequered skipper|Chequered Skipper|Large|Large Chequered Skipper	miroir|Miroir|le Miroir
Hethemia pistasciaria	Pistachio Emerald|Pistachio Emerald Moth	
Hidari bhawani	Veined Palmer	
Hidari irava	Coconut Skipper	
Hileithia decostalis	Crambid moth	
Hillia iris	Iris Rover Moth	
Hipparchia algirica	Mountain Grayling	
Hipparchia azorinus	Azores Grayling	
Hipparchia caroli	Moroccan Rock Grayling	
Hipparchia christenseni	Karpathos Grayling	
Hipparchia cretica	Cretan Grayling	
Hipparchia cypriensis	Cyprus Grayling	
Hipparchia ellena	Algerian Grayling	
Hipparchia fagi	Woodland Grayling|woodland grayling	sylvandre|Sylvandre|le Sylvandre
Hipparchia fatua	Freyer'S Grayling|Freyer's Grayling	
Hipparchia fidia	Striped Grayling	le Chevron blanc|Chevron blanc
Hipparchia hansii	Austaut's Grayling|Austaut'S Grayling	
Hipparchia hermione	Rock Grayling	Petit sylvandre
Hipparchia mersina	Samos Grayling	
Hipparchia neomiris	Corsican Grayling	l'Agreste tyrrhenien
Hipparchia pellucida	Lesbos Grayling	
Hipparchia sbordonii	Ponza Grayling	
Hipparchia semele	Grayling|grayling|The Grayling	agreste|Agreste|l'Agreste
Hipparchia semele semele	Grayling	
Hipparchia statilinus	Tree Grayling|tree grayling	Le faune|faune|Faune|le Faune
Hipparchia syriaca	Eastern Rock Grayling	
Hipparchia tamadabae	Gran Canaria Grayling	
Hipparchia tilosi	La Palma Grayling	
Hipparchia volgensis	Delattin’s Grayling|Delattin's Grayling	
Hipparchia wyssii	Canary Grayling|Tenerife Grayling|Canary grayling	Faune canarien
Hippotion boerhaviae	Hippotion Sphinx Moth	
Hippotion celerio	Silver-striped Hawkmoth|Silver-Striped Hawk-Moth|Silver-striped Hawk-moth	Le Sphinx Phoenix
Hippotion rosetta	Vine Hawk Moth|Vine hawk moth	
Historis odius	Orion Cecropian	
Hofmannophila pseudospretella	Brown house moth|Brown House-moth|Brown House Moth	
Homochlodes fritillaria	Pale Homochlodes|Pale Homochlodes Moth	
Homoeosoma deceptorium	Black-Banded Homoeosoma Moth	
Homoeosoma miguelensis	Moth	
Homoeosoma nebulella	Large Clouded Knot-horn	
Homoeosoma nimbella	Scarce Clouded Knot-horn	
Homoeosoma picoensis	Moth	
Homoeosoma sinuella	Twin-barred Knot-horn	
Homoglaea hircina	Goat Sallow|Goat Sallow Moth	
Homona coffearia	Camellia Tortrix|Camelia Twist	
Homophoberia apicosa	Black Wedge-Spot|Black Wedge-Spot Moth	
Homorthodes furfurata	Northern Scurfy Quaker|Northern Scurfy Quaker Moth	
Homorthodes lindseyi	Southern Scurfy Quaker	
Hoplodrina ambigua	vines rustic|Vine's Rustic	ambiguë|L'Ambiguë
Hoplodrina blanda	the rustic|Rustic	noctuelle du pissenlit|La Noctuelle du Pissenlit
Hoplodrina octogenaria	the uncertain|Uncertain	noctuelle de la morgeline|La Noctuelle de la Morgeline
Hoplodrina respersa	Sprinkled Rustic	noctuelle arrosée|La Noctuelle arrosée
Hoplodrina superstes	Powdered Rustic	La Caradrine de la Surelle, la Noctuelle flatteuse
Horaga onyx	Common Onyx	
Horaga syrinx	Ambon Onyx	
Horama panthalon	Texas Wasp Moth	
Horisme aquata	cumbrian umber|Cumbrian Umber	horisme des pulsatilles|L'Horisme des Pulsatilles, la Phalène aqueuse
Horisme intestinata	Brown Bark Carpet|Brown Bark Carpet Moth	
Horisme radicaria	Cryptic Fern	L'Horisme jumeau
Horisme tersata	fern|Fern	horisme élégant|L'Horisme élégant, L'Essuyée
Horisme vitalbata	small waved umber|Small Waved Umber	larentie de la clématite|L'Horisme rayé
Hovala amena	Yellow Malagasy Sylph	
Hovala arota	Evans Malagasy Sylph	
Hovala dispar	White Malagasy Sylph	
Hovala pardalina	Tawny Malagasy Sylph	
Hulda impudens	Impudent Hulda Moth	
Hyalophora cecropia	Cecropia Moth|Cecropia Silkmoth	
Hyalophora columbia	Columbia Silkmoth|Columbia Silk Moth	
Hyalophora euryalus	Ceanothus Silkmoth	
Hyarotis adrastus	Tree Flitter	
Hyarotis microstictum	Small Brush Flitter	
Hyblaea puera	Teak defoliator moth	
Hybroma servulella	Yellow Wave Moth	
Hydraecia immanis	Hop Vine Borer Moth	
Hydraecia micacea	Potato Stem Borer|Potato Stem Worm|Rosy Rustic|Rosy Rustic Moth|rosy rustic|Potato stem worm	irrésolue|La Noctuelle de la Pomme de Terre
Hydraecia osseola	Marsh Mallow Moth	
Hydraecia osseola hucherardi	Marsh Mallow Moth or Giant Ear	
Hydraecia petasitis	butterbur|Butterbur	noctuelle du grand-taconnet|La Noctuelle du Grand-Taconnet
Hydrelia albifera	Fragile White Carpet|Fragile White Carpet Moth	
Hydrelia flammeolaria	small yellow wave|Small Yellow Wave	acidalie jaunâtre|L'Acidalie jaunâtre, La Flammèche
Hydrelia inornata	Unadorned Carpet Moth	
Hydrelia lucata	Light Carpet Moth	
Hydrelia sylvata	waved carpet|Waved Carpet	cidarie sylvestre|La Cidarie sylvestre
Hydriomena divisaria	Black-Dashed Hydriomena Moth|Transversebanded Looper	
Hydriomena furcata	july highflyer|July Highflyer	larentie lavée|La Larentie lavée
Hydriomena impluviata	may highflyer|May Highflyer	larentie arrosée|La Larentie arrosée
Hydriomena nubilofasciata	Oak Winter Highflier Moth	
Hydriomena perfracta	Shattered Hydriomena Moth	
Hydriomena renunciata	Renounced Hydriomena Moth	
Hydriomena ruberata	Ruddy Highflyer|Ruddy Highflyer Moth	La Larentie rubescente
Hydriomena transfigurata	Transfigured Hydriomena|Transfigured Hydriomena Moth	
Hylaea fasciaria	barred red|Barred Red	bilieuse|La Métrocampe verte, la Bilieuse
Hylephila isonira	Isonira Skipper	
Hylephila phyleus	Fiery Skipper|Fiery Skipperling|Fiery skipper	
Hylephila signata	Signata Skipper	
Hyles calida calida	Hawaiian Sphinx	
Hyles euphorbiae	spurge hawk-moth|Hawk moths|Spurge Hawkmoth|Spurge Hawk-Moth|Spurge Hawk-moth	sphinx nicéa|Le Sphinx de l'Euphorbe
Hyles hippophaes	Seathorn Hawk-Moth|Seathorn Hawk-moth|Sea Thorn Hawk-moth	
Hyles lineata	White-lined Sphinx|White-Lined Hawk-Moth|White-Lined Sphinx|White-Lined Sphinx Moth|White-lined sphinx|White-lined Hawk-moth	
Hyles livornica	striped hawk-moth|Striped Hawkmoth|Striped Hawk-Moth|Striped Hawk-moth	sphinx livournien|Le Sphinx livournien
Hyles nicaea	Mediterranean Hawk-Moth|Mediterranean Hawk-moth	
Hyles perkinsi	Perkins' Sphinx	
Hymenia perspectalis	Spotted Beet Webworm|Spotted Beet Webworm Moth	
Hypagyrtis esther	Esther Moth	
Hypagyrtis piniata	Pine Measuringworm|Pine Measuringworm Moth	
Hypagyrtis unipunctata	One-Spotted Variant|One-Spotted Variant Moth|White Spot	
Hypanartia dione	Banded Mapwing	
Hypanartia godmanii	Godman'S Mapwing	
Hypanartia lethe	Orange Mapwing	
Hypanartia paullus	Antillean Mapwing	
Hypanartia trimaculata	Reddish Mapwing	
Hyparpax aurora	Pink Prominent	
Hypatima rhomboidella	Square-spot Crest	
Hypaurotis crysalus	Colorado Hairstreak	
Hypaurotis crysalus intermedia	Colorado Hairstreak	
Hypena abalienalis	White-Lined Snout	
Hypena baltimoralis	Baltimore Snout	
Hypena bijugalis	Dimorphic Bomolocha Moth|Dimorphic Snout	
Hypena crassalis	beautiful snout|Beautiful Snout	herminie des myrtilles|La Noctuelle épaissie
Hypena deceptalis	Deceptive Snout	
Hypena edictalis	Large Snout	
Hypena eductalis	Red-Footed Snout	
Hypena humuli	Hop Vine Snout	
Hypena jussalis	Moth	
Hypena laysanensis	Laysan Dropseed Noctuid Moth|Laysan dropseed noctuid moth	
Hypena lividalis	Chevron Snout	
Hypena madefactalis	Gray-Edged Snout	
Hypena manalis	Flowing-Line Bomolocha Moth|Flowing-Line Snout|Flowing-line Bomolocha Moth	
Hypena minualis	Sooty Snout	
Hypena newelli	Hilo Noctuid Moth	
Hypena obesalis	paignton snout|Paignton Snout	
Hypena obsitalis	Bloxworth Snout	L'Hypène des ponts
Hypena palparia	Mottled Bomolocha Moth|Mottled Snout	
Hypena plagiota	Lovegrass Noctuid Moth	
Hypena proboscidalis	snout|Snout	noctuelle à museau|La Noctuelle à museau
Hypena rostralis	buttoned snout|Buttoned Snout	toupet|Le Toupet
Hypena scabra	Green Cloverworm|Green Cloverworm Moth|green cloverworm	
Hypena senicula	Kaholuamano Noctuid Moth|Kaholuamano noctuid moth	
Hypena sordidula	Sordid Snout	
Hypena strigatus	Moth|Lantana defoliator caterpillar	
Hypena subidalis	Cutworm moth	
Hypenodes caducus	Large Hypenodes Moth	
Hypenodes fractilinea	Broken-Line Hypenodes Moth|Broken-Lined Hypenodes Moth	
Hypenodes franclemonti	Franclemont'S Hypenodes Moth	
Hypenodes humidalis	marsh oblique-barred|Marsh Oblique-barred|Marsh Oblique-Barred	hypénode des tourbières|L'Hypénode des Tourbières
Hyperaeschra georgica	Georgian Prominent	
Hypercallia citrinalis	Lemon Flat-body	
Hypercompe scribonia	Giant Leopard Moth	
Hyperectis dioctias	Moth	
Hypermnestra helios	Desert Apollo	
Hyperstrotia	Graylet Moths	
Hyperstrotia nana	White-Lined Graylet	
Hyperstrotia pervertens	Dotted Graylet|Dotted Graylet Moth	
Hyperstrotia secta	Black-Patched Graylet|Black-Patched Graylet Moth	
Hyphantria cunea	American White Moth|Autumn Webworm|Fall Webworm|Fall Webworm Moth|American white moth	
Hyphoraia testudinaria	Patton's Tiger	
Hypna clytemnestra	Silver-Studded Leafwing	
Hypocala andremona	Hypocala Moth	
Hypocala deflorata	Moth	
Hypochalcia ahenella	Dingy Knot-horn	
Hypochrysops apelles	Copper Jewel	
Hypochrysops apollo	Apollo Jewel	
Hypochrysops byzos	Yellow Jewel	
Hypochrysops cleon	Splendid Jewel	
Hypochrysops cyane	Cyane Jewel	
Hypochrysops delicia	Moonlight Jewel	
Hypochrysops digglesii	Diggles Blue	
Hypochrysops elgneri	Amethyst Jewel	
Hypochrysops halyaetus	Western Jewel	
Hypochrysops ignita	Fiery Jewel	
Hypochrysops narcissus	Narcissus Jewel	
Hypochrysops pythias	Peacock Jewel	
Hypocoena inquinata	Tufted Sedge Moth	
Hypocysta adiante	Orange Ringlet	
Hypocysta euphemia	Rock Ringlet	
Hypocysta irius	Orange-Streaked Ringlet	
Hypocysta metirius	Brown Ringlet	
Hypodryas maturna	Scarce Fritillary	Damier du Frêne
Hypoleucis sophia	Scarce Costus Skipper	
Hypolimnas	Diadems & Eggflies	
Hypolimnas alimena	Blue-Banded Eggfly	
Hypolimnas anomala	Malayan Eggfly	
Hypolimnas anomala anomala	Malayan Eggfly	
Hypolimnas antevorta	Tanzanian Diadem	
Hypolimnas antilope	Spotted Crow Eggfly	
Hypolimnas aubergeri	Côte d’Ivoire Eggfly	
Hypolimnas bolina	Great Eggfly	
Hypolimnas deceptor	Deceptive Diadem	
Hypolimnas deceptor deceptor	Deceptive Diadem	
Hypolimnas dinarcha	Large Variable Diadem	
Hypolimnas inopinata	Fijian Eggfly	
Hypolimnas misippus	Common Diadem|False Plain Tiger|Mimic|Mimic Butterfly|False plain tiger	Faux-monarque
Hypolimnas monteironis	Scarce Blue Diadem	
Hypolimnas usambara	Red Spot Diadem	
Hypolycaena antifaunus	Large Fairy Hairstreak	
Hypolycaena buxtoni	Buxton's Hairstreak|Buxton'S Hairstreak	
Hypolycaena buxtoni buxtoni	Buxton's Hairstreak|Buxton'S Hairstreak	
Hypolycaena coerulea	Shining Fairy Hairstreak	
Hypolycaena danis	Orchid Flash	
Hypolycaena erylus	Common Tit	
Hypolycaena hatita	Common Fairy Hairstreak	
Hypolycaena lebona	Fairy Hairstreak	
Hypolycaena lochmophila	Coastal Hairstreak	
Hypolycaena merguia	Purple Tit	
Hypolycaena nigra	Black Fairy Hairstreak	
Hypolycaena philippus	Common Hairstreak|Purple-brown Fairy Hairstreak|Purple-Brown Fairy Hairstreak	
Hypolycaena philippus philippus	Purple-brown Fairy Hairstreak|Purple-Brown Fairy Hairstreak	
Hypolycaena phorbas	Black-Spotted Flash	
Hypolycaena thecloides	Dark Tit	
Hypomecis buchholzaria	Buchholz's Gray Moth	
Hypomecis punctinalis	pale oak beauty|Pale Oak Beauty	boarmie apparentée|La Boarmie pointillée
Hypomecis roboraria	great oak beauty|Great Oak Beauty	boarmie du chêne|La Boarmie du Chêne
Hypomecis umbrosaria	Umber Moth	
Hyponephele lupinus	Oriental Meadow Brown	le Louvet|Louvet
Hyponephele lycaon	Dusky Meadow Brown|Dusky Steppe Brown	Misis|le Lycaon
Hyponephele maroccana	Moroccan Meadow Brown	
Hypoprepia fucosa	Painted Lichen Moth	
Hypoprepia miniata	Scarlet-Winged Lichen Moth	
Hypostrymon critola	Sonoran Hairstreak	
Hypothyris euclea	Euclea Tigerwing	
Hypothyris lycaste	Lycaste Tigerwing	
Hypoxystis pluviaria		L'Epione pluvieuse
Hyppa contrasta	Summer Hyppa Moth	
Hyppa rectilinea	the saxon|Saxon	noctuelle saxonne|La Noctuelle saxonne
Hyppa xylinoides	Common Hyppa Moth|Cranberry Cutworm	
Hypsopygia	Hayworms	
Hypsopygia costalis	Clover Hayworm Moth|Gold Triangle	
Hypsopygia glaucinalis	Double-striped Tabby	
Hypsopygia intermedialis	Red-Shawled Moth	
Hypsopygia mauritialis	Moth	
Hypsopygia nostralis	Southern Hayworm Moth	
Hypsopygia olinalis	Yellow-Fringed Dolichomia Moth	
Hypsopygia thymetusalis	Spruce Needleworm Moth	
Hysterophora maculosana	Bluebell Conch	
Iambrix salsala	Chestnut Bob	
Iambrix salsala luteipalpis	Southern Chestnut Bob	
Iambrix salsala salsala	Eastern Chestnut Bob	
Iambrix stellifer	Starry Bob	
Icaricia acmon	Acmon Blue	
Icaricia icarioides	Boisduval'S Blue	
Icaricia icarioides missionensis	Mission Blue|Mission Blue Butterfly	
Icaricia icarioides moroensis	Morro Bay Blue	
Icaricia saepiolus	Greenish Blue	
Idaea aversata	riband wave|Riband Wave	impolie|L'Impolie, l'Acidalie détournée
Idaea biselata	small fan-footed wave|Small Fan-footed Wave|Small Fan-Footed Wave	truie|La Truie
Idaea bonifata	Fortunate Wave	
Idaea contiguaria	Weaver's Wave	
Idaea contiguaria britanniae	Weaver's Wave	
Idaea degeneraria	Portland Ribbon Wave	L'Acidalie dégénérée
Idaea demissaria	Red-Bordered Wave|Red-Bordered Wave Moth	
Idaea dilutaria	Silky Wave	L'Acidalie diluée
Idaea dimidiata	Single-Dotted Wave|Single-Dotted Wave Moth|Single-dotted Wave|single-dotted wave	phalène écussonnée|L'Acidalie écussonnée
Idaea emarginata	small scallop|Small Scallop	échancrée|L'Echancrée
Idaea eremiata	Straw Wave Moth	
Idaea furciferata	Notch-winged Wave	
Idaea fuscovenosa	dwarf cream wave|Dwarf Cream Wave	acidalie familière|L'Acidalie familière
Idaea humiliata	isle of wight wave|Isle of Wight Wave	salie|L'Acidalie roussie, la Phalène à côte rousse
Idaea inquinata	rusty wave|Rusty Wave	dosithée naine|L'Acidalie naine
Idaea laevigata	strange wave|Strange Wave	acidalie des herboristes|L'Acidalie des herboristes
Idaea muricata	purple-bordered gold|Purple-bordered Gold|Purple-Bordered Gold	phalène aurorale|La Phalène aurorale, la Variée
Idaea obfusaria	Rippled Wave	
Idaea ochrata	bright wave|Bright Wave	phalène ocreuse|L'Acidalie ocreuse
Idaea ostentaria	Showy Wave Moth	
Idaea pallidata		L'Acidalie disparate, l'Acidalie pâle
Idaea productata	Ochre Wave	
Idaea rufaria		L'Acidalie rousse
Idaea rusticata	least carpet|Least Carpet	phalène rustique|La Phalène rustique, l'Acidalie rustique
Idaea scintillularia	Diminutive Wave	
Idaea seriata	small dusty wave|Small Dusty Wave	vieillie|La Vieillie, La Voisine
Idaea serpentata	Ochraceous Wave	L'Acidalie sinuée
Idaea straminata	plain wave|Plain Wave	acidalie sobre|L'Acidalie sobre
Idaea subsericeata	satin wave|Satin Wave	acidalie blanchâtre|L'Acidalie blanchâtre
Idaea sylvestraria	dotted borded wave|Dotted Bordered Wave|Dotted-Border Wave|Dotted Border Wave	acidalie sylvestre|L'Acidalie sylvestre
Idaea tacturata	Dot-lined Wave	
Idaea trigeminata	treble brown spot|Treble Brown Spot	acidalie retournée|L'Acidalie retournée
Idea agamarschana	Andaman Tree Nymph	
Idea electra	Electra's Tree-nymph|Electra'S Tree-Nymph	
Idea hypermnestra	Malayan Tree Nymph	
Idea iasonia	Ceylon Tree-nymph|Ceylon Tree-Nymph	
Idea idea	Linnaeus' Idea	
Idea leuconoe	Rice Paper Butterfly	
Idea lynceus	Giant Tree Nymph	
Idea malabarica	Malabar Tree-nymph|Malabar Tree-Nymph	
Idea tambusisiana	Bedford-russell's Tree-nymph|Sulawesi Tree Nymph|Bedford-Russell'S Tree-Nymph	
Ideopsis gaura	Smaller Wood Nymph	
Ideopsis hewitsonii	Hewitson's Small Tree-nymph	
Ideopsis juventa	Grey Glassy Tiger	
Ideopsis klassika	Seram Small Tree-nymph|Seram Small Tree-Nymph	
Ideopsis similis	Ceylon Blue Glassy Tiger	
Idia aemula	Common Idia Moth|Waved Tabby	
Idia americalis	American Idia Moth	
Idia calvaria		noctuelle des cimetières
Idia denticulalis	Toothed Idia Moth	
Idia diminuendis	Orange-Spotted Idia Moth	
Idia forbesii	Forbes' Idia Moth	
Idia gopheri	Tortoise commensal noctuid moth	
Idia julia	Julia'S Idia Moth	
Idia lubricalis	Glossy Black Idia Moth|Twin-Striped Tabby|Twin-striped Tabby	
Idia majoralis	Greater Idia Moth	
Idia rotundalis	Rotund Idia Moth	
Idia scobialis	Smoky Idia Moth	
Idioglossa miraculosa	Miraculous Idiogloss Moth	
Ilexia intractata	Black-Dotted Ruddy Moth|Black-dotted Ruddy Moth	
Imma mylias	Moth	
Incurvaria masculella	Feathered Leaf-cutter|Feathered Bright	
Incurvaria pectinea	Pale Feathered Leaf-cutter|Pale Feathered Bright	
Incurvariidae	Leafcutter Moths	
Infurcitinea albicomella	Torquay Clothes	
Infurcitinea argentimaculella	Silver-barred Clothes Moth|Silver-barred Clothes	
Iodopepla ualbum	White-Eyed Borer Moth	
Iolana debilitata	Iolas Blue	Azuré du baguenaudier
Iolana iolas	Iolas Blue	Azuré du baguenaudier|l'Azuré du baguenaudier
Iolaus alienus	Brown-line Sapphire|Brownline Sapphire	
Iolaus alienus alienus	Brown-line Sapphire|Brown-Line Sapphire	
Iolaus carolinae	Caroline's Sapphire	
Iolaus creta	Blotched Sapphire	
Iolaus djaloni	Fouta Djalon Sapphire	
Iolaus likpe	Likpe Sapphire	
Iolaus lulua	White Spotted Sapphire	
Iolaus nasisii	Zimbabwe Yellow-banded Sapphire|Zimbabwe Yellow-Banded Sapphire	
Iolaus newporti	Newport's Sapphire	
Iolaus sciophilus	Dark Jewel Sapphire	
Ionolyce helicon	Pointed Line Blue	
Iphiclides feisthamelii	Iberian Scarce Swallowtail	Famblé hispanique|Voilier Blanc
Iphiclides podalirinus	Scarce Swallowtail|Chinese Scarce Swallowtail	Le Flambé
Iphiclides podalirius	Scarce Swallowtail|scarce swallowtail	flambé|Flambé|le Flambé|Famblé commun
Ipimorpha pleonectusa	Even-Lined Sallow|Even-Lined Sallow Moth	
Ipimorpha retusa	double kidney|Double Kidney	cosmie rétuse|La Cosmie rétuse
Ipimorpha subtusa	the olive|Olive	soumise|La Soumise
Iraota rochana	Scarce Silverstreak Blue	
Iridana nigeriana	Nigerian Sapphire Gem	
Iridopsis clivinaria	mountain-mahogany looper	
Iridopsis defectaria	Brown-Shaded Gray|Brown-Shaded Gray Moth	
Iridopsis ephyraria	Pale-Winged Gray|Pale-Winged Gray Moth	
Iridopsis fragilaria	Moth	
Iridopsis humaria	Small Purplish Gray|Small Purplish Gray Moth	
Iridopsis larvaria	Bent-Line Gray|Bent-Line Gray Moth|Bent-Lined Gray	
Iridopsis pergracilis	Cypress Looper	
Iridopsis vellivolata	Large Purplish Gray|Large Purplish Gray Moth	
Isa textula	Crowned Slug Moth	
Ischnoscia borreonella	Small Clothes	
Isma protoclea	Bicolour Long-Horned Flitter	
Isma umbrosa	Large Long-Banded Flitter	
Isocorypha mediostriatella	Old Gold Isocorypha Moth	
Isogona scindens	Owlet Moth	
Isoparce cupressi	Cypress Sphinx	
Isophrictis striatella	White-border Neb|White Border Neb	
Isotrias rectifasciana	Hedge Shade	
Issoria hanningtoni	Hannington'S Fritillary	
Issoria lathonia	queen of spain fritillary|Queen Of Spain Fritillary|Queen of Spain Fritillary	petit nacré|Petit Nacré|le Petit Nacré|Petit nacré
Isturgia dislocaria	Pale-viened Enconista	
Isturgia famula		La Fidonie du Genêt
Isturgia limbaria	frosted yellow|Frosted Yellow	phalène bordée|La Phalène bordée, l'Entourée
Itaballia demophile	Cross-Barred White	
Ithome lassula	Moth	
Ithomia patilla	Patilla Clearwing	
Ixias insignis	Yellow Orange Tip	
Ixias marianne	White Orange Tip	
Ixias pyrene	Yellow Orange Tip	
Jacoona anasuja	Great Imperial	
Jalmenus daemeli	Emerald Hairstreak	
Jalmenus eichhorni	Northern Hairstreak	
Jalmenus eubulus	Pale Imperial Hairstreak	
Jalmenus evagoras	Common Imperial Blue	
Jalmenus icilius	Amethyst Hairstreak	
Jalmenus ictinus	Stencilled Hairstreak	
Jalmenus inous	Varied Hairstreak	
Jalmenus pseudictinus	Macqueen'S Hairstreak	
Jamides alecto	Metallic Cerulean	
Jamides alecto ageladas	The Metallic Caerulean	
Jamides alecto alocina	Metallic Cerulean	
Jamides aleuas	White-Banded Cerulean	
Jamides bochus bochus	Indian Dark Cerulean	
Jamides carissima	Tongan Blue	
Jamides celeno celeno	Oriental Common Cerulean	
Jamides ferrari	Ferrar'S Cerulean	
Jamides nemophila	Papuan Cerulean	
Jamides pura	White Cerulean	
Jamides talinga	Lesser Cerulean	
Jamides walkeri	Cook Islands Blue	
Janatella fellula	Colombian Crescent	
Janatella leucodesma	Whitened Crescent	
Jemadia pseudognetus	Dot-Collared Firetip	
Jodia croceago	orange upperwing|Orange Upperwing	xanthie safranée|La Xanthie safranée
Jodis lactearia	little emerald|Little Emerald	hémithée éruginée|l'Hémithée éruginée
Jodis putata		phalène perlée|La Phalène perlée
Jordanita chloros		Turquoise des Centaurées
Jordanita globulariae	Scarce Forester	Turquoise de la Globulaire
Jordanita notata		Turquoise des Chardons
Jordanita subsolana		Turquoise de la Cardoncelle
Junonia	Buckeyes & Pansies	
Junonia almana	Peacock Pansy	
Junonia almana almana	Oriental Peacock Pansy	
Junonia ansorgei	Ansorge’S Leaf Pansy	
Junonia atlites	Grey Pansy	
Junonia atlites atlites	Oriental Grey Pansy	
Junonia coenia	Common Buckeye|Northern Buckeye	
Junonia erigone	Northern Argus	
Junonia evarete	Black Mangrove Buckeye|Mangrove Buckeye|South American Tropical Buckeye|Tropical Buckeye|West Indian Buckeye	
Junonia hadrope	Volta Pansy	
Junonia hierta	Yellow Pansy	
Junonia hierta cebrene	African Yellow Pansy	
Junonia hierta paris	Madagascan Yellow Pansy	
Junonia iphita	Chocolate Pansy	
Junonia iphita iphita	Chocolate Pansy	
Junonia lemonias	Lemon Pansy	
Junonia natalica	Brown Pansy|Natal Pansy	
Junonia natalica natalica	Brown Commodore|Brown Pansy	
Junonia nigrosuffusa	Dark Buckeye	
Junonia oenone	Dark Blue Pansy	
Junonia oenone oenone	Dark Blue Pansy	
Junonia orithya	Blue Pansy|Eyed Pansy	
Junonia orithya here	Western Asia Blue Pansy	
Junonia orithya madagascariensis	African Blue Pansy	
Junonia orithya orithya	Oriental Blue Pansy	
Junonia orithya patenas	Ceylon Blue Pansy	
Junonia orithya swinhoei	Pale Blue Pansy	
Junonia orithya wallacei	Wallace'S Blue Pansy	
Junonia pacoma	Pacific Mangrove Buckeye	
Junonia rhadama	Royal Blue Pansy	
Junonia terea	Soldier Pansy	
Junonia terea elgiva	Southern Soldier Pansy	
Junonia touhilimasa	Naval Pansy	
Kallima albofasciata	Andaman Oakleaf	
Kallima horsfieldii	Sahyadri Blue Oakleaf	
Kallima inachus inachus	Himalayan Orange Oakleaf	
Kallima paralekta	Indian Leafwing	
Kaniska canace perakana	Blue Admiral	
Katreus johnstonii	Giant Scarce Sprite	
Kauaiina ioxantha	Ioxanthan looper	
Kearfottia albifasciella	White-Patched Kearfottia	
Kedestes barberae	Barber's Ranger|Freckled Ranger|Barber'S Ranger	
Kedestes barberae barberae	Barber's Ranger|Barber'S Ranger	
Kedestes barberae bonsa	Barber's Ranger|Barber'S Ranger	
Kedestes barberae bunta	Barber’S Cape Flats Ranger	
Kedestes callicles	Pale Ranger	
Kedestes chaca	Shaka's Ranger|Shaka'S Ranger	
Kedestes lepenula	Chequered Ranger	
Kedestes malua	Zambian Ranger	
Kedestes mohozutza	Fulvous Ranger	
Kedestes nerva	Scarce Ranger	
Kedestes niveostriga	Dark Ranger	
Kedestes niveostriga niveostriga	Dark Ranger	
Kedestes rogersi	Rogers’ Ranger	
Kedestes sarahae	Cederberg Ranger|Sarah's Ranger|Sarah'S Ranger	
Kedestes wallengreni	Wallengren’s Ranger|Wallengren’S Ranger	
Kedestes wallengrenii wallengrenii	Wallengren's Ranger|Wallengren'S Ranger	
Keiferia lycopersicella	Tomato pinworm	
Kessleria fasciapennella	Lost Ermel	
Kessleria saxifragae	Highland Ermel	
Kirinia climene	Lesser Lattice Brown	
Kirinia eversmanni	Yellow Wall Butterfly	
Kirinia roxelana	Lattice Brown	
Korscheltellus fusconebulosus	Map-winged swift|Map-Winged Swift|Map-winged Swift	Marbrure nébuleuse
Korscheltellus gracilis	Conifer Swift Moth	
Korscheltellus lupulina	common swift|Common Swift	louvette|La Louvette
Koruthaialos butleri	Dark Velvet Bob	
Koruthaialos rubecula	Narrow-Banded Velvet Bob	
Kretania eurypilus	Eastern Brown Argus	
Kretania modica	Anatolian Zephyr Blue	
Kretania psylorita	Cretan Argus	
Kretania pylaon	Fischer's Blue	
Kretania trappi	Alpine Zephyr Blue	Azuré des astragales
Kricogonia cabrerai	Cuban Sulphur	
Kricogonia lyside	Guayacan Sulphur,|Lyside Sulphur	
Lacanobia aliena		La Noctuelle des Mélilots
Lacanobia atlantica	Atlantic Arches Moth	
Lacanobia blenna	Stranger	
Lacanobia contigua	Beautiful Brocade	La Noctuelle contiguë
Lacanobia grandis	Grand Arches Moth	
Lacanobia oleracea	bright-line brown-eye|Bright-line Brown-eye|Bright-Line Brown-Eye	potagère|La Noctuelle des Potagers
Lacanobia radix	Garden Arches Moth	
Lacanobia splendens	splendid brocade|Splendid Brocade	La Noctuelle du Thélyptéris
Lacanobia suasa	Dog's Tooth	La Noctuelle enfumée
Lacanobia subjuncta	Speckled Cutworm Moth	
Lacanobia thalassina	Pale-shouldered Brocade|Pale-Shouldered Brocade	La Noctuelle thalassine
Lacanobia w-latinum	Light Brocade	La Noctuelle du Genêt
Lachnocnema bibulus	Common Woolly Legs	
Lachnocnema durbani	D'Urban's Woolly Legs|D'Urban'S Woolly Legs	
Lachnocnema luna	Druce’s Large Woolly Legs	
Lachnocnema magna	Large Woollylegs	
Lachnocnema reutlingeri	Reutlinger’S Large Woollyleg Butterflies	
Lachnocnema vuattouxi	Western Savanna Woollylegs	
Lachnoptera ayresii	Blotched Leopard	
Lacinipolia anguina	Snaky Arches Moth	
Lacinipolia implicata	Implicit Arches|Implicit Arches Moth	
Lacinipolia lorea	Bridled Arches Moth	
Lacinipolia meditata	Thinker Moth	
Lacinipolia olivacea	Olive Arches Moth	
Lacinipolia renigera	Bristly Cutworm|Bristly Cutworm Moth|Kidney-Spotted Minor|Kidney-spotted Minor	
Lacinipolia vicina	Vicina Dart	
Lacosoma chiridota	Scalloped Sack-Bearer Moth	
Laelia coenosa	Reed Tussock	Le Liparis sale
Laeosopis roboris	Spanish Purple Hairstreak	Thécla du fréne
Lambdina fervidaria	Curve-Lined Looper Moth|Curved-Lined Looper Moth|Curve-lined Looper Moth	
Lambdina fervidaria athasaria	Spring Hemlock Looper	
Lambdina fiscellaria	Hemlock Looper|Hemlock Looper Moth	
Lambdina pellucidaria	Eastern Pinelooper|Yellow-Headed Looper Moth	
Lampides boeticus	Long-tailed Blue|Pea Blue|long-tailed blue|Bean Butterfly|Long-Tailed Blue|Bean butterfly	azuré porte-queue|Azuré porte-queue|l'Azuré porte-queue
Lampronia fuscatella	Scarce Bright	
Lampronia morosa	Rose Bright	
Lampronia pubicornis	Northern Bright	
Lamproptera curius	White Dragontail	
Lamproptera meges	Green Dragontail|Green Dragontail Butterfly	
Lampropteryx otregiata	Devon Carpet	La Cidarie de Metcalfe
Lampropteryx suffumata	water carpet|Water Carpet	cidarie enfumée|La Cidarie enfumée
Lamprosticta culta		La Noctuelle soignée
Lamprotes caureum		La Plusie à C d'or
Lantanophaga pusillidactylus	Moth	
Laothoe populi	poplar hawk-moth|Poplar Hawkmoth|Poplar Hawk-Moth|Poplar Hawk-moth	sphinx du peuplier|Le Sphinx du Peuplier
Laothus gibberosa	Great Stripestreak	
Lapara bombycoides	Northern Pine Sphinx|Northern Pine Sphinx Moth	
Lapara coniferarum	Southern Pine Sphinx	
Lapara phaeobrachycerous	Gulf Pine Sphinx	
Larentia clavaria	mallow|Mallow	larentie cloutée|La Larentie cloutée
Laringa castelnaui	Blue Dandy	
Laringa horsfieldii	Banded Dandy	
Larinopoda aspidos	Nigerian Pierid Blue	
Larinopoda lircaea	Cream Pierid Blue	
Larsenia holtzi	Variable Swift	
Lascoria ambigualis	Ambiguous Moth	
Lasiocampa quercus	oak eggar|Oak Eggar	bombyx du chêne|Le Bombyx du Chêne, Le Minime à bandes jaunes
Lasiocampa quercus callunae	Northern Eggar	
Lasiocampa quercus quercus	Oak Eggar	
Lasiocampa trifolii	grass eggar|Grass Eggar	petit minime à bande|Le Bombyx du Trèfle
Lasiocampa trifolii flava	Pale Grass Eggar	
Lasiocampa trifolii trifolii	Grass Eggar	
Lasiocampidae	Lappet Moths	
Lasippa ebusa	Fuliginous Sailor	
Lasippa heliodore	Burmese Lascar	
Lasippa tiga	Malayan Lascar	
Lasippa viraja	Yellowjack Sailer	
Laspeyria flexula	beautiful hook-tip|Beautiful Hook-tip|Beautiful Hook-Tip	crochet|Le Crochet
Lateroligia ophiogramma	Double Lobed|Double Lobed Moth|Double-Lobed Moth|Double lobed moth	La Noctuelle ophiogramme
Lathronympha strigana	Red Piercer	
Laxita thuisto	Lesser Harlequin	
Lebadea martha	Knight	
Lebadea martha martha	Knight	
Lebadea martha parkeri	Knight	
Lemmeria digitalis	Fingered Lemmeria Moth	
Lemonia dumi		brune de pissenlit|Le Bombyx des buissons, la Brune du Pissenlit
Lenisa geminipuncta	Twin-spotted Wainscot|Twin-Spotted Wainscot	La Nonagrie des Marais
Leona leonora	White-Spotted Recluse	
Leona lissa	Lissa Recluse	
Leona lota	Scarce Small Recluse	
Leona luehderi	Luehder’S Recluse	
Lepella lepeletier	Lepeletier’S Sylph	
Lepidochrysops asteris	Brilliant Blue	
Lepidochrysops australis	Southern Blue	
Lepidochrysops bacchus	Wineland Blue	
Lepidochrysops badhami	Badham's Blue|Badham'S Blue	
Lepidochrysops balli	Ball's Blue|Kamanassie Nimble Blue|Ball'S Blue	
Lepidochrysops barnesi	Barnes' Blue	
Lepidochrysops braueri	Brauer's Blue|Brauer'S Blue	
Lepidochrysops dukei	Duke's Blue|Duke'S Blue	
Lepidochrysops frederikeae	Curious Nimble Blue	
Lepidochrysops glauca	Silvery Blue	
Lepidochrysops grahami	Graham's Blue|Graham'S Blue	
Lepidochrysops gydoae	Gydo Blue|Gydo Nimble Blue	
Lepidochrysops hypopolia	Lost Nimble Blue|Morant's Blue|Morant'S Blue	
Lepidochrysops ignota	Zulu Blue	
Lepidochrysops irvingi	Bronze Nimble Blue|Irving's Blue	
Lepidochrysops jamesi claassensi	Hantamsberg Nimble Blue|James's Blue|James'S Blue	
Lepidochrysops jefferyi	Jeffery's Blue|Purplebrown Nimble Blue|Jeffery'S Blue	
Lepidochrysops lerothodi	Basotho Blue|Lesotho Blue	
Lepidochrysops letsea	Free State Blue	
Lepidochrysops littoralis	Coastal Blue|Coastal Nimble Blue	
Lepidochrysops loewensteini	Loewenstein's Blue|Roof-of-Africa Nimble Blue|Loewenstein'S Blue|Roof-Of-Africa Nimble Blue	
Lepidochrysops lotana	Lotana Blue|Mountain Peak Nimble Blue	
Lepidochrysops mcgregori	Copper-Brown Nimble Blue|McGregor's Blue|Mcgregor's Blue|Mcgregor'S Blue	
Lepidochrysops methymna dicksoni	Dicksons Monkey Blue	
Lepidochrysops methymna methymna	Monkey Blue	
Lepidochrysops oosthuizeni	Oosthuizen's Blue|Oosthuizen'S Blue	
Lepidochrysops oreas	Oreas Blue	
Lepidochrysops oreas junae	Riviersonderend Blue	
Lepidochrysops outeniqua	Outeniqua Blue|Outeniqua Nimble Blue	
Lepidochrysops patricia	Patricia Blue	
Lepidochrysops penningtoni	Arid Nimble Blue|Pennington's Blue|Pennington’s Blue|Pennington'S Blue|Pennington’S Blue	
Lepidochrysops pephredo	Estcourt Blue|Midlands Nimble Blue	
Lepidochrysops plebeia	Twin-spot Giant Cupid|Twin-Spot Giant Cupid	
Lepidochrysops plebeia plebeia	Twin-spot Blue|Twin-Spot Blue	
Lepidochrysops poseidon	Baviaanskloof Blue	
Lepidochrysops praeterita	Highveld Blue|Highveld Nimble Blue	
Lepidochrysops pringlei	Pringle's Blue|Small Nimble Blue|Pringle'S Blue	
Lepidochrysops procera	Grassveld Nimble Blue|Potchefstroom Blue	
Lepidochrysops puncticilia	Mouse Blue	
Lepidochrysops quickelbergei	Pale Blue Nimble Blue|Quickelberge's Blue|Quickelberge’s Blue	
Lepidochrysops robertsoni	Robertson's Blue|Robertson'S Blue	
Lepidochrysops rossouwi	Rossouw's Blue	
Lepidochrysops southeyae	Southey's Blue|Southey'S Blue	
Lepidochrysops swanepoeli	Swanepoel's Blue|White Band Nimble Blue	
Lepidochrysops swartbergensis	Swartberg Blue	
Lepidochrysops tantalus	King Blue	
Lepidochrysops titei	Tite's Blue|Tite'S Blue	
Lepidochrysops trimeni	Trimen's Blue|Trimen'S Blue	
Lepidochrysops vansoni	Van Son's Blue|Van Son'S Blue	
Lepidochrysops variabilis	Variable Blue	
Lepidochrysops victori	Grassy Hill Nimble Blue|Victor's Blue|Victor'S Blue	
Lepidochrysops wykehami	Wykeham's Blue	
Lepidoptera	Butterflies|Butterflies & Moths|Butterflies And Moths|Caterpillar|Invertebrates (Butterflies)|Invertebrates (Moths)|Moth|Moths|Unidentified Lepidopteran|moth|Butterflies & moths|butterflies and moths	
Leptidea duponcheli	Eastern Wood White	la Piéride du sainfoil
Leptidea juvernica	Cryptic Wood White|Réal's Wood White|Real's Wood White	Piéride irlandaise
Leptidea morsei	Fenton's Wood White|Fenton'S Wood White	
Leptidea reali	Real's Wood White|Real'S Wood White|Réal'S Wood White|Réal´S Wood-White|Réal's Wood White|Réal´s Wood-White	Piéride de Réal
Leptidea sinapis	Wood White|wood white	Piéride de la Moutarde|piéride de la moutarde|Piéride de la moutarde
Leptomyrina gorgias	Common Black-eye|Common Black-Eye	
Leptomyrina gorgias gorgias	Common Black-eye|Common Black-Eye	
Leptomyrina henningi	Henning's Black-eye|Henning'S Black-Eye	
Leptomyrina hirundo	Tailed Black-eye|Tailed Black-Eye	
Leptomyrina lara	Cape Black-eye	
Leptomyrina phidias	Madagascar Black-Eye	
Leptophobia eleone	Silky Wanderer	
Leptophobia eleusis	Eleusis White	
Leptophobia tovaria	Tovaria White	
Leptosia alcesta	African Spirit|African Wood White|Flip Flop	
Leptosia hybrida	Hybrid Wood White|Hybrid Spirit	
Leptosia medusa	Dainty Spirit	
Leptosia nina	Psyche	
Leptosia nupta	Immaculate Wood White	
Leptosia wigginsi	Opaque Wood White	
Leptostales laevitaria	Raspberry Wave Moth	
Leptostales rubromarginaria	Dark-ribboned Wave	
Leptotes	Common Blues	
Leptotes babaulti	Babault's Zebra Blue|Babault'S Zebra Blue	
Leptotes brevidentatus	Short-toothed Zebra Blue|Short-Toothed Zebra Blue	
Leptotes cassius	Cassius Blue|Tropical Striped Blue	
Leptotes cassius cassius	Cassius Blue	
Leptotes jeanneli	Jeannel's Zebra Blue|Jeannel'S Zebra Blue	
Leptotes marina	Marine Blue	
Leptotes pirithous	Common Zebra Blue|Lang’s Short-tailed Blue|Lang'S Short-Tailed Blue|Lang´S Short-Tailed Blue|Lang’S Short-Tailed Blue|Lang's Short-tailed Blue|Lang´s Short-tailed Blue	Azuré de la luzerne|l'Azuré de la Luzerne|Azuré de Lang
Leptotes pirithous pirithous	Common Zebra Blue	
Leptotes plinius	Zebra Blue	
Leptotes pulchra pulchra	Sesbania Zebra Blue	
Lerema accius	Clouded Skipper	
Lerodea arabus	Violet-Clouded Skipper	
Lerodea eufala	Eufala Skipper|Gray Skipper|Rice Leaffolder	
Lesmone formularis	Lesmone Moth	
Lethe	Pearly-Eyes And Allies	
Lethe anthedon	Northern Pearly-Eye|Northern Pearly-eye	
Lethe argentata	Silver-Streaked Forester	
Lethe chandica	Angled Red Forester	
Lethe confusa	Banded Treebrown	
Lethe creola	Creole Pearly-Eye	
Lethe daretis	Sri Lanka Treebrown	
Lethe diana	Diana Treebrown	
Lethe distans	Scarce Red Forester	
Lethe drypetis	Tamil Treebrown	
Lethe dura	Scarce Lilacfork	
Lethe europa	Bamboo Treebrown	
Lethe europa europa	Dakhan Bamboo Treebrown	
Lethe europa malaya	Bamboo Tree Brown	
Lethe eurydice	Eyed Brown	
Lethe goalpara	Large Goldenfork	
Lethe margaritae	Bhutan Treebrown	
Lethe minerva	Banded Red Forester	
Lethe rohria	Common Treebrown	
Lethe rohria rohria	Himalayan Common Treebrown	
Lethe scanda	Blue Forester	
Lethe sidonis	Common Woodbrown Butterfly	
Lethe sinorix	Tailed Red Forester	
Lethe syrcis	Yellow Forester	
Lethe verma	Straight-Banded Treebrown	
Lethe verma verma	West Himalayan Straight-Banded Treebrown	
Lethe vindhya	Black Forester	
Lethe visrava	White-Edged Woodbrown	
Leucania comma	shoulder-striped wainscot|Cutworm moth|Shoulder-striped Wainscot|Shoulder-Striped Wainscot	comma blanc|Le Comma blanc
Leucania commoides	Two-Lined Wainscot	
Leucania dorsalis	Cutworm moth	
Leucania inconspicua	Cutworm moth	
Leucania inermis	Unarmed Wainscot|Unarmed Wainscot Moth	
Leucania insueta	Heterodox Wainscot Moth	
Leucania linda	Linda'S Wainscot	
Leucania loreyi	The Cosmopolitan|Cosmopolitan	La Leucanie irisée
Leucania loreyimima	False army worm	
Leucania multilinea	Many-Lined Wainscot|Many-Lined Wainscot Moth	
Leucania phragmitidicola	Phragmites Wainscot|Phragmites Wainscot Moth	
Leucania pseudargyria	False Wainscot|False Wainscot Moth	
Leucania putrescens	Devonshire Wainscot	
Leucania scottii	Cutworm	
Leucania senescens	Cutworm moth	
Leucania striata	Moth	
Leucania ursula	Ursula Wainscot|Ursula Wainscot Moth	
Leucidia brephos	Snowflake	
Leucinodes laisalis	African Tomato Pearl	
Leucinodes orbonalis	Aubergine Pearl	
Leucochitonea amneris	Tanzanian White-Cloaked Skipper	
Leucochitonea hindei	Kenyan White-Cloaked Skipper	
Leucochitonea levubu	White-cloaked Skipper	
Leucochlaena oditis	Beautiful Gothic	
Leucodonta bicoloria	White Prominent	Le Bombyx bicolore
Leucoma salicis	Satin Moth|White Satin|White Satin Moth|Satin moth	Le Bombyx du Saule, l'Apparent
Leuconycta diphteroides	Green Leuconycta Moth	
Leuconycta lepidula	Marbled-Green Leuconycta Moth	
Leucoptera laburnella	Laburnum Leaf Miner|Laburnum Leaf-miner	
Leucoptera laburnella wailesella	Blued Bent-wing	
Leucoptera lathyrifoliella	Southern Bent-wing	
Leucoptera lotella	Little Bent-wing	
Leucoptera malifoliella	Pear leaf blister moth|Pear Leaf Blister Moth|Pear-leaf Blister Moth	
Leucoptera orobi	Scarce Bent-wing	
Leucoptera sinuella	Scotch Bent-wing	
Leucoptera spartifoliella	Scotch broom twig miner|Broom Bent-wing	
Leucospilapteryx omissella	Mugwort slender|Mugwort Slender	
Levipalpus hepatariellus	Mountain Flat-body	
Levuana iridescens	Levuana Moth	
Lexias dirtea	Black-Tipped Archduke	
Lexias dirtea merguia	Dark Archduke	
Lexias immaculata	Belitung Island Archduke	
Libythea celtis	European Beak|Nettle-Tree Butterfly|Nettle-tree Butterfly	Echancré|l'Echancré
Libythea labdaca	Northern African Snout	
Libythea laius	African Snout	
Libythea lepita	Common Beak	
Libythea myrrha rama	Sri Lankan Club Beak	
Libythea myrrha sanguinalis	Ochreous Club Beak	
Libythea narina	Whitespotted Beak	
Libytheana	New World Snouts	
Libytheana carinenta	American Snout|Snout Butterfly	
Libytheana motya	Cuban Snout	
Lieinix lala	Dark Mimic-White	
Lieinix nemesis	Frosted Mimic-White	
Ligdia adustata	scorched carpet|Scorched Carpet	phalène du fusain|La Phalène du Fusain
Limacodidae	Slug Caterpillar Moths	
Limenitis archippus	Viceroy	
Limenitis archippus archippus	Eastern Viceroy	
Limenitis archippus obsoleta	Southwest Viceroy	
Limenitis arthemis	Red-spotted Admiral|Red-Spotted Admiral|White Admiral	
Limenitis arthemis arthemis	American White Admiral|White Admiral	
Limenitis arthemis rubrofasciata	Western White Admiral	
Limenitis homeyeri	Yunnan Admiral	
Limenitis lorquini	Lorquin'S Admiral	
Limenitis lorquini pallidafacies	Pale Lorquin’S Admiral	
Limenitis lorquini powelli	Powell'S Admiral	
Limenitis populi	poplar admiral|Poplar Admiral	grand sylvain|Grand Sylvain|le Grand Sylvain
Limenitis reducta	southern white admiral|Southern White Admiral	sylvain azuré|Sylvain azuré|le Sylvain azuré
Limenitis trivena	Indian White Admiral	
Limenitis weidemeyerii	Weidemeyer's Admiral|Weidemeyer'S Admiral	
Limnaecia phragmitella	Bulrush Cosmet|Shy Cosmet Moth	
Lindera tessellatella	Moth|Chequered Clothes	
Lineodes ochrea	Moth	
Lintneria eremitoides	Sage Sphinx	
Lintneria eremitus	Hermit Sphinx|Hermit Sphinx Moth	
Lintneria istar	Istar Sphinx	
Lioptilodes albistriolatus	Moth	
Lipocosmodes fuliginosalis	Sooty Lipocosmodes Moth	
Lipographis subosseella	Pyralid moth	
Liptena modesta	Modest False Dots	
Liptena tiassale	Tiassale Liptena	
Liptena xanthostola	Yellow Liptena	
Lithacodes fasciola	Yellow-Shouldered Slug Moth	
Lithacodia musta	Small Mossy Glyph	
Litholomia napaea	False Pinion Moth	
Lithophane amanda	Amanda'S Pinion Moth	
Lithophane antennata	Ashen Pinion|Ashen Pinion Moth|Green Fruitworm	
Lithophane baileyi	Bailey'S Pinion Moth	
Lithophane bethunei	Bethune'S Pinion Moth	
Lithophane consocia	Softly's Shoulder-knot	
Lithophane disposita	Dashed Gray Pinion Moth	
Lithophane fagina	Hoary Pinion Moth	
Lithophane furcifera	conformist|Conformist	xyline du bouleau|La Xyline du Bouleau
Lithophane furcifera furcifera	Conformist	
Lithophane grotei	Grote'S Pinion Moth	
Lithophane hemina	Hemina Pinion Moth	
Lithophane innominata	Nameless Pinion Moth	
Lithophane lamda	Nonconformist	
Lithophane laticinerea	Broad Ashen Pinion	
Lithophane leautieri	blairs shoulder-knot|Blair's shoulder knot|Blair's Shoulder-knot|Blair's Shoulder-Knot	noctuelle du cyprès|La Xyline du Cyprès
Lithophane leautieri hesperica	Blair's Shoulder-Knot|Blair's Shoulder-knot|Blair's Shoulder-knot or Stone Pinion	
Lithophane lemmeri	Lemmer's Pinion Moth	
Lithophane oriunda	Immigrant Pinion Moth	
Lithophane ornitopus	grey shoulder-knot|Grey Shoulder-knot|Grey Shoulder-Knot	nébuleuse|La Xyline du Chêne
Lithophane ornitopus lactipennis	Grey Shoulder-knot	
Lithophane patefacta	Dimorphic Pinion Moth	
Lithophane petulca	Wanton Pinion|Wanton Pinion Moth	
Lithophane pexata	Plush-Naped Pinion Moth	
Lithophane semibrunnea	tawny pinion|Tawny Pinion	xyline du frêne|La Xyline du Frêne
Lithophane socia	pale pinion|Pale Pinion	tachée|La Xyline pétrifiée
Lithophane thaxteri	Nonconformist|Thaxter'S Pinion Moth	
Lithophane thujae	Cedar Pinion Moth|Northern White Cedar Lithophane	
Lithophane unimoda	Dowdy Pinion|Dowdy Pinion Moth	
Lithophane viridipallens	Pale Greeen Pinion Moth	
Lithosia quadra	four-spotted footman|Four-spotted Footman|Four-Spotted Footman	lithosie quadrille|La Lithosie quadrille
Lithostege griseata	grey carpet|Grey carpet|Grey Carpet	phalène argentée|La Phalène argentée, la Phalène grisette.
Litoligia literosa	Rosy Minor	La Noctuelle de l'Elyme
Litoprosopus haitiensis	Noctuid moth	
Lobesia botrana	European Vine Moth	
Lobesia littoralis	Shore Marble	
Lobesia reliquana	Oak Marble	
Lobocleta ossularia	Drab Brown Wave|Drab Brown Wave Moth	
Lobocleta plemyraria	Straight-lined Wave	
Lobophora halterata	Seraphim	L'Haltère, La Phalène hexaptérate
Lobophora nivigerata	Powdered Bigwing|Powdered Bigwing Moth|Twolined Aspen Looper	
Lobotractus uvydixa	Variable Mottled-Skipper	
Lochmaeus bilineata	Double-Lined Prominent|Double-Lined Prominent Moth|Double-lined Prominent	
Lochmaeus bilineata exsanguis	Double-lined Prominent	
Lochmaeus manteo	Variable Oakleaf Caterpillar Moth	
Logania distanti	Dark Mottle	
Logania marmorata	Pale Mottle	
Logania marmorata damis	Plain Mottle	
Logania regina	Rounded Mottle	
Lomaspilis marginata	clouded border|Clouded Border	bordure entrecoupée|La Bordure entrecoupée, la Marginée
Lomographa bimaculata	white-pinion spotted|White-pinion Spotted|White-Pinion Spotted	phalène à deux taches|La Phalène à deux taches
Lomographa glomeraria	Gray Spring Moth	
Lomographa semiclarata	Bluish Spring Moth|Wild Cherry Looper	
Lomographa temerata	clouded silver|Clouded Silver	phalène satinée|La Phalène satinée
Lomographa vestaliata	White Spring Moth	
Lon hobomok	Hobomok Skipper	
Lon melane	Umber Skipper	
Lon melane vitellina	Mexican Umber Skipper	
Lon taxiles	Taxiles Skipper	
Lon zabulon	Zabulon Skipper	
Longalatedes elymi	Lyme Grass	
Lophocampa caryae	Hickory Tussock Moth	
Lophocampa maculata	Spotted Tussock Moth|Yellow-Spotted Tiger Moth	
Lophosis labeculata	Stained Lophosis Moth	
Lorita scarificata	Chrysanthemum flower borer	
Losaria coon	Common Clubtail	
Losaria neptunus	Yellow Club-tail|Yellow-bodied Club-tail|Yellow Clubtail|Yellow-bodied Clubtail|Yellow-Bodied Clubtail	
Losaria palu	Palu Swallowtail|Sulawesi clubtail|Sulawesi Clubtail	
Losaria rhodifer	Andaman Clubtail	
Loscopia velata	Veiled Ear Moth	
Lotongus avesta	Yellow-Band Palmer	
Lotongus calathus	White-Tipped Palmer	
Loxerebia sylvicola	Szechuan Argus	
Loxostege cereralis	Alfalfa Webworm Moth	
Loxostege sticticalis	Beet Webworm Moth|Crambid Moth|Diamond-Spot Sable|Crambid moth|Diamond-spot Pearl|Diamond-spot Sable	
Loxura atymnus	Common Yamfly	
Loxura atymnus atymnus	Sahyadri Yamfly	
Loxura atymnus fuconius	Yamfly	
Loxura cassiopeia	Malayan Yamfly	
Lozotaenia forsterana	Large Ivy Twist|Large Ivy Tortrix	
Lozotaeniodes formosana	Orange Pine Twist	
Luehdorfia chinensis	Chinese Luehdorfia	
Luehdorfia japonica	Japanese Luehdorfia	
Luffia lapidella	Grey Smoke|Virgin Smoke	
Luperina dumerilii	Dumeril's Rustic	La Noctuelle de Duméril
Luperina nickerlii	Sandhill Rustic	
Luperina nickerlii gueneeii	Sandhill Rustic	
Luperina nickerlii leechi	Sandhill Rustic (Cornish subsp.)	
Luperina testacea	flounced rustic|Flounced Rustic	avare|La Lupérine testacée
Luquetia lobella	Sloe Flat-body	
Luthrodes galba	Small Desert Blue	
Lycaeides idas	Northern Blue	
Lycaeides melissa	Melissa Blue	
Lycaena	Copper Butterflies	
Lycaena alciphron	Purple-Shot Copper|Purple-shot Copper	Cuivré flamboyant|le Cuivré mauvin|Cuivré mauvin
Lycaena asabinus	Anatolian Fiery Copper	
Lycaena bleusei	Iberian Sooty Copper	
Lycaena clarki	Eastern Sorrel Copper	
Lycaena cupreus	Lustrous Copper	
Lycaena dispar	Large Copper|large copper	cuivré des marais|Cuivré des marais|le Grand Cuivré
Lycaena dispar dispar	Large Copper	
Lycaena editha	Edith'S Copper	
Lycaena epixanthe phaedrus	Bog Copper	
Lycaena feredayi	Glade Copper	
Lycaena gorgon	Gorgon Copper	
Lycaena heteronea	Blue Copper	
Lycaena hypophlaeas	American Copper	
Lycaena kasyapa	Green Copper	
Lycaena mariposa	Mariposa Copper	
Lycaena nivalis	Lilac-Bordered Copper	
Lycaena orus	Western Sorrel Copper	
Lycaena phlaeas	American Copper|Small Copper|Small Copper Butterfly|small copper	bronzé|Cuivré commun|le Bronzé
Lycaena phlaeas arctodon	Beartooth American Copper	
Lycaena phlaeas daimio	Japanese Copper	
Lycaena phlaeas feildeni	Yellowish American Copper	
Lycaena phlaeas phlaeas	Small Copper	
Lycaena rauparaha	Rauparaha'S Copper	
Lycaena rubidus ferrisi	'White Mountains' Ruddy Copper	
Lycaena salustius	North Island Coastal Copper	
Lycaena tama	Canterbury Alpine Boulder Copper	
Lycaena thetis	Fiery Copper	
Lycaena virgaureae	scarce copper|Scarce Copper	argus satiné|Cuivré de la verge d'or|Cuivré de la verge-d'or|l'Argus Satiné|Cuivré de la verge d´or
Lycaena xanthoides	Great Copper	
Lycaenidae	Blues|Coppers|Gossamer-Wing Butterflies|Gossamer-Winged Butterflies|Gossamer-Winged Butterfly|Hairstreaks|Hairstreaks, Coppers And Blues|Harvesters|gossamer-winged butterfly|Gossamer-winged Butterflies|Hairstreaks, Coppers and Blues	
Lycaenopsis haraldus	Felder'S Hedge Blue	
Lycia hirtaria	Brindled Beauty	La Phalène hérissée
Lycia lapponaria	Rannoch Brindled Beauty	
Lycia lapponaria scotica	Rannoch Brindled Beauty	
Lycia rachelae	Twilight Moth	
Lycia ursaria	Stout Spanworm|Stout Spanworm Moth	
Lycia ypsilon	Wooly Gray	
Lycia zonaria	belted beauty|Belted Beauty	ornée|La Phalène zonée
Lycia zonaria britannica	Belted Beauty	
Lycomorpha pholus	Black-And-Yellow Lichen Moth	
Lycomorphodes sordida	Lichen moth	
Lycophotia molothina		noctuelle de la callune
Lycophotia phyllophora	Lycophotia Moth	
Lycophotia porphyrea	true lovers knot|True lover's knot|True Lover's Knot	ondulée|La Noctuelle porphyre
Lycorea cleobaea	Tiger Mimic-Queen	
Lycorea ilione	Clearwing Mimic-Queen	
Lygephila craccae	Scarce Blackneck|Scarce black-neck|Scarce Black-neck	L'Ophiuse des pois à crapauds
Lygephila pastinum	blackneck|Blackneck	ophiuse de lastragale|L'Ophiuse de l'Astragale
Lygephila viciae		L'Ophiuse de la Vesce
Lygropia rivulalis	Bog Lygropia Moth	
Lymanopoda albocincta	White-Banded Mountain Satyr	
Lymantria dispar	Gypsy Moth|Spongy Moth|Spongy moth	Le Disparate, la Spongieuse, le Zigzag
Lymantria dispar dispar	Ldd Moth	
Lymantria monacha	Black Arches	La Nonne
Lyonetia clerkella	Apple Leaf Miner|Apple Leaf-miner	
Lyonetia prunifoliella	Striped Bent-Wing|Striped Bent-wing	
Lysandra albicans	Spanish Chalkhill Blue	
Lysandra bellargus	Adonis Blue|Chapman´s Blue	Azuré bleu céleste|Argus bleu céleste|Azuré de Chapman
Lysandra caelestissima	Azure Chalkhill Blue|Eros Blues	Azuré de i´oxytropide
Lysandra coridon	Chalkhill Blue|Austaut´S Blue|Chalk Hill Blue|Austaut´s Blue	Argus bleu-nacré|Bleu-nacré|Azuré d´Austaut
Lysandra corydonius	Caucasian Blue	
Lysandra hispana	Provence Chalkhill Blue|Common Blue	Azuré commun
Lythria cruentaria	purple-barred yellow	ensanglantée de loseille|L'Ensanglantée de l'Oseille
Lythria purpuraria	Purple-Barred Yellow|Purple-barred Yellow	
Lytrosis unitaria	Common Lytrosis|Common Lytrosis Moth	
Macaria aemulataria	Common Angle|Common Angle Moth	
Macaria aequiferaria	Common Angle	
Macaria alternata	sharp-angled peacock|Sharp-angled Peacock|Sharp-Angled Peacock	philobie alternée|La Philobie alternée
Macaria argillacearia	Mousy Angle	
Macaria artesiaria		philobie des saules|La Philobie des Saules
Macaria bicolorata	Bicolored Angle|Dingy Angle	
Macaria bisignata	Red-Headed Inchworm|Red-Headed Inchworm Moth|Redheaded Inchworm|Red-headed inchworm|redheaded inchworm	
Macaria brunneata	Rannoch Looper|Rannoch Looper Moth|rannoch looper	phidonie à cinq raies|La Fidonie à cinq raies
Macaria carbonaria	Netted Mountain Moth	
Macaria coortaria	Four-Spotted Granite	
Macaria distribuaria	Southern Chocolate Angle	
Macaria fissinotata	Hemlock Angle|Hemlock Angle Moth	
Macaria granitata	Granite Angle|Granite Moth	
Macaria liturata	tawny-barred angle|Tawny-barred angle|Tawny-barred Angle|Tawny-Barred Angle	philobie effacée|La Philobie effacée
Macaria loricaria	False Bruce Spanworm	
Macaria minorata	Minor Angle Moth|Minor Angle	
Macaria multilineata	Many-Lined Angle|Many-lined Angle	
Macaria notata	Birch Angle|Birch Angle Moth|Peacock|Peacock Moth|peacock moth	philobie tachtée|La Philobie tachetée
Macaria oweni	Owen'S Angle	
Macaria pinistrobata	White Pine Angle|White Pine Angle Moth	
Macaria promiscuata	Promiscuous Angle	
Macaria pustularia	Lesser Maple Spanworm Moth	
Macaria ribearia	Currant Spanworm Moth	
Macaria sexmaculata	Green Larch Looper|Six-Spotted Angle|Six-Spotted Angle Moth|Six-spotted Angle|green larch looper	arpenteuse verte du mélèze
Macaria signaria	Pale-marked Angle|Dusky Peacock|Pale-Marked Angle|Pale-Marked Angle Moth|dusky peacock	philobie des pins|La Philobie des Pins
Macaria subcessaria	Barred Angle|Barred Angle Moth	
Macaria sulphurea	Sulphur Angle	
Macaria transitaria	Blurry Chocolate Angle|Blurry Chocolate Angle Moth	
Macaria wauaria	v-moth|The V-Moth|V-Moth|V-moth	damas cendré|Le Damas cendré
Macdunnoughia confusa	dewick’s plusia|Dewick's Plusia	confuse|La Goutte d'Argent
Machimia tentoriferella	Gold-Striped Leaftier Moth	
Macristis geminipunctalis	Litter moth	
Macrochilo absorptalis	Slant-Lined Owlet|Slant-Lined Owlet Moth	
Macrochilo bivittata	Two-striped Cord Grass Moth|Two-Striped Cord Grass Moth|Two-Striped Owlet	
Macrochilo cribrumalis	dotted fan-foot|Dotted Fan-foot|Dotted Fan-Foot	herminie ponctuée|L'Herminie pointillée
Macrochilo hypocritalis	Twin-Dotted Owlet	
Macrochilo litophora	Brown-Lined Owlet|Brown-Lined Owlet Moth	
Macrochilo louisiana	Louisiana Macrochilo|Louisiana Owlet	
Macrochilo orciferalis	Bronzy Owlet	
Macroglossum pyrrhosticta	Hummingbird Hawk Moth|Maile pilau hornworm	
Macroglossum stellatarum	humming-bird hawk moth|Hummingbird Hawkmoth|Humming-Bird Hawk-Moth|Humming-bird Hawk-moth	moro-sphinx|Le Moro-Sphinx, Le Sphinx du Caille-Lait
Macronoctua onusta	Iris Borer|Iris Borer Moth	
Macrorrhinia endonephele	Alligator weed stemborer moth	
Macrosaccus robiniella	Black Locust Leafminer|Leaf Blotch Miner Moth|Leaf blotch miner moth	
Macrothylacia rubi	fox moth|Fox Moth	bombyx de la ronce|Le Bombyx de la Ronce
Macrurocampa marthesia	Mottled Prominent|Mottled Prominent Moth	
Maculinea alcon	alcon blue|Alcon Blue	protée|l'Azuré des mouillères
Maculinea arion	large blue|Large Blue	azuré du serpolet|l'Azuré du serpolet
Maculinea nausithous	dusky large blue|Dusky Large Blue	azuré des paluds|Azuré des paludes|l'Azuré des paluds
Maculinea teleius	scarce large blue|Scarce Large Blue|Scarce Teleius	azuré de la sanguisorbe|Azuré de la Sanguisorbe|l'Azuré de la sanguisorbe
Madoryx pseudothyreus	False-windowed Sphinx	
Magneuptychia libye	Blue-Gray Satyr	
Magusa divaricata	Orb Narrow-Winged Moth|Variable Narrow-Wing	
Mahathala ameria ameria	Khasi Falcate Oakblue	
Mahathala ameria hainani	Falcate Oakblue	
Malacosoma	Tent Caterpillar Moths	
Malacosoma americana	Eastern Tent Caterpillar Moth|Eastern Tent Caterpillar	
Malacosoma castrense	ground lackey	livrée des prés
Malacosoma castrensis	Ground Lackey	La Livrée des Prés
Malacosoma disstria	Forest Tent Caterpillar|Forest Tent Caterpillar Moth	
Malacosoma neustria	lackey moth|The Lackey|Lackey	livrée des arbres|Le Bombyx à livrée
Malaza carmides	Large Malaza	
Malaza empyreus	Fiery Red Underwing	
Malaza fastuosus	Large Red Underwing	
Maliattha concinnimacula	Red-Spotted Glyph	
Maliattha synochitis	Black-Dotted Glyph	
Mamestra brassicae	cabbage moth|Cabbage Moth	brassicaire|La Brassicaire
Manataria maculata	White-Spotted Satyr	
Mandarinia regalis	Mandarin	
Manduca blackburni	Blackburn's Sphinx Moth	
Manduca jasminearum	Ash Sphinx	
Manduca quinquemaculatus	Five-Spotted Hawk Moth|Five-Spotted Hawk-Moth|Tomato Hornworm|Five-spotted Hawk-moth	
Manduca rustica	Rustic Sphinx	
Manduca sexta	Carolina Sphinx|Carolina Sphinx Moth|Tobacco Hornworm|Tomato Sphinx	
Maniola chia	Chios Meadow Brown	
Maniola halicarnassus	Halicarnas Brown|Thomson's Meadow Brown|Thomson'S Meadow Brown	
Maniola jurtina	meadow brown|Meadow Brown|Meadow Brown Butterfly	myrtil|Myrtil|le Myrtil
Maniola jurtina jurtina	Meadow Brown	
Maniola megala	Turkish Meadow Brown	
Maniola nurag	Sardinian Meadow Brown	
Maniola telmessia	Persian Meadow Brown|Aegean Meadow Brown	
Mantoides gama	Distant'S Imperial	
Manulea	Finger Phloxes	
Manulea bicolor	Bicolored Moth	
Marasmarcha lunaedactyla	Crescent Plume	
Marathyssa basalis	Light Marathyssa Moth	
Marathyssa inficita	Dark Marathyssa Moth	
Marimatha	Lemon Moths	
Marimatha nigrofimbria	Black-Bordered Lemon Moth|Black-bordered Lemon Moth	
Marmara fasciella	White Pine Barkminer Moth	
Marpesia chiron	Many-Banded Daggerwing	
Marpesia coresia	Waiter Daggerwing	
Marpesia corita	Orange-Banded Daggerwing	
Marpesia crethon	Crethon Daggerwing	
Marpesia egina	Egina Daggerwing	
Marpesia eleuchea	Antillean Daggerwing	
Marpesia furcula	Sunset Daggerwing	
Marpesia harmonia	Pale Daggerwing	
Marpesia livius	Livius Daggerwing	
Marpesia petreus	Red Dagger Wing|Ruddy Daggerwing	
Marpesia themistocles	Norica Daggerwing	
Marpesia tutelina	Tutelina Daggerwing	
Marpesia zerynthia	Waiter Daggerwing	
Martyringa xeraula	Himalayan grain moth	
Maruca vitrata	Maruca pod borer|Mung Moth	
Matapa cresta	Fringed Redeye	
Matapa druna	Grey-Brand Redeye	
Matapa sasivarna	Black-Veined Redeye	
Mathildana newmanella	Newman'S Mathildana Moth	
Meandrusa lachinus	Brown Gorgon	
Meandrusa payeni	Outlet Sword|Sickle|Yellow Gorgon	
Meandrusa sciron	Brown Gorgon	
Mechanitis lysimnia	Lysimnia Tigerwing	
Mechanitis menapis	Menapis Tigerwing	
Mechanitis polymnia	Disturbed Tigerwing|Orange-Spotted Tiger Clearwing|Polymnia Tigerwing|Sweet Oil|Orange-spotted Tiger Clearwing	
Mecyna asinalis	Coastal Pearl	
Mecyna flavalis	Yellow Pearl	
Megalographa biloba	Bilobed Looper Moth|Cutworm|Stephen'S Gem|Stephens' Gem|Stephen's Gem	
Megalopalpus simplex	Eastern Harvester	
Megalopyge crispata	Black-Waved Flannel Moth	
Megalorhipida leucodactylus	Plume moth	
Meganephria bimaculosa	Double-Spot Brocade|Double-spot Brocade	
Meganola albula	Kent Black Arches	La Nole blanchâtre
Meganola minuscula	Confused Meganola Moth	
Meganola spodia	Ashy Meganola Moth	
Meganola strigula	Small Black Arches	La Nole striolée
Meganola togatulalis		La Nole togée
Megathymus beulahae	Broad-Banded Giant-Skipper	
Megathymus cofaqui	Cofaqui Giant-Skipper	
Megathymus streckeri	Strecker'S Giant-Skipper	
Megathymus ursus	Ursine Giant-Skipper	
Megathymus yuccae	Yucca Giant-Skipper	
Megisba malaya sikkima	Malayan	
Megisba strongyle	Small Pied Blue	
Melanapamea mixta	Coastal Plain Apamea Moth	
Melanargia arge	Italian Marbled White	Échiquier d'Italie
Melanargia galathea	Marbled White	
Melanargia galathea serena	Marbled White	
Melanargia ines	Spanish Marbled White	Echiqier des Almoravides
Melanargia lachesis	Iberian Marbled White|Spanish Marbled White	l'Echiquier d'Ibérie|Echiqier Ibérique
Melanargia larissa	Balkan Marbled White	
Melanargia lucasi	Moroccan Marbled White	
Melanargia occitanica	Western Marbled White	l'Echiquier d'Occitanie|Echiqier d’Occitanie
Melanargia syriaca	Syrian Marbled White	
Melanargia titea	Levantine Marbled White	
Melanchra assimilis	Black Arches|Black Arches Moth	
Melanchra persicariae	dot moth|Dot Moth	polygonière|La Noctuelle de la Persicaire
Melanchra picta	Zebra Caterpillar|Zebra Caterpillar Moth	
Melanchroia chephise	White-tipped Black	
Melanitis ansorgei	Blue Evening Brown	
Melanitis leda	Twilight Brown	
Melanitis libya	Violet-Eyed Evening Brown	
Melanitis phedima	Dark Evening Brown	
Melanitis zitenius	Great Evening Brown	
Melanolophia canadaria	Canadian Melanolophia|Canadian Melanolophia Moth|Canadian melanolophia	
Melanolophia signataria	Signate Melanolophia|Signate Melanolophia Moth	
Melanomma auricinctaria	Gold-Lined Melanomma Moth	
Melanopyge erythrosticta	Spotted Skipper	
Melanthia procellata	pretty chalk carpet|Pretty Chalk Carpet	mélanthie pie|La Mélanthie pie
Melete lycimnia	Common Melwhite	
Melinaea lilis	Mimic Tigerwing	
Melipotis famelica	Famelica Melipotis Moth	
Melipotis indomita	Moth	
Melipotis januaris	January Melipotis Moth	
Melitaea abbas	Southern Knapweed Fritillary	
Melitaea acentria	Acentria'S Fritillary	
Melitaea aetherie	Aetherie Fritillary	Mélitée andalouse
Melitaea arcesia	Blackvein Fritillary	
Melitaea arduinna	Freyer's Fritillary	
Melitaea athalia	heath fritillary|Heath Fritillary	mélitée du mélampyre|Mélitée du mélampyre|Mélitée des mélampyres|la Mélitée du melampyre
Melitaea cinxia	glanville fritellary|Glanville Fritellary|Glanville Fritillary	mélitée du plantain|Mélitée du plantain|la Mélitée du plantain
Melitaea deione	Provençal Fritillary	Mélitée des linaires|la Mélitée des linaires|Mélitée provençale
Melitaea deserticola	Desert Fritillary	
Melitaea diamina	false heath fritillary|False Heath Fritillary	damier noir|Mélitée noirâtre|le Damier noir
Melitaea didyma	spotted fritillary|Spotted Fritillary	mélitée orangée|Mélitée orangée|la Mélitée orangée
Melitaea phoebe	Freyer’S Fritillary|Knapweed Fritillary|Freyer’s Fritillary	Mélitée des centaurées|le Grand Damier
Melitaea trivia	Lesser Spotted Fritillary|Lesse Spotted Fritillary	Mélitée du bouillon blanc
Melitaea turkmanica	Turkmen Fritillary	
Melitaea varia	Grisons Fritillary	
Melitara prodenialis	Moth	
Melittia oedipus	Moth	
Mellilla xanthometata	Orange Wing Moth	
Melphina statira	White-Spotted Forest Swift	
Memphis forreri	Forrer'S Leafwing	
Menophra abruptaria	waved umber|Waved Umber	boarmie pétrifiée|La Boarmie pétrifiée
Menophra japygiaria	Brassy Waved Umber	
Meropleon ambifusca	Newman's Brocade	
Meropleon diversicolor	Multicolored Sedgeminer Moth	
Merrifieldia baliodactylus	Dingy White Plume	
Merrifieldia leucodactyla	Thyme Plume	
Merrifieldia tridactyla	Western Thyme Plume	
Mesapamea fractilinea	Broken-Lined Brocade Moth	
Mesapamea secalis	Common rustic moth|Common Rustic|Remm's Rustic	L'Hiéroglyphe
Mesapamea storai	Owlet Moth|Underwing Moth	
Mesodina cyanophracta	Blue Iris-Skipper	
Mesodina halyzia	Eastern Iris-Skipper	
Mesodina hayi	Narrow-Winged Iris-Skipper	
Mesogona acetosellae	Pale Stigma	La Noctuelle de la Petite-Oseille
Mesogona oxalina		La Noctuelle de l'Oxalide
Mesoleuca albicillata	beautiful carpet|Beautiful Carpet	phalène de la ronce|La Phalène de la Ronce, la Blanchâtre
Mesoleuca gratulata	Half-white Carpet Moth|Western White-Ribboned Carpet Moth	
Mesoleuca ruficillata	White-Ribboned Carpet Moth	
Mesoligia furuncula	Cloaked Minor	La Noctuelle furoncule
Mesophleps palpigera	Palo verde moth	
Mesophleps silacella	Straw Crest	
Mesothea incertata	Day Emerald Moth	
Mestra amymone	Common Mestra	
Mestra dorcas	Jamaican Mestra	
Metalectra discalis	Common Fungus Moth	
Metalectra quadrisignata	Four-Spotted Fungus Moth	
Metalectra tantillus	Black Fungus Moth	
Metallata absumens	Brown Leaf Mimic	
Metamorpha elissa	Elissa Page	
Metanema determinata	Dark Metanema|Dark Metanema Moth	
Metanema inatomaria	Pale Metanema|Pale Metanema Moth	
Metarranthis angularia	Angled Metarranthis Moth	
Metarranthis duaria	Ruddy Metarranthis Moth	
Metarranthis hypochraria	Common Metarranthis|Common Metarranthis Moth	
Metarranthis indeclinata	Pale Metarranthis|Pale Metarranthis Moth	
Metarranthis lateritiaria	Southern Metarranthis Moth	
Metarranthis obfirmaria	Yellow-Washed Metarranthis|Yellow-Washed Metarranthis Moth|Yellow-washed Metarranthis	
Metarranthis refractaria	Refracted Metarranthis Moth	
Metarranthis warneri	Warner'S Metarranthis Moth	
Metaxaglaea inulta	Unsated Sallow|Unsated Sallow Moth	
Metaxaglaea semitaria	Footpath Sallow Moth	
Metaxaglaea viatica	Roadside Sallow	
Metaxmeste phrygialis	Black Mountain Pearl	
Methona confusa	Confusa Tigerwing	
Methona themisto	Themisto Amberwing	
Metisella aegipan	Mountain Sylph	
Metisella aegipan aegipan	Mountain Sylph	
Metisella alticola	Virunga Sylph	
Metisella decipiens	Confluent Sylph	
Metisella kakamega	Kakamega Sylph	
Metisella kumbona	Cameroun Netted Sylph	
Metisella malgacha malgacha	Grassveld Sylph	
Metisella malgacha orina	Drakensberg Grassveld Sylph	
Metisella medea	Medea Sylph	
Metisella meninx	Marsh Sylph	
Metisella metis	Western Gold-spotted Sylph|Western Gold-Spotted Sylph	
Metisella metis metis	Western Gold-spotted Sylph|Western Gold-Spotted Sylph	
Metisella metis paris	Eastern Gold-spotted Sylph|Eastern Gold-Spotted Sylph	
Metisella midas	Golden Sylph	
Metisella syrinx	Bamboo Sylph	
Metisella trisignatus	Three Spot Sylph	
Metisella tsadicus	Northern Netted Sylph	
Metisella willemi	Netted Sylph	
Metzneria aestivella	Carline Neb	
Metzneria aprilella	Brilliant Neb	
Metzneria lappella	Burdock Neb|Burdock Seedhead Moth|Burdock seedhead moth	
Metzneria littorella	Isle of Wight Neb	
Metzneria metzneriella	Meadow Neb	
Metzneria neuropterella	Brown-veined Neb	
Metzneria paucipunctella	Knapweed seedhead moth	
Meza cybeutes	Drab Three-Spot Missile	
Meza larea	East African Missile	
Meza mabea	Dark Brown Missile	
Meza mabillei	Mabille’S Three-Spot Missile	
Meza meza	Common Missile	
Michaelus ira	Shadowed Hairstreak	
Microcrambus biguttellus	Gold-Stripe Grass-Veneer Moth|Gold-Striped Grass-Veneer	
Microcrambus elegans	Elegant Grass-Veneer|Elegant Grass-Veneer Moth	
Microloxia herbaria	Herb Emerald	
Micropentila adelgitha	Common Dots	
Micropterix aruncella	White-barred Gold	
Micropterix aureatella	Yellow-barred Gold	
Micropterix calthella	Plain Gold	
Micropterix mansuetella	Black-headed Gold	
Micropterix tunbergella	Red-barred Gold	
Microtia elva	Elf	
Micrurapteryx salicifoliella	Willow Leaf Blotch Miner Moth	
Milanion marciana	Marciana Skipper	
Miletus biggsii	Bigg'S Brownie	
Miletus biggsii biggsii	Bigg'S Brownwing	
Miletus chinensis	Common Brownie	
Miletus gaesa	Brown Brownie	
Miletus gopara	Round-Banded Brownie	
Miltochrista miniata	rosy footman|Rosy Footman	rosette|La Rosette
Mimacraea darwinia	Common Acraea Mimic	
Mimacraea maesseni	Maessen’s Acraea Mimic	
Mimacraea marshalli	Marshall’S Acraea Mimic	
Mimallonidae	Sack-Bearer Moths	
Mimas tiliae	lime hawk-moth|Lime Hawkmoth|Lime Hawk-Moth|Lime Hawk-moth	sphynx du tilleul|Le Sphinx du Tilleul
Mimene atropatene	Purple Swift	
Mimeresia libentina	Common Harlequin	
Mimia chiapaensis	Chiapan Skipper	
Mimoides pausanias	Pausanias Swallowtail	
Mimoides phaon	Variable Swallowtail	
Mimoniades nurscia	Nursica Skipper	
Ministrymon clytie	Clytie Ministreak	
Ministrymon janevicroy	Pebbly Ministreak	
Ministrymon leda	Leda Ministreak	
Minoa murinata	drab looper|Drab Looper|Drap looper	souris|La Souris, la Phalène de l'Euphorbe
Minois dryas	Dryad	Grand Nègre des bois|le Grand Négre des bois|Gran nègre des bois
Minucia lunaris	lunar double-stripe|Lunar Double-stripe|Lunar Double-Stripe	lunaire|La Lunaire
Mirificarma lentiginosella	Greenweed Groundling	
Mirificarma mulinella	Gorse Groundling	
Misogada unicolor	Drab Prominent|Drab Prominent Moth	
Mnasicles hicetaon	Gray Skipper	
Mnasilus allubita	Butler'S Skipper	
Mniotype adusta	dark brocade|Dark Brocade	noctuelle aduste|La Noctuelle aduste
Mniotype satura	beautiful arches|Beautiful Arches	porphyre|La Noctuelle saturée
Mniotype solieri	Bedrule Brocade	La Xyline provençale
Mocis cubana	Cutworm moth	
Mocis latipes	Striped Grass Looper	
Mocis texana	Texas Mocis Moth	
Mocis trifasciata	Triple-Barred|Triple-barred	
Moduza procris procris	Oriental Commander	
Moltena fiara	Banana-tree Night-fighter|Strelitzia Night-fighter|Strelitzia Nightfighter|Banana-Tree Night-Fighter|Strelitzia Night-Fighter	
Moma alpium	scarce merveille du jour|Scarce Merveille du Jour|Scarce Merveille Du Jour	avrilière|L'Avrilière
Mompha conturbatella	Large Dark Mompha|Large Dark Cosmet	
Mompha eloisella	Red-Streaked Mompha Moth	
Mompha jurassicella	Scarce Cosmet	
Mompha lacteella	Rust-blotch Cosmet	
Mompha langiella	Clouded Cosmet	
Mompha locupletella	Red Cosmet	
Mompha miscella	Brown Cosmet	
Mompha ochraceella	Buff Cosmet	
Mompha propinquella	Marbled Cosmet	
Mompha raschkiella	Little Cosmet	
Mompha subbistrigella	Garden Cosmet	
Mompha terminella	Enchanter'S Cosmet|Enchanters Cosmet	
Mompha trithalama	Moth	
Momphidae	Mompha Moths	
Monema flavescens	Oriental moth	
Monochroa arundinetella	Sedge Neb	
Monochroa conspersella	Dingy Neb	
Monochroa cytisella	Bracken Neb	
Monochroa divisella	Scarce Marsh Neb	
Monochroa elongella	Pembroke Neb	
Monochroa hornigi	Knotweed Neb	
Monochroa lucidella	Buff-marked Neb	
Monochroa lutulentella	Black Neb	
Monochroa moyses	Coast Neb	
Monochroa niphognatha	Kentish Neb	
Monochroa palustrellus	Wainscot Neb	
Monochroa suffusella	Notch-wing Neb	
Monochroa tenebrella	Common Plain Neb	
Monochroa tetragonella	Saltern Neb	
Monopis crocicapitella	Bird Nest Moth|Moth|Pale-Backed Clothes|Pale-backed Clothes	
Monopis dorsistrigella	Skunkback Monopis Moth	
Monopis fenestratella	Brown Timber Clothes	
Monopis imella	Felt Clothes	
Monopis laevigella	Skin Moth	
Monopis longella	Pavlovski'S Monopis Moth	
Monopis marginistrigella	White-Blotched Monopis Moth	
Monopis meliorella	Blotched monopis moth	
Monopis monachella	Moth|White-blotched Clothes	
Monopis obviella	Tineid moth|Yellow-backed Clothes	
Monopis spilotella	Orange-Headed Monopis	
Monopis weaverella	Carrion Moth	
Monza alberti	Black Grass Skipper	
Monza cretacea	White-Bodied Grass Skipper	
Monza punctata	Brown-Bodied Grass Skipper	
Moodna bisinuella	Pyralid moth	
Moodna ostrinella	Darker Moodna Moth	
Mooreana trichoneura	Yellow Flat	
Mopala orma	Orma	
Mormo maura	old lady|Old Lady	maure|La Maure
Morophaga choragella	Large Clothes	
Morpho	Morphos	
Morpho achilles	Achilles Morpho	
Morpho aega	Aega Morpho	
Morpho aurora	Aurora Morpho	
Morpho cypris	Cypris Morpho	
Morpho hecuba	Sunset Morpho	
Morpho hercules	Hercules Morpho	
Morpho menelaus	Menelaus Morpho	
Morpho polyphemus	White Morpho	
Morpho rhetenor	Rhetenor Blue Morpho	
Morpho theseus	Stub-Tailed Morpho	
Morys geisa	Geisa Skipper	
Mota massyla	Saffron	
Mucia zygia	Black-Dotted Skipper	
Mussidia nigrivenella	Black-veined Knot-horn	
Mycalesis anaxias	White-Bar Bushbrown	
Mycalesis francisca	Lilacine Bushbrown	
Mycalesis gotama	Chinese Bushbrown	
Mycalesis heri	Moore's Bushbrown|Moore'S Bushbrown	
Mycalesis itys	Itys Bush Brown	
Mycalesis janardana	Common Bush Brown|Janardana Bush Brown|Common Bushbrown	
Mycalesis lepcha	Lepcha Bushbrown	
Mycalesis maianeas	Bandless Bushbrown	
Mycalesis mineus mineus	Dark-Brand Bush Brown	
Mycalesis nicotia	Bright-Eye Bushbrown	
Mycalesis orseis	Purple Bushbrown	
Mycalesis orseis nautilus	Purple Bushbrown	
Mycalesis perseoides	Burmese Bushbrown	
Mycalesis perseus	Dingy Bushbrown	
Mycalesis phidon	Hewitson'S Bushbrown	
Mycalesis radza	Andamanese Eyed Bushbrown	
Mycalesis sangaica	Painted Bushbrown	
Mycalesis sirius	Cedar Bushbrown	
Mycalesis suaveolens	Wood Mason'S Bushbrown	
Mycalesis subdita	Tamil Bushbrown	
Mycalesis terminus	Orange Bushbrown	
Mycalesis visala phamis	Long Brand Bush Brown	
Mycalesis visala visala	Indian Long-Branded Bushbrown	
Mycterophora inexplicata	Pale-Edged Snout Moth	
Myelois circumvoluta	Thistle Ermine	
Mylon cristata	Austin'S Mylon	
Mylon illineatus	Illineatus Mylon	
Mylon lassia	Bold Mylon	
Mylon maimon	Common Mylon	
Mylothris agathina	Eastern Dotted Border|Common Dotted Border	
Mylothris agathina agathina	Eastern Dotted Border	
Mylothris asphodelus	Asphodel Dotted Border	
Mylothris atewa	Atewa Dotted Border	
Mylothris chloris	Common Dotted Border|Western Dotted Border	
Mylothris jacksoni	Jackson's Dotted Border|Jackson'S Dotted Border	
Mylothris rhodope	Rhodope|Tropical Dotted Border	
Mylothris rubricosta	Eastern Swamp Dotted Border	
Mylothris rueppellii	Twin Dotted Border|Rüppel's Dotted Border|Rüppel'S Dotted Border	
Mylothris rueppellii haemus	Twin Dotted Border	
Mylothris sagala	Dusky Dotted Border	
Mylothris talboti	Talbot’s Dotted Border	
Mylothris trimenia	Trimen's Dotted Border|Trimen'S Dotted Border	
Mylothris yulei	Yule's Dotted Border	
Mynes geoffroyi	Jezebel Nymph	
Myrina dermaptera	Lesser Fig-tree Blue|Lesser Fig-Tree Blue	
Myrina dermaptera dermaptera	Lesser Fig-tree Blue|Lesser Fig-Tree Blue	
Myrina sharpei	Sharpe’s Fig Tree Blue	
Myrina silenus	Amber Fig-tree Blue|Amber Fig-Tree Blue	
Myrina silenus ficedula	Common Fig-tree Blue|Common Fig-Tree Blue	
Myrina silenus penningtoni	Desert Fig-tree Blue|Desert Fig-Tree Blue	
Myrmecozela ochraceella	Wood-ant Clothes	
Myscelia cyananthe	Blackened Bluewing	
Myscelia cyaniris	Whitened Bluewing	
Myscelia leucocyana	Pale Bluewing	
Myscelia orsis	Orsis Bluewing	
Myscelus assaricus	Fiery Myscelus	
Myscelus belti	Belt'S Myscelus	
Mysoria affinis	Red-Collared Firetip	
Mysoria amra	Blue-Collared Firetip	
Mysoria barcastus	Royal Firetip	
Mythimna albipuncta	white-point|White-point	point blanc|Le Point blanc
Mythimna conigera	brown-line bright-eye|Brown-line Bright-eye|Brown-Line Bright Eye	conigère|La Conigère
Mythimna ferrago	the clay|Clay|Clay Wainscot	argentée|La Noctuelle lythargyrée
Mythimna impura	smoky wainscot|Smoky Wainscot	leucanie souillée|La Leucanie souillée
Mythimna l-album	l-album wainscot|L-album Wainscot|L-Album Wainscot	crochet blanc|Le L blanc
Mythimna litoralis	shore wainscot|Shore Wainscot	La Leucanie de l'Oyat
Mythimna oxygala	Lesser Wainscot|Lesser Wainscot Moth	
Mythimna pallens	common wainscot|Common Wainscot|Mathew's Wainscot	blême|La Leucanie blafarde
Mythimna pudorina	striped wainscot|Striped Wainscot	noctuelle pudorine|La Leucanie pudorine
Mythimna sicula		leucanie sicilienne|La Leucanie sicilienne
Mythimna straminea	southern wainscot|Southern Wainscot	leucanie paillée|La Leucanie paillée
Mythimna turca	double line|Double Line|Double-line	noctuelle turque|La Noctuelle turque
Mythimna unipuncta	American Wainscot|American Wainscot Or White-Speck|Armyworm|Armyworm Moth|White Speck|White-Speck|White-Speck Moth|armyworm|white-speck|White-speck|American Wainscot or White-speck	légionnaire uniponctuée|leucanie orbicole|La Leucanie orbicole
Mythimna vitellina	delicate|Delicate	leucanie vitelline|La Leucanie vitelline
Nacaduba angusta	White Four-Line Blue	
Nacaduba beroe	Opaque Sixline Blue	
Nacaduba beroe neon	Opaque Sixline Blue	
Nacaduba calauria evansi	Lankan Dark Six-Lineblue	
Nacaduba calauria malayica	Dark Malayan Sixline Blue	
Nacaduba cyanea	Tailed Green-Banded Line Blue	
Nacaduba dyopa	Owl-Spotted Blue	
Nacaduba hermus	Pale Four-Line Blue	
Nacaduba hermus sidoma	Dakhan Pale Four-Lineblue	
Nacaduba kurava	Transparent 6-Line Blue	
Nacaduba kurava nemana	Transparent 6-Line Blue	
Nacaduba pactolus	Large Fourline Blue	
Nacaduba pavana singapura	Singapore Fourline Blue	
Nacaduba sanaya	Jewel Fourline Blue	
Nacaduba sinhala	Pale Ceylon Line Blue	
Nacaduba subperusia	Violet Fourline Blue	
Nadata gibbosa	White-Dotted Prominent|White-Dotted Prominent Moth|Yellowlined Caterpillar	
Naenia typica	the gothic|Gothic	noctuelle typique|La Noctuelle typique
Naevolus orius	Orius Skipper	
Napeocles jucunda	Great Blue Hookwing	
Napeogenes tolosa	Tollhouse Ticlear	
Narope testacea	Brown Owl-Butterfly	
Narycia duplicella	White-speckled Smoke|Whitespeckled Smoke	
Nascia acutellus	Streaked Orange Moth	
Nascia cilialis	Orange-rayed Pearl	
Nascus broteas	Broteas Scarlet-Eye	
Nascus phintias	Schaus'S Scarlet-Eye	
Nastra julia	Julia'S Skipper	
Nastra lherminier	Swarthy Skipper	
Nastra neamathla	Neamathla Skipper	
Nathalis iole	Dainty Sulphur|Dwarf Yellow	
Nedra ramosula	Gray Half-Spot|Gray Half-Spot Moth	
Neita durbani	D'Urban's Brown|D'Urban'S Brown	
Neita extensa	Savanna Brown	
Neita lotenia	Drakensberg Mountain Brown|Loteni Brown	
Neita neita	Neita Brown	
Nemapogon angulifasciella	Black-Patched Nemapogon	
Nemapogon clematella	Barred White Clothes|Barred White Clothes Moth	
Nemapogon cloacella	Cork Moth	
Nemapogon granella	European grain moth|Corn Moth	
Nemapogon inconditella	Pale Devon Clothes	
Nemapogon koenigi	White-speckled Clothes	
Nemapogon picarella	Pied Tineid Moth|Pied Clothes|Oak Clothes|Pied Clothes Moth	
Nemapogon ruricolella	Gold-sheen Clothes	
Nemapogon variatella	Pale Corn Clothes	
Nematocampa resistaria	Horned Spanworm Moth	
Nematopogon magna	Scarce Long-horn Moth|Scarce Long-horn	
Nematopogon metaxella	Buff Long-horn	
Nematopogon pilella	Pale Brown Long-horn	
Nematopogon schwarziellus	Sandy Long-horn	
Nematopogon swammerdamella	Large Long-horn	l'Adèle de Swammerdam
Nemophora cupriacella	Coppery Long-horn	
Nemophora degeerella	Yellow-barred Long-horn	
Nemophora fasciella	Horehound Long-horn|Horehound Long-horn Moth	
Nemophora metallica	Brassy Long-horn	l'Adèle de la scabieuse
Nemophora minimella	Small Long-horn	
Nemophora ochsenheimerella	Ochsenheimer’s Long-horn	
Nemoria bifilata	White-barred Emerald Moth	
Nemoria bistriaria	Red-Fringed Emerald|Red-Fringed Emerald Moth|Red-fringed Emerald	
Nemoria lixaria	Red-bordered Emerald	
Nemoria mimosaria	White-fringed Emerald|White-Fringed Emerald|White-Fringed Emerald Moth	
Nemoria rubrifrontaria	Red-Fronted Emerald|Red-Fronted Emerald Moth|Red-fronted Emerald	
Neocataclysta magnificalis	Scrollwork Pyralid Moth	
Neodactria caliginosellus	Black Grass-Veneer|Corn Root Webworm Moth	
Neodactria luteolellus	Mottled Grass-Veneer|Mottled Grass-Veneer Moth	
Neofaculta ericetella	Heather Groundling	
Neofriseria peliella	White-spot Groundling	
Neofriseria singula	Mottled Groundling	
Neogalea sunia	Lantana stick caterpillar	
Neoleucinodes torvis	Crambid moth	
Neoligia exhausta	Exhausted Brocade|Exhausted Brocade Moth	
Neoligia semicana	Northern Brocade Moth	
Neoligia subjuncta	Connected Brocade	
Neolucia agricola	Fringed Blue	
Neolucia hobartensis	Mountain Blue	
Neolucia mathewi	Mathew'S Blue	
Neominois ridingsii	Ridings' Satyr	
Neominois ridingsii pallidus	Pale Riding’S Satyr	
Neomusotima conspurcatalis	Lygodium defoliator moth	
Neomyrina hiemalis	White Imperial	
Neomyrina nivea	White Imperial Butterfly|White Imperial	
Neonympha mitchellii francisci	Saint Francis' Satyr Butterfly	
Neonympha mitchellii mitchellii	Mitchell'S Satyr Butterfly	
Neope bhadra	Tailed Labyrinth	
Neope muirheadii	Black-Spotted Labyrinth	
Neophasia menapia	Pine White	
Neophasia menapia magnamenapia	Large Pine White	
Neophasia menapia melanica	Dark Pine White	
Neophasia menapia tau	Tau Pine White	
Neophasia terlooii	Chiricahua Pine White|Chiricahua White	
Neopithecops zalmora	Quaker	
Neopithecops zalmora dharma	Quaker	
Neopithecops zalmora zalmora	Myanmar Common Quaker	
Neorina crishna	Tailed Yellow Owl	
Neorina hilda	Yellow Owl	
Neorina patria	White Owl	
Neosphaleroptera nubilana	Deep Brown Shade	
Neotelphusa sequax	Barred Groundling	
Neoxeniades luda	Luda Skipper	
Nephele accentifera	Accented Hawk-moth	
Nephelodes minians	Bronzed Cutworm|Bronzed Cutworm Moth	
Nepheronia argia	Large Vagrant	
Nepheronia argia varia	Southern Large Vagrant	
Nepheronia argia variegata	Transvaal Large Vagrant	
Nepheronia buquetii	Desert Vagrant|Green-eyed Vagrant|Plain Vagrant|Buquet's Vagrant|Buquet'S Vagrant|Green-Eyed Vagrant	
Nepheronia pharis	Round-Winged Vagrant	
Nepheronia thalassina	Cambridge Vagrant|Blue Vagrant	
Nephopterix angustella	Spindle Knot-horn	
Nepticulidae	Midget Moths|Pigmy Moths|Pygmy Eye-Capped Moths	
Neptidopsis fulgurata	Barred False Sailor	
Neptidopsis ophione	Scalloped False Sailor|Scalloped False Sailer	
Neptis agouale	Common Club-Dot Sailer	
Neptis ananta	Yellow Sailer	
Neptis ananta ananta	West Himalayan Yellow Sailer	
Neptis anjana	Rich Sailer	
Neptis cartica	Plain Sailer	
Neptis celebica	Celebes Sailer	
Neptis clinia	Southern Sullied Sailer	
Neptis goochii	Streaked Sailor	
Neptis harita	Chocolate Sailer	
Neptis hylas	Common Sailer	
Neptis hylas andamana	Andaman Common Sailer	
Neptis hylas papaja	Common Sailor	
Neptis hylas varmona	Common Sailer	
Neptis ilira	Dark Dingy Sailor	
Neptis jordani	Jordan's Sailor|Jordan'S Sailor	
Neptis jumbah	Chestnut-Streaked Sailer	
Neptis jumbah jumbah	Bengal Chestnut-Streaked Sailer	
Neptis jumbah nalanda	Chestnut-Streaked Sailer	
Neptis laeta	Common Barred Sailor	
Neptis larseni	Principe Sailer	
Neptis leucoporos	Grey Sailer	
Neptis magadha	Spotted Sailer	
Neptis manasa	Pale Hockeystick Sailer	
Neptis melicerta	Original Club Sailer	
Neptis metella	Yellow-Base Sailer	
Neptis morosa	Savanna Sailer	
Neptis narayana	Broadstick Sailer	
Neptis nashona	Less Rich Sailer	
Neptis nata	Sullied Brown Sailer	
Neptis nemetes	Nemetes Sailer	
Neptis nicoteles	Clubbed Sailer	
Neptis philyra	Long-Streak Sailor	
Neptis praslini	Yellow-Eyed Plane	
Neptis radha	Great Yellow Sailer	
Neptis rivularis	Hungarian Glider	Sylvain des spirées|le Sylvain des spirées
Neptis saclava	Small Spotted Sailor|Spotted Sailor	
Neptis saclava marpessa	Spotted Sailor	
Neptis sankara	Broad-Banded Sailer	
Neptis sappho	Common Glider	le Sylvain de la gesse (= Neptis hylas)
Neptis serena	River Sailer|Serene Sailor	
Neptis soma	Cream-Spotted Sailor	
Neptis strigata	Strigate Sailer	
Neptis trigonophora trigonophora	Barred Sailor	
Neptis zaida	Variable Sailor	
Nepytia canosaria	False Hemlock Looper|False Hemlock Looper Moth	
Nepytia freemani	Western False Hemlock Looper	
Nerice bidentata	Double-toothed Prominent|Double-Toothed Prominent|Double-Toothed Prominent Moth	
Netrobalane canopus	Buff-tipped Skipper	
Netrocoryne repanda	Bronze Flat	
Neurobathra strigifinitella	Finite-Channeled Leafminer Moth	
Nica flavilla	Mandarin Nica	
Niconiades incomptus	Half-Tailed Skipper	
Niconiades nikko	Nikko Skipper	
Niditinea fuscella	Brown-dotted clothes moth|Brown-Dotted Clothes Moth|Brown-dotted Clothes Moth|Brown-dotted Clothes	
Niditinea striolella	Brindled Clothes	
Nigetia formosalis	Thin-Winged Owlet|Thin-Winged Owlet Moth	
Niphanda asialis	White-Banded Pierrot	
Niphanda cymbia	Small Pointed Pierrot	
Niphanda tessellata	Large Pointed Pierrot	
Niphonyx segregata	Hops angleshade moth	
Nisoniades castolus	Castolus Tufted-Skipper	
Nisoniades macarius	Macarius Tufted-Skipper	
Nisoniades rubescens	Purplish-Black Skipper	
Noctua atlantica	Owlet Moth|Underwing Moth	
Noctua carvalhoi	Owlet Moth|Underwing Moth	
Noctua comes	lesser yellow underwing|Lesser yellow underwing moth|Lesser Yellow Underwing	suivante|La Hulotte
Noctua fimbriata	broad-bordered yellow underwing|Broad-bordered Yellow Underwing|Broad-Bordered Yellow Underwing	frangée|La Frangée
Noctua interjecta	least yellow underwing|Least Yellow Underwing	faux-casque|Le Faux-Casque
Noctua interjecta caliginosa	Least Yellow Underwing	
Noctua janthe	lesser broad-bordered yellow underwing|Lesser Broad-bordered Yellow Underwing|Lesser Broad Bordered Yellow Underwing	imprévue|Le Collier soufré
Noctua janthina	langmaids yellow underwing|Langmaid's Yellow Underwing	casque|Le Casque
Noctua orbona	lunar yellow underwing|Lunar Yellow Underwing	orphéline|La Suivante
Noctua pronuba	European Yellow Underwing Moth|Large Yellow Underwing|Large Yellow Underwing Moth|European yellow underwing moth|large yellow underwing	hibou|Le Hibou
Noctuana lactifera	Cryptic Skipper	
Noctuana stator	Red-Studded Skipper	
Noctuidae	Cutworm Moths And Allies|Cutworms|Dagger Moths|Noctuid Moths|Owlet Moths|Underwings	
Nola aerugula	Scarce Black Arches	La Nole ravaudée
Nola cereella	Sorghum Webworm Moth	
Nola chlamitulalis	Jersey Black Arches	
Nola cilicoides	Blurry-Patched Nola Moth	
Nola clethrae	Sweet Pepperbush Nola Moth	
Nola confusalis	Least Black Arches	La Nole crêtée, la Nole-Aigrette
Nola cucullatella	short-cloaked moth|Short-cloaked moth|Short-cloaked Moth|Short-Cloaked Moth	La Nole-capuchon
Nola ovilla	Woolly Nola Moth	
Nola pustulata	Sharp-Blotched Nola Moth	
Nola subchlamydula		La Nole des Germandrées
Nola triquetrana	Three-Spotted Nola Moth	
Nolidae	Nolid Moths|Tufted Moths	
Nomophila nearctica	American Rush Veneer|Celery Webworm|Lucerne Moth	
Nomophila noctuella	Rush veneer|Rush Veneer	la Pyrale hybride
Nonagria typhae	bulrush wainscot|Bulrush Wainscot	noctuelle de la massette|La Nonagrie de la Massette
Nothocasis sertata		La Lobophore de l'Erable
Nothris congressariella	Cornish Groundling	
Nothris verbascella	Clay Groundling	
Notocelia cynosbatella	Yellow-faced bell moth|Yellow-faced Bell	
Notocelia incarnatana	Chalk Rose Bell	
Notocelia rosaecolana	Common Rose Bell|Common Rose Bell Moth|Doubleday'S Notocelia Moth|Common rose bell moth	
Notocelia tetragonana	Square-spot Bell	
Notocelia trimaculana	Triple-blotched Bell	
Notocelia uddmanniana	Bramble Shoot Moth|Bramble-shoot Moth	la Tordeuse de Solander
Notocrypta curvifascia	Restricted Demon	
Notocrypta feisthamelii	Spotted Demon	
Notocrypta paralysos	Common Banded Demon	
Notocrypta paralysos varians	Banded Demon	
Notodonta dromedarius	Iron Prominent	Le Chameau
Notodonta scitipennis	Finned-Willow Prominent Moth	
Notodonta torva	Large Dark Prominent|Northern Finned Prominent|Northern Finned Prominent Moth	La Demi-Lune grise
Notodonta tritophus	Three-Humped Prominent|Three-humped Prominent	
Notodonta ziczac	Pebble Prominent	Le Bois-Veiné
Notodontidae	Notodontid Moths|Prominent Moths|Prominents	
Nudaria mundana	muslin footman|Muslin Footman	mondaine|La Mondaine
Nyctegretis lineana	Agate Knot-horn	
Nyctelius nyctelius	Violet-Banded Skipper	
Nycteola asiatica	Eastern Nycteoline	La Nyctéole du Saule
Nycteola cinereana	Grey Midget Moth	
Nycteola degenerana	Swallow Nycteoline|Sallow Nycteoline	
Nycteola frigidana	Frigid Owlet|Frigid Owlet Moth	
Nycteola metaspilella	Forgotten Frigid Owlet	
Nycteola revayana	Oak Nycteoline	La Sarrothripe de Revay
Nycteola siculana	Banded Nycteoline	
Nymphalidae	Admirals|Anglewings|Brush-Footed Butterflies|Brush-Footed Butterfly|Brushfoot Butterflies|Brushfooted Butterflies|Checker-Spots|Crescent-Spots|Fritillaries|Mourningclocks|Nymphalids|Purples|brush-footed butterfly	
Nymphalis	Tortoiseshells	
Nymphalis antiopa	Mourning Cloak|Camberwell Beauty|Mourningcloak|Mourningcloak Butterfly|Spiny Elm Caterpillar|camberwell beauty	morio|Morio|le Morio
Nymphalis californica	California Tortoiseshell	
Nymphalis polychloros	large tortoiseshell|Large Tortoiseshell	grande tortue|Grande Tortue|la Grande Tortue|Grande tortue
Nymphalis xanthomelas	Scarce Tortoiseshell	
Nymphula nitidulata	Beautiful China Mark|Beautiful China-mark	
Oarisma edwardsii	Edwards' Skipperling|Edwards'S Skipperling	
Oarisma garita	Garita Skipperling	
Oarisma powesheik	Powesheik Skipperling|Poweshiek Skipperling	
Oarisma poweshiek	Poweshiek Skipperling	
Oboronia bueronica	Ginger Blue	
Oboronia liberiana	Liberian Ginger White	
Oboronia pseudopunctatus	Light Ginger White	
Oboronia punctatus	Common Ginger White	
Ocaria ocrisia	Black Hairstreak	
Ochlodes agricola	Rural Skipper	
Ochlodes agricola nemorum	Forest Skipper	
Ochlodes agricola verus	Verus Skipper	
Ochlodes bouddha	Dark Forest Darter	
Ochlodes brahma	Himalayan Forest Darter	
Ochlodes sylvanoides	Woodland Skipper	
Ochlodes sylvanoides omnigena	Great Basin Woodland Skipper	
Ochlodes venata	Large Skipper	la Sylvaine
Ochropacha duplaris	common lutestring|Common Lutestring	double-ligne|La Double-Ligne, le Bipoint
Ochropleura implecta	Flame-Shouldered Dart|Flame-Shouldered Dart Moth	
Ochropleura leucogaster	Radford's Flame Shoulder	
Ochropleura plecta	flame shoulder|Flame Shoulder	cordon blanc|Le Cordon blanc
Ochsenheimeria taurella	Feathered Stem-moth	
Ochsenheimeria vacculella	Moth|Cereal Stem Moth|Cereal-stem Moth	
Ocnerostoma friesei	Grey Pine Ermel	
Ocnerostoma piniariella	Ermine moth|White Pine Ermel	
Ocybadistes ardea	Dark Orange Dart	
Ocybadistes flavovittata	Narrow-Brand Grass-Dart	
Ocybadistes hypomeloma	Pale Orange Dart	
Ocybadistes knightorum	Black Grass-dart Butterfly|Knight's Dart	
Ocybadistes walkeri	Yellow-Banded Dart	
Odezia atrata	chimney sweeper|Chimney Sweeper|Chimney Sweep	tanagre du cerfeuil|Le Ramoneur, le Tanagre du Cerfeuil
Odonestis pruni	Plum Lappet	feuille-morte du prunier|La Feuille-Morte du Prunier
Odontognophos dumetata	Irish Annulet	
Odontognophos dumetata hibernica	Irish Annulet	
Odontopera bidentata	scalloped hazel|Scalloped Hazel	ennomos dentelée|L'Ennomos dentelé
Odontoptilum angulata	Chestnut Banded Angle	
Odontoptilum angulata angulata	Oriental Chestnut Angle	
Odontoptilum pygela	Banded Angle	
Odontosia carmelita	Scarce Prominent	La Carmélite
Odontosia elegans	Elegant Prominent|Elegant Prominent Moth	
Oecia oecophila	Moth	
Oecophora bractella	Gold-base Tubic	
Oecophoridae	Concealer Moths	
Oegoconia caradjai	Straw Obscure	
Oegoconia quadripuncta	Four-spotted Obscure	
Oeneis	Arctics	
Oeneis alberta	Alberta Arctic	
Oeneis alpina	Sentinel Arctic	
Oeneis bore	Arctic Grayling	
Oeneis bore gaspeensis	Gaspé Arctic	
Oeneis bore mckinleyensis	Mckinley Arctic	
Oeneis chryxus	Chryxus Arctic	
Oeneis chryxus chryxus	'Brown' Chryxus Arctic	
Oeneis jutta	Baltic Grayling|Forest Arctic|Jutta Arctic	
Oeneis jutta leussleri	Leussler'S Jutta Arctic	
Oeneis jutta ridingiana	Riding Mountain Arctic	
Oeneis macounii	Macoun'S Arctic	
Oeneis melissa	Melissa Arctic	
Oeneis melissa beanii	Bean'S Melissa Arctic	
Oeneis melissa gibsoni	Gibson'S Melissa Arctic	
Oeneis melissa melissa	Melissa Arctic	
Oeneis nevadensis	Great Arctic	
Oeneis nevadensis gigas	Greater Arctic	
Oeneis norna	Norse Grayling	
Oeneis philipi	Philip'S Arctic	
Oeneis uhleri	Uhler'S Arctic	
Oeneis uhleri cairnesi	Uhler'S Arctic	
Oeneis uhleri nahanni	Nahanni Arctic	
Oenomaus ortygnus	Aquamarine Hairstreak	
Oerane microthyrus	White Club Flitter	
Ogdoconta cinereola	Common Pinkband|Common Pinkband Moth	
Ogyris aenone	Sapphire Azure	
Ogyris amaryllis	Satin Azure	
Ogyris barnardi	Bright Purple Azure	
Ogyris ianthis	Golden Azure	
Ogyris idmo	Large Bronze Azure	
Ogyris iphis	Orange-Tipped Azure	
Ogyris otanes	Small Bronze Azure	
Ogyris subterrestris	Arid Bronze Azure	
Oidaematophorus eupatorii	Eupatorium Plume Moth	
Oidaematophorus lithodactyla	Dusky Plume	
Oinophila v-flava	Moth|Yellow V Moth	
Olceclostera angelica	Angel Moth	
Oleria paula	Paula'S Clearwing	
Oleria vicina	Vicina Clearwing	
Olethreutes appendiceum	Serviceberry Leafroller|Serviceberry Leafroller Moth	
Olethreutes arcuella	Arched Marble	
Olethreutes astrologana	Astronomer Moth|The Astronomer Moth	
Olethreutes bipartitana	Divided Olethreutes Moth	
Olethreutes connectum	Bunchberry Leaffolder Moth	
Olethreutes exoletum	Wretched Olethreutes Moth	
Olethreutes fasciatana	Banded Olethreutes Moth	
Olethreutes ferriferana	Hydrangea Leaftier Moth	
Olethreutes furfuranum	Woolly-Backed Moth	
Olethreutes inornatana	Inornate Olethreutes Moth	
Olethreutes lacunana	Lacuna Moth	
Olethreutes malana	Malana Leafroller Moth	
Olethreutes mysteriana	Mysterious Olethreutes Moth	
Olethreutes nigranum	Variable Nigranum Moth	
Olethreutes olivaceana	Olivaceous Olethreutes Moth	
Olethreutes osmundana	Fern Olethreutes Moth	
Olethreutes permundana	Raspberry Leafroller Moth	
Olethreutes tilianum	Basswood Olethreutes Moth	
Oligia bridghamii	Bridgham'S Brocade Moth|Bridgham's Brocade|Bridgham'S Brocade	
Oligia fasciuncula	Middle-barred Minor|Middle-Barred Minor	La Noctuelle de la Canche
Oligia latruncula	Tawny Marbled Minor|Tawny Marbled Minor Moth|Tawny marbled minor moth	La Trompeuse
Oligia minuscula	Small Brocade|Small Brocade Moth	
Oligia modica	Black-Banded Brocade|Black-Banded Brocade Moth	
Oligia obtusa	Obtuse Sedge Borer	
Oligia strigilis	Marbled Minor|Marbled Minor Moth|Marbled minor moth	La Noctuelle du Dactyle
Oligia versicolor	Rufous Minor	La Procude versicolore
Oligocentria lignicolor	White-Streaked Prominent|White-Streaked Prominent Moth	
Oligocentria semirufescens	Red-Washed Prominent|Red-Washed Prominent Moth|Red-washed Prominent	
Oligoria maculata	Twin-Spot Skipper	
Oligostigma polydectalis	Small Ringed China-mark	
Olindia schumacherana	White-barred Tortrix|White-barred Twist	
Omiodes asaphombra	‘Ohe Leafroller Moth	
Omiodes epicentra	O’ahu Swamp Leafroller Moth	
Omiodes euryprora	Ola‘a Banana Leafroller Moth	
Omiodes fullawayi	Fullaway’s Banana Leafroller Moth	
Omiodes indicata	Bean-leaf Webworm Moth	
Omiodes meyricki	Meyrick's Banana Hedyleptan Moth|Moloka’i Sedge Leafroller Moth	
Omiodes musicola	Maui Banana Hedyleptan Moth	
Omiodes telegrapha	Telegraphic Hedyleptan Moth	
Omphisa anastomosalis	Sweetpotato vineborer	
Oncocera semirubella	Rosy-striped Knot-horn	
Oneida lunulalis	Orange-Tufted Oneida Moth	
Operophtera bruceata	Bruce Spanworm|Bruce Spanworm Moth	
Operophtera brumata	winter moth|Winter moth|Winter Moth	phalène brumeuse|La Cheimatobie hiémale, la Phalène brumeuse
Operophtera fagata	northern winter moth|Northern Winter Moth	cheimatobie du hêtre|La Cheimatobie du Hêtre
Ophiusa disjungens	Moth	
Opigena polygona		polygone
Opisthograptis luteolata	brimstone moth|Brimstone Moth	citronelle rouillée|La Citronnelle rouillée
Opogona antistacta	Western Banana Moth	
Opogona aurisquamosa	Moth	
Opogona omoscopa	Moth|Eastern Detritus Moth	
Opogona purpuriella	Tineid moth	
Opogona sacchari	Banana bud moth|Cane borer|Banana Moth|Sugar-cane Moth	
Opostega salaciella	Sorrel Bent-wing	
Opostega spatulella	Essex Bent-wing	
Opostegidae	White Eye-Capped Moths	
Opsiphanes cassina	Split-Banded Owl-Butterfly	
Opsiphanes quiteria	Scalloped Owlet	
Opsiphanes tamarindi	Tamarind Owl	
Orachrysops ariadne	Karkloof Blue	
Orachrysops brinkmani	Brinkman's Blue|Kamanassie Blue|Brinkman'S Blue	
Orachrysops mijburghi	Black-Spotted Blue|Mijburgh's Blue|Mijburgh'S Blue	
Orachrysops montanus	Golden Gate Blue	
Orachrysops regalis	Royal Blue	
Orachrysops subravus	Grizzled Blue	
Orachrysops violescens	Violescent Blue	
Orachrysops warreni	Navy Blue|Warren's Blue|Warren'S Blue	
Oraesia excavata	Moth	
Oraidium barberae	Dwarf Blue	
Oreixenica correae	Correa Brown	
Oreixenica kershawi	Striped Xenica	
Oreixenica latialis	Alpine Silver Xenica	
Oreixenica orichora	Orichora Brown	
Oreixenica ptunarra	Ptunarra Brown	
Oreta rosea	Rose Hooktip|Rose Hooktip Moth	
Orgyia antiqua	Moth|Rusty Tussock Moth|Vapourer	L'Etoilée, le Bombyx antique
Orgyia definita	Definite Tussock Moth	
Orgyia leucostigma	White-Marked Tussock Moth	
Orgyia recens	Scarce Vapourer	La Soucieuse
Oria musculosa	Brighton Wainscot	La Noctuelle musculeuse
Oriens concinna	Sahyadri Dartlet	
Oriens gola	Common Dartlet	
Oriens goloides	Smaller Dartlet	
Oriens paragola	Malay Dartlet	
Ornativalva erubescens	Moth	
Ornipholidotos peucetia	Large Glasswing|White Mimic	
Ornithoptera aesacus	Obi Island Birdwing	
Ornithoptera alexandrae	Queen Alexandra's Birdwing|Queen Alexandra'S Birdwing	Ornithoptère de la Reine Alexandra
Ornithoptera chimaera	Chimaera Birdwing	La chimère|Ornithoptère chimère
Ornithoptera croesus	Wallace's Golden Birdwing|Wallace'S Golden Birdwing	
Ornithoptera euphorion	Cairns Birdwing	
Ornithoptera goliath	Goliath Birdwing	
Ornithoptera meridionalis	Southern Tailed Birdwing	Ornithoptère méridional
Ornithoptera paradisea	Butterfly of Paradise|Paradise Birdwing|Tailed Birdwing|Butterfly Of Paradise	Ornithoptère de paradis
Ornithoptera priamus	Cape York Birdwing|Common Green Birdwing|Cooktown Birdwing|New Guinea Birdwing|Northern Birdwing|Priam's Birdwing	
Ornithoptera richmondia	Richmond Birdwing	
Ornithoptera rothschildi	Rothschild's Birdwing	
Ornithoptera tithonus	Tithonus Birdwing	
Ornithoptera victoriae	Queen Victoria's Birdwing|Queen Victoria'S Birdwing	
Orsotriaena medus medus	Medus Brown	
Orthodes cynica	Cynical Quaker|Cynical Quaker Moth	
Orthodes detracta	Disparaged Arches Moth	
Orthodes goodelli	Goodell'S Arches Moth	
Orthodes majuscula	Rustic Quaker|Rustic Quaker Moth	
Orthofidonia flavivenata	Yellow-veined Geometer Moth|Yellow-Veined Geometer Moth	
Orthofidonia tinctaria	Marbled Wave|Marbled Wave Moth	
Ortholepis betulae	Birch Knot-horn	
Ortholepis pasadamia	Striped Birch Pyralid Moth	
Orthomiella pontis	Straightwing Blue	
Orthomiella rantaizana	Chinese Straight-Wing Blue	
Orthonama obstipata	Gem|Gem Moth|The Gem	L'Escortée, la Phalène dimorphe
Orthonama vittata	oblique carpet|Oblique Carpet	phalène du gaillet pallustre|La Phalène du Gaillet palustre, l'Orthonome ligneuse
Orthosia alurina	Gray Quaker|Gray Quaker Moth	
Orthosia cerasi	common quaker|Common Quaker	téniocampe constante|L'Orthosie du Cerisier
Orthosia cruda	small quaker|Small Quaker	téniocampe ambiguë|L'Orthosie farineuse
Orthosia garmani	Garman'S Quaker	
Orthosia gothica	hebrew character|Hebrew Character	gothique|La Gothique
Orthosia gracilis	powdered quaker|Powdered Quaker	téniocampe grêle|L'Orthosie gracile
Orthosia hibisci	Green Fruitworm|Speckled Green Fruitworm|Speckled Green Fruitworm Moth	
Orthosia incerta	clouded drab|Clouded Drab	inconstante|L'Orthosie variable
Orthosia miniosa	blossom underwing|Blossom Underwing	téniocampe peinte|L'Orthosie rougeoyante
Orthosia opima	northern drab|Northern Drab	téniocampe riche|La Téniocampe riche
Orthosia populeti	lead-coloured drab|Lead-coloured Drab|Lead-Coloured Drab	téniocampe du peuplier|L'Orthosie du Peuplier
Orthosia revicta	Rusty Whitesided Caterpillar|Subdued Quaker|Subdued Quaker Moth	
Orthosia rubescens	Ruby Quaker|Ruby Quaker Moth	
Orthotaenia undulana	Dusky Leafroller Moth|Woodland Marble	
Orthotelia sparganella	Reed Fanner|Reed Smudge	
Ortilia liriope	Brazilian Crescent	
Osmodes adon	Adon White-Spots	
Osmodes adosus	Adosus White-Spots	
Osmodes laronia	Large White-Spots	
Osmodes lindseyi	Black-Tufted White-Spots	
Osmodes minchini	Minchin’S White-Spots	
Osmodes omar	Obsolete White-Spots	
Osphantes ogowena	Lobed Skipper	
Ostrinia nubilalis	European Corn Borer Moth|European Corn Borer|European Corn-Borer|European corn borer|European corn-borer|European Corn-borer	
Ouleus fridericus	Fridericus Spreadwing	
Ourapteryx sambucaria	swallow-tailed moth|Swallow-tailed Moth|Swallow-Tailed Moth	phalène du sureau|La Phalène du Sureau
Oxeoschistus hilara	Dot-Banded Satyr	
Oxeoschistus tauropolis	Starred Oxeo	
Oxylides faunus	Common False Head	
Oxypteryx atrella	Two-spotted Neb	
Oxypteryx immaculatella	Twilight Neb	
Oxypteryx unicolorella	Unmarked Neb	
Oxypteryx wilkella	Painted Neb	
Oxyptilus parvidactyla	Small Plume	
Oxyptilus pilosellae	Downland Plume	
Pabulatrix pabulatricula	Union Rustic	L'Abromiade chaulée
Paches loxus	Glorious Blue-Skipper	
Paches polla	Polla Blue-Skipper	
Pachetra sagittigera	Feathered Ear	La Coureuse
Pachetra sagittigera britannica	Feathered Ear	
Pachliopta adamas	Zinken's Rose|Zinken'S Rose	
Pachliopta antiphus	Black Rose	
Pachliopta aristolochiae	Common Rose	
Pachliopta aristolochiae asteris	Malaysian Common Rose	
Pachliopta aristolochiae interpositus	Taiwanese Common Swallowtail	
Pachliopta hector	Crimson Rose	
Pachliopta jophon	Malabar Rose|Sri Lankan/Ceylon Rose	
Pachliopta kotzebuea	Pink Rose	
Pachliopta pandiyana	Malabar Rose	
Pachliopta polydorus	Red-bodied Swallowtail	
Pachliopta polyphontes	Sulawesi Rose	
Pachycnemia hippocastanaria	horse chestnut|Horse Chestnut|Horse Chestnut Moth	pachycnémie des callunes|La Callunaire, la Pachycnémie des Callunes
Pachylia ficus	Fig Sphinx	
Pachyneuria licisca	Immaculate Tufted-Skipper	
Pachypolia atricornis	Autumnal Noctuid Moth	
Pachysphinx modesta	Big Poplar Sphinx|Modest Sphinx|Big Poplar Sphinx Moth	
Pachysphinx occidentalis	Western Poplar Sphinx	
Pachythelia villosella	Black Sweep	
Packardia	Tailed Slug Moths	
Packardia albipunctata	White-Spotted Tailed Slug Moth	
Packardia elegans	Elegant Tailed Slug Moth	
Packardia geminata	Jeweled Tailed Slug Moth	
Paectes lunodes	Cutworm moth	
Paectes oculatrix	Eyed Paectes Moth	
Paidia rica	Glaucous Muslin	L'Ecaille gris-souris
Paleacrita merriccata	White-Spotted Canker Worm	
Paleacrita vernata	Spring Cankerworm|Spring Cankerworm Moth	
Palla decius	White-Banded Palla	
Palla publius	Andromorph Palla	
Palla ussheri	Ussher’S Palla	
Palla violinitens	Violet-banded Palla	
Palpita isoscelalis	Palpita Moth	
Palpita magniferalis	Splendid Palpita Moth	
Palpita persimilis	Olive shootworm	
Palpita vitrealis	Olive-tree Pearl	
Palthis angulalis	Dark-Spotted Palthis Moth|Spruce Harlequin	
Palthis asopialis	Faint-Spotted Palthis Moth	
Pammene agnotana	Guildford Piercer	
Pammene albuginana	Blotched Piercer	
Pammene argyrana	Black-bordered Piercer	
Pammene aurana	Orange-spot Piercer	
Pammene aurita	Sycamore Piercer	
Pammene fasciana	Acorn Piercer	
Pammene felicitana	Happy Pammene	
Pammene gallicana	Purple-shaded Piercer	
Pammene germmana	Black Piercer	
Pammene giganteana	Early Oak Piercer	
Pammene herrichiana	Beech-mast Piercer	
Pammene ignorata	Devon Piercer	
Pammene luedersiana	Inverness Piercer	
Pammene obscurana	Obscure Birch Piercer	
Pammene ochsenheimeriana	Black-patch Piercer	
Pammene populana	Pigmy Y Piercer	
Pammene regiana	Regal Piercer	
Pammene rhediella	Fruitlet-mining Tortrix|Fruitlet Mining Tortrix	
Pammene spiniana	Triangle-marked Piercer	
Pammene splendidulana	Drab Oak Piercer	
Pammene suspectana	Ash-bark Piercer	
Pammene trauniana	Maple Piercer	
Panacea procilla	Procilla Beauty	
Panacea prola	Red Flasher	
Pancalia leuwenhoekella	Violet Cosmet	
Pancalia schwarzella	Scarce Violet Cosmet	
Pandemis cerasana	barred fruit-tree tortrix|Moth|Barred Fruit-tree Tortrix|Barred Fruit-Tree Tortrix|Barred Twist	la Tordeuse du cerisier
Pandemis cinnamomeana	White-faced Twist	
Pandemis corylana	Chequered Fruit-tree Tortrix|Chequered Fruit-Tree Tortrix|Chequered Twist	
Pandemis dumetana	Thicket Twist	
Pandemis heparana	Moth|Dark Fruit-tree Tortrix|Dark Fruit-Tree Tortrix|Dark Twist	
Pandemis lamprosana	Woodgrain Leafroller Moth	
Pandemis limitata	Three-Lined Leafroller Moth	
Pandesma anysa	Moth	
Pandita sinope	Colonel	
Pandita sinope sinope	Colonel	
Panemeria tenebrata	small yellow underwing|Small Yellow Underwing	noctuelle héliaque|La Noctuelle héliaque
Pangrapta decoralis	Decorated Owlet|Decorated Owlet Moth	
Panolis flammea	pine beauty|Pine Beauty	ardente|La Noctuelle du Pin
Panopoda carneicosta	Brown Panopoda Moth	
Panopoda repanda	Orange Panopoda	
Panopoda rufimargo	Red-Lined Panopoda Moth	
Panoquina errans	Wandering Skipper	
Panoquina evadnes	Evadnes Skipper	
Panoquina fusina	Evans' Skipper	
Panoquina hecebolus	Hecebolus Skipper	
Panoquina nero	Nero Skipper	
Panoquina ocola	Ocola Skipper	
Panoquina panoquin	Salt Marsh Skipper	
Panoquina panoquinoides	Beach Skipper|Obscure Panoquin|Obscure Skipper	
Panoquina sylvicola	Purple-Washed Skipper	
Panthea acronyctoides	Black Zigzag Moth|Tufted Spruce Caterpillar	
Panthea coenobita		cénobite|La Cénobite
Panthea furcilla	Eastern Panthea Moth	
Panthiades bitias	Bitias Hairstreak	
Pantographa limata	Basswood Leafroller Moth	
Pantoporia aurelia	Baby Lascar	
Pantoporia consimilis	Orange Plane	
Pantoporia hordonia	Common Lascar	
Pantoporia paraka	Perak Lascar	
Pantoporia sandaka	Extra Lascar	
Pantoporia venilia	Cape York Aeroplane	
Paonias astylus	Huckleberry Sphinx	
Paonias excaecata	Blind-Eyed Sphinx|Blind-Eyed Sphinx Moth|Blinded Sphinx|Blindeyed Sphinx|Blind-eyed Sphinx	
Paonias myops	Small-Eyed Sphinx|Small-Eyed Sphinx Moth|Small-eyed Sphinx	
Papaipema appassionata	Pitcher Plant Borer Moth|Pitcher-Plant Borer Moth	
Papaipema araliae	Aralia Shoot Borer Moth	
Papaipema arctivorens	Northern Burdock Borer Moth|Northern burdock borer moth	
Papaipema astuta	Yellow Stoneroot Borer Moth	
Papaipema aweme	Aweme Borer Moth	
Papaipema baptisiae	Indigo Stem Borer Moth|Wild Indigo Borer Moth	
Papaipema beeriana	Blazing Star Stem Borer|Liatris Borer Moth	
Papaipema birdi	Umbellifer Borer Moth	
Papaipema cataphracta	Burdock Borer|Burdock Borer Moth	
Papaipema cerina	Golden Borer Moth	
Papaipema cerussata	Ironweed Borer Moth	
Papaipema duovata	Seaside Golden Borer Moth|Seaside Goldenrod Stem Borer	
Papaipema duplicatus	Dark Stoneroot Borer Moth	
Papaipema eryngii	Rattlesnake Master Borer	
Papaipema eupatorii	Eupatorium Borer Moth	
Papaipema furcata	Ash Tip Borer Moth	
Papaipema harrisii	Heracleum Stem Borer Moth	
Papaipema impecuniosa	Aster Borer Moth	
Papaipema inquaesita	Sensitive Fern Borer Moth	
Papaipema insulidens	Ragwort Stem Borer Moth|Umbellifer Borer Moth	
Papaipema leucostigma	Columbine Borer Moth	
Papaipema lysimachiae	Loosestrife Borer Moth	
Papaipema maritima	Maritime Sunflower Borer Moth	
Papaipema nebris	Stalk Borer|Stalk Borer Moth	
Papaipema necopina	Sunflower Borer Moth	
Papaipema nelita	Coneflower Borer Moth	
Papaipema nepheleptena	Turtle Head Borer Moth	
Papaipema pterisii	Bracken Borer Moth	
Papaipema rigida	Rigid Sunflower Borer Moth	
Papaipema rutila	Mayapple Borer Moth	
Papaipema sciata	Cluvers Root Borer	
Papaipema silphii	Silphium Borer Moth	
Papaipema speciosissima	Osmunda Borer Moth|Regal Fern Borer	
Papaipema stenocelis	Chain Fern Borer Moth	
Papaipema sulphurata	Water-Willow Stem Borer|Water-willow Stem Borer	
Papaipema unimoda	Meadow Rue Borer Moth	
Papestra biren	glaucous shears|Glaucous Shears	noctuelle glauque|L'Hadène glauque
Papias subcostulata	Jungle Skipper	
Papilio	Common Swallowtails|Swallowtails	
Papilio alcmenor	Redbreast	
Papilio alexanor	Baluchi Yellow Swallowtail|Southern Swallowtail	Alexanor|l'Alexanor
Papilio ambrax	Ambrax Butterfly	
Papilio anactus	Dingy Swallowtail|Dainty Swallowtail|Orange Butterfly|Small Citrus Butterfly	
Papilio anchisiades	Idaes Swallowtail|Red-spotted Swallowtail|Ruby-spotted Swallowtail|Red-Spotted Swallowtail|Ruby-Spotted Swallowtail	
Papilio andraemon	Bahaman Swallowtail|Bahamian Swallowtail	
Papilio androgeus	Androgeus Swallowtail|Queen Swallowtail	
Papilio antimachus	African Giant Swallowtail|Giant Papilio|Giant African Swallowtail	
Papilio appalachiensis	Appalachian Tiger Swallowtail	
Papilio arcturus	Blue Peacock	
Papilio aristodemus	Schaus' Swallowtail|Island Swallowtail	
Papilio aristor	Scarce Haitian Swallowtail	
Papilio astyalus	Astyalus Swallowtail|Broad-banded Swallowtail|Astyalus swallowtail|Broad-banded swallowtail|Broad-Banded Swallowtail	
Papilio bianor	Common Peacock	
Papilio bootes	Tailed Redbreast	
Papilio brevicauda	Short Tailed Swallowtail|Short-Tailed Swallowtail|Shorttailed Swallowtail	
Papilio brevicauda gaspeensis	Gaspé Short-Tailed Swallowtail	
Papilio buddha	Malabar Banded Peacock	
Papilio caiguanabus	Poey's Black Swallowtail|Poey'S Black Swallowtail	
Papilio canadensis	Canadian Tiger Swallowtail	
Papilio castor	Common Raven|Common Raven Butterfly	
Papilio charopus	Tailed Green-banded Swallowtail|Tailed Green-Banded Swallowtail	
Papilio chikae	Luzon Peacock Swallowtail	
Papilio chrapkowskii	Broad Green-Banded Swallowtail|Chrapkowski's green-banded Swallowtail|Chrapkowski'S Green-Banded Swallowtail	
Papilio chrapkowskoides	Broadly Green-banded Swallowtail|Broadly Green-Banded Swallowtail	
Papilio constantinus	Constantine's Swallowtail|Constantine'S Swallowtail	
Papilio cresphontes	Eastern Giant Swallowtail|Giant Swallowtail|Orange Dog|Orange dog	
Papilio crino	Common Banded Peacock	
Papilio cynorta	Mimetic Swallowtail	
Papilio cyproeofila	Common White-banded Swallowtail|Common White-Banded Swallowtail	
Papilio dardanus	Flying Handkerchief|Mocker Swallowtail	
Papilio dehaanii	Japanese Peacock Swallowtail	
Papilio demodocus	Christmas Butterfly|Citrus Butterfly|Citrus Swallowtail|Citrus swallotail|Orange Dog|Citrus Swallotail	
Papilio demoleus	Lime Butterfly|Checkered Swallowtail|Citrus Swallowtail|Lime Swallowtail	
Papilio demoleus malayanus	Southeast Asian Lime Butterfly	
Papilio demolion	Banded Swallowtail	
Papilio desmondi	Desmond's Green-Banded Swallowtail|Desmond'S Green-Banded Swallowtail	
Papilio dialis	Southern Chinese Peacock Swallowtail	
Papilio dravidarum	Malabar Raven	
Papilio echerioides	White-banded Swallowtail|White-Banded Swallowtail|Whitebanded Swallowtail	
Papilio elephenor	Yellow-crested Spangle|Yellow-Crested Spangle	
Papilio elwesi	Elwes' Swallowtail	
Papilio erostratus	Pale-Spotted Swallowtail	
Papilio esperanza	Esperanza Swallowtail	
Papilio euphranor	Bush Kite Swallowtail	
Papilio eurymedon	Pale Tiger Swallowtail|Pallid Tiger Swallowtail|Pale Swallowtail	
Papilio fuscus	Fuscous Swallowtail	
Papilio gallienus	Narrow-banded Swallowtail|Narrow-Banded Swallowtail	
Papilio garamas	Magnificent Swallowtail	
Papilio glaucus	Eastern Tiger Swallowtail|Tiger Swallowtail	
Papilio glaucus glaucus	Eastern Tiger Swallowtail	
Papilio godeffroyi	Samoan swallowtail|Samoan Swallowtail	
Papilio grosesmithi	Grosesmith'S Swallowtail	
Papilio helenus	Red Helen	
Papilio hermosanus	Taiwanese Glazed Swallowtail	
Papilio hesperus	Emperor Swallotail	
Papilio homerus	Homerus Swallowtail	
Papilio hornimani	Horniman's Swallowtail|Hornimans Green-Banded Swallowtail|Horniman'S Swallowtail	
Papilio hospiton	Corsican Swallowtail	Porte-queue de Corse|le Porte-queue de Corse
Papilio indra	Cliff Swallowtail|Indra Swallowtail|Short-Tailed Black Swallowtail	
Papilio indra calcicola	Limestone Indra Swallowtail	
Papilio indra fordi	Ford’S Swallowtail	
Papilio indra martini	Martin’S Swallowtail	
Papilio indra nevadensis	Nevada Swallowtail	
Papilio indra panamintensis	Panamint Mountains Swallowtail	
Papilio indra shastensis	Shasta Swallowtail	
Papilio interjectana	Van Someren's Green-Banded Swallowtail|Van Someren'S Green-Banded Swallowtail	
Papilio isidorus	Ruby-Patched Swallowtail	
Papilio iswara	Great Helen Swallowtail	
Papilio jacksoni	Jackson's Swallowtail	
Papilio janaka	Himalayan Tailed Redbreast	
Papilio jordani	Jordan's Mormon|Jordan's Swallowtail|Jordan'S Mormon|Jordan'S Swallowtail	
Papilio karna	Jungle Jade Swallowtail	
Papilio krishna	Krishna Peacock	
Papilio leucotaenia	Cream-banded Swallowtail|Cream-Banded Swallowtail	
Papilio liomedon	Malabar Banded Swallowtail	
Papilio lormieri	Central Emperor Swallowtail|Lormier's Swallowtail|Lormier'S Swallowtail	
Papilio lowii	Great Yellow Mormon Swallowtail	
Papilio maackii	Alpine Black Swallowtail	
Papilio machaon	Artemisia Swallowtail|Common Yellow Swallowtail|Old World Swallowtail|Swallowtail|swallowtail|Common Swallowtail|The Swallowtail	Le Grand Porte-queue|grand porte-queue|Machaon|le Grand Porte-queue
Papilio machaon aliaska	Alaskan Old World Swallowtail	
Papilio machaon bairdii	'Baird'S' Old World Swallowtail	
Papilio machaon britannicus	Swallowtail	
Papilio machaon dodi	Dod'S Old World Swallowtail	
Papilio machaon hippocrates	Japanese Common Swallowtail	
Papilio machaon hudsonianus	Hudsonian Old World Swallowtail	
Papilio machaon oregonia	'Oregon' Swallowtail	
Papilio machaonides	Machaonides swallowtail|Machaonides Swallowtail	
Papilio mackinnoni	MacKinnon's Swallowtail|Mackinnon'S Swallowtail	
Papilio mahadeva	Burmese Raven	
Papilio mayo	Andaman Mormon	
Papilio melonius	Jamaican Giant Swallowtail	
Papilio memnon	Great Mormon	
Papilio menatius	Victorine Swallowtail	
Papilio menestheus	Western emperor Swallowtail|Western Emperor Swallowtail	
Papilio morondavana	Madagascan Emperor Swallowtail	
Papilio multicaudata	Three-tailed swallowtail|Two-tailed Tiger swallowtail|Two-Tailed Tiger Swallowtail|Three-Tailed Swallowtail|Two-Tailed Swallowtail	
Papilio multicaudata pusillus	Lesser Two-Tailed Tiger Swallowtail	
Papilio natewa	Natewa Swallowtail	
Papilio nireus	Greenbanded Swallowtail|Narrow Green-Banded Swallowtail|Narrowly Green-Banded Swallowtail	
Papilio nobilis	Noble Swallowtail	
Papilio noblei	Noble'S Helen	
Papilio ophidicephalus	Emperor Swallowtail	
Papilio ornythion	Ornythion Swallowtail	
Papilio oviedo	Cuban King Swallowtail	
Papilio oxynius	Cuban Black Swallowtail|Oxynius swallowtail|Oxynius Swallowtail	
Papilio paeon	Straight-Banded Swallowtail	
Papilio palamedes	Laurel Swallowtail|Palamedes Swallowtail	
Papilio palinurus	Banded Peacock	
Papilio paradoxa	Great Blue Mime Swallowtail	
Papilio paris	Paris Peacock|Paris Peacock Swallowtail	
Papilio pelaus	Pelaus Swallowtail|Prickly Ash Swallowtail	
Papilio pelodurus	Eastern Bush Kite Swallowtail	
Papilio pharnaces	Pink-Spotted Swallowtail	
Papilio phorbanta		Papillon La Pâture
Papilio phorcas	Apple-green Swallowtail|Green Banded Swallowtail|Apple-Green Swallowtail	
Papilio pilumnus	Three-tailed Tiger Swallowtail|Three-Tailed Swallowtail|Three-Tailed Tiger Swallowtail	
Papilio plagiatus	Mountain Mimetic Swallowtail	
Papilio polymnestor	Blue Mormon	
Papilio polytes	Common Mormon	
Papilio polyxenes	Black Swallowtail|American Black Swallowtail|American Swallowtail|Eastern Black Swallowtail|Parsnip Swallowtail	
Papilio polyxenes asterius	Black Swallowtail|Eastern Black Swallowtail|Parsnip Swallowtail	
Papilio polyxenes coloro	'Desert' Black Swallowtail	
Papilio prexaspes	Blue Helen Swallowtail	
Papilio protenor	Spangle|Spangle Swallowtail	
Papilio protenor protenor	Kumaon Spangle	
Papilio rex	Regal Swallowtail	
Papilio rogeri	Pink-Spotted Swallowtail	
Papilio rumanzovia	Scarlet Mormon Swallowtail	
Papilio rumiko	Western Giant Swallowtail	
Papilio rutulus	Western Tiger Swallowtail	
Papilio saharae	Desert Swallowtail	
Papilio sataspes	Sulawesi Red Helen	
Papilio schmeltzi	Fijian Swallowtail	
Papilio sjoestedti	Kilimanjaro Swallowtail	
Papilio slateri	Blue Striped Mime Swallowtail	
Papilio slateri slateri	Blue Striped Mime	
Papilio sosia	Medium Green-banded Swallowtail	
Papilio syfanius	Yunnan Peacock	
Papilio thaiwanus	Formosan Swallowtail	
Papilio thersites	False Androgeus Swallowtail	
Papilio thoas	King Swallowtail|Thoas Swallowtail	
Papilio troilus	Spicebush|Spicebush Swallowtail	
Papilio ulysses	Blue Emperor|Blue Mountain Swallowtail|Mountain Blue|Ulysses Butterfly	
Papilio victorinus	Victorine Swallowtail	
Papilio woodfordi	Woodford'S Swallowtail	
Papilio xuthus	Asian Swallowtail|Chinese Swallowtail|Chinese Yellow Swallowtail|Chinese swallowtail	
Papilio zalmoxis	Giant Blue Swallowtail	
Papilio zelicaon	Anise Swallowtail|Western Swallowtail	
Papilio zenobia	Volta Swallowtail|Zenobia Swallowtail	
Papilionidae	Swallowtail Butterflies|Swallowtail Butterfly|Swallowtails|Swallowtails And Parnassians|swallowtail butterfly	
Papilionides	swallowtail butterfly	
Parachronistis albiceps	Wood Groundling	
Paraclemensia acerifoliella	Maple Leafcutter|Maple Leafcutter Moth	
Paracleros biguttulus	Common Dusky Dart	
Paracolax tristalis	clay fan-foot|Clay Fan-foot|Clay Fan-Foot	herminie dérivée|L'Herminie dérivée
Paracorsia repandalis	Mullein moth|Scarce Straw Pearl	
Paracrania chrysolepidella	Small Hazel Purple	
Paradarisa consonaria	square spot|Square Spot	boarmie du tilleul|La Boarmie du Tilleul, la Boarmie convenable
Paradeudorix eleala	Western Fairy Playboy	
Paradiarsia punicea		La Diarsie grenadine
Paraduba metriodes	Lilac Line-Blue	
Paraeschra georgica	Georgian Prominent	
Paralethe dendrophilus	Bush Beauty	
Paralethe dendrophilus albina	Forest Beauty	
Paralethe dendrophilus dendrophilus	Forest Beauty	
Paralethe dendrophilus indosa	Forest Beauty	
Paralethe dendrophilus junodi	Forest Beauty	
Paralipsa gularis	Pyralid moth|Stored Nut Moth	
Parallelia bistriaris	Maple Looper Moth	
Paralobesia viteana	Grape Berry Moth	
Paralucia aurifer	Bright Copper	
Paralucia pyrodiscus	Fiery Copper	
Paralucia spinifera	Bathurst Copper	
Paramesia gnomana	Small Straw Twist	
Paranthrene insolitus		Sésie polonaise
Paranthrene simulans	Hornet Clearwing Moth	
Paranthrene tabaniformis	Dusky Clearwing|Dusky Clearwing Moth|Dusky clearwing	Petite Sésie du peuplier
Parantica aglea	Glassy Tiger	
Parantica aglea melanoides	Himalayan Glassy Tiger	
Parantica agleoides agleoides	Dark Glassy Tiger	
Parantica albata	Zinken's Tiger|Zinken'S Tiger	
Parantica aspasia	Yellow Glassy Tiger	
Parantica cleona	Yellow Tiger	
Parantica clinias	New Ireland Yellow Tiger	
Parantica crowleyi	Crowley's Tiger|Crowley'S Tiger	
Parantica dabrerai	D'Abrera's Tiger|D'Abrera'S Tiger	
Parantica dannatti	Dannatt's Tiger|Dannatt'S Tiger	
Parantica davidi	David's Tiger	
Parantica garamantis	Angled Tiger	
Parantica hypowattan	Morishita's Tiger	
Parantica kirbyi	Kirby's Tiger|Kirby'S Tiger	
Parantica kuekenthali	Kuekenthal's Yellow Tiger	
Parantica marcia	Biak Tiger	
Parantica melaneus	Chocolate Tiger	
Parantica menadensis	Manado Yellow Tiger	
Parantica milagros	Milagros' Tiger	
Parantica nilgiriensis	Nilgiri Tiger	
Parantica pedonga	Pedong Tiger	
Parantica philo	Sumbawa Tiger	
Parantica phyle	Felder's Tiger|Felder'S Tiger	
Parantica pseudomelaneus	Javan Tiger	
Parantica pumila	Least Tiger	
Parantica rotundata	Fat Tiger	
Parantica schoenigi	Father Schoenig's Chocolate	
Parantica sulewattan	Bonthain Tiger	
Parantica taprobana	Ceylon Tiger	
Parantica timorica	Timor Yellow Tiger	
Parantica tityoides	Sumatran Chocolate Tiger	
Parantica toxopei	Toxopeus' Yellow Tiger	
Parantica wegneri	Flores Tiger	
Parantirrhoea marshalli	Travancore Evening Brown	
Parapediasia decorellus	Graceful Grass-Veneer|Graceful Grass-Veneer Moth	
Parapediasia ligonellus	Grass Webworm	
Parapediasia teterellus	Bluegrass Webworm Moth	
Parapoynx allionealis	Bladderwort Casemaker|Watermilfoil Leafcutter Moth	
Parapoynx badiusalis	Chestnut-Marked Pondweed Moth	
Parapoynx bilinealis	Streaked China-mark	
Parapoynx diminutalis	Hydrilla leafcutter	
Parapoynx fluctuosalis	Moth	
Parapoynx maculalis	Polymorphic Pondweed Moth	
Parapoynx obscuralis	American China-Mark|Obscure Pondweed Moth|American China-mark	
Parapoynx seminealis	Floating-Heart Waterlily Leafcutter|Floating-Heart Waterlily Moth	
Parapoynx stratiotata	Ringed China-mark|Ringed China-Mark	
Pararge aegeria	speckled wood|Speckled Wood|Speckled Wood Butterfly	tircis|Tircis|le Tircis
Pararge aegeria insula	Speckled Wood (Scilly Isles Subspecies)	
Pararge aegeria oblita	Speckled Wood (Hebridean Subspecies)	
Pararge aegeria tircis	Speckled Wood	
Parascotia fuliginaria	waved black|Waved black moth|Waved Black	inégale|L'Inégale
Parasemia plantaginis	wood tiger|Wood Tiger	écaille du plantain
Parasemia plantaginis plantaginis	Wood Tiger	
Parastichtis suspecta	Suspected|suspected	xanthie falote|La Xanthie falote
Paraswammerdamia albicapitella	White-headed Ermel	
Paratalanta hyalinalis	Translucent Pearl	
Paratalanta pandalis	Bordered Pearl	
Paratrea plebeja	Plebian Sphinx|Trumpet Vine Sphinx	
Paratrytone decepta	Morelos Skipper	
Paratrytone rhexenor	Crazy-Spotted Skipper	
Pardaleodes bule	Bright Pathfinder	
Pardaleodes edipus	Common Pathfinder	
Pardaleodes incerta	Savanna Pathfinder	
Pardaleodes incerta incerta	Savanna Pathfinder	
Pardaleodes incerta murcia	Murcia Pathfinder	
Pardaleodes sator	Scarce Pathfinder	
Pardaleodes tibullus	Large Pathfinder	
Pardasena virgulana	Grey Square	
Pardopsis punctatissima	Polka Dot	
Parectopa ononidis	Clover slender|Clover Slender	
Parectopa robiniella	Locust Digitate Leafminer|Locust Digitate Leafminer Moth|Locust digitate leafminer	
Parectropis similaria	brindled white-spot|Brindled White-spot|Brindled White-Spot	boarmie sylvatique|La Boarmie frottée, la Boarmie sylvatique
Parelbella macleannani	Macleannan'S Skipper	
Pareronia avatar	Pale Wanderer	
Pareronia ceylanica	Dark Wanderer	
Pareronia hippia	Indian Wanderer	
Pareronia valeria	Common Wanderer?|Wanderer?	
Pareulype berberata	barberry carpet|Barberry Carpet	phalène de lépine-vinette|La Phalène de l'Epine-Vinette
Pareuptychia metaleuca	White-Banded Satyr	
Parides	Cattlehearts	
Parides alopius	White-Dotted Cattleheart	
Parides anchises	Cattle Heart|Anchises Cattleheart	
Parides ascanius	Fluminense Swallowtail	
Parides childrenae	Green-Celled Cattleheart	
Parides erithalion	Variable Cattleheart	
Parides eurimedes	True Cattleheart	
Parides gundlachianus	Cuban Cattleheart|Gundlach's Swallowtail|Gundlach'S Swallowtail	
Parides hahneli	Hahnel's Amazonian Swallowtail|Hahnel'S Amazonian Swallowtail	
Parides montezuma	Montezuma'S Cattleheart	
Parides neophilus	Spear-winged Cattle Heart|Spear-Winged Cattle Heart	
Parides panares	Wedge-Spotted Cattleheart	
Parides photinus	Pink-Spotted Cattleheart	
Parides sesostris	Southern Cattle Heart|Emerald-Patched Cattleheart	
Parnara ganga	Continental Swift	
Parnassius	Apollos	
Parnassius acco	Varnished Apollo	
Parnassius actius	Scarce Red Apollo	
Parnassius apollo	Apollo|Apollo Butterfly|Mountain Apollo|apollo|Apollo Or Crimson-Ringed|Apollo or Crimson-ringed	L'Apollon|apollon|Apollon|l'Apollon
Parnassius charltonius	Regal Apollo	
Parnassius clodius	American Apollo|Clodius Apollo|Clodius Parnassian	
Parnassius clodius altaurus	Altaurus Parnassian	
Parnassius delphius	Banded Apollo	
Parnassius epaphus	Common Red Apollo	
Parnassius eversmanni	Eversmann's Parnassian|Eversmann'S Parnassian	
Parnassius hardwickii	Common Blue Apollo	
Parnassius jacquemontii	Keeled Apollo	
Parnassius mnemosyne	Clouded Apollo	Le Semi-apollon|Semi-Apollon|le Semi-Apollon|Semi-apollon
Parnassius nomion	Nomion Apollo	
Parnassius phoebus	Phoebus Parnassian|Small Apollo	Petit Apollon|le Petit Apollon
Parnassius smintheus	Mountain Parnassian	
Parnassius smintheus sayii	Nevada Smintheus	
Parnassius stoliczkanus	Many-Eyed Apollo	
Parnassius tianschanicus	Large Keeled Apollo	
Paronymus ligora	Largest Dart	
Paronymus nevea	Scarce Large Dart	
Parornix anglicella	Hawthorn slender|Hawthorn Slender	
Parornix betulae	Brown birch slender|Brown Birch Slender	
Parornix carpinella	Hornbeam slender|Hornbeam Slender	
Parornix devoniella	Hazel slender|Hazel Slender	
Parornix fagivora	Beech slender|Beech Slender	
Parornix finitimella	Pointed slender|Pointed Slender	
Parornix kalmiella	Laurel Leafminer	
Parornix loganella	Northern Slender	
Parornix scoticella	Rowan slender|Rowan Slender	
Parornix torquillella	Blackthorn slender|Blackthorn Slender	
Parosmodes morantii	Morant's Orange|Morant's Skipper	
Parosmodes morantii morantii	Morant's Orange	
Parosmodes onza	Kayonza Skipper	
Parphorus decora	Decora Skipper	
Parrhasius m-album	White-M Hairstreak|White M Hairstreak	
Parrhasius orgia	Variable Hairstreak	
Parrhasius polibetes	Black-Spot Hairstreak	
Paryphthimoides poltys	Poltys Satyr	
Pasiphila chloerata	sloe pug|Sloe Pug	eupithécie carrée|L'Eupithécie carrée
Pasiphila debiliata	bilberry pug|Bilberry Pug	eupithécie de la myrtille|L'Eupithécie de la Myrtille
Pasiphila rectangulata	Green Pug|Green Pug Moth|green pug|Green pug	eupithécie rectangulaire|L'Eupithécie rectangulaire
Passova gellias	Gellias Firetip	
Patalene olyzonaria	Juniper Geometer Moth|Juniper Geometer	
Patania ruralis	Mother of Pearl	la Pyrale campagnarde
Paternympha loxophthalma	Strydpoort Spotted-eye Brown|Strydpoort Spotted-Eye Brown	
Paternympha narycia	Small Hillside Brown|Spotted-eye Brown|Spotted-Eye Brown	
Paysandisia archon	Palm Moth	
Pechipogo plumigeralis	Plumed Fan-Foot|Plumed Fan-foot	
Pechipogo strigilata	Common Fan-foot|Common Fan-Foot	L'Herminie barbue, la Raquette
Pectinophora gossypiella	Pink bollworm|Bomuldsmè¸l|Pink bolworm|pink bolworm|Pink Bollworm	
Pedaliodes hopfferi	Sunburst Satyr	
Pediasia aridella	Salt-marsh Grass-veneer	
Pediasia contaminella	Waste Grass-veneer	
Pediasia fascelinella	Banded Grass-veneer	
Pediasia trisecta	Sod Webworm Moth	
Pellicia dimidiata	Morning Glory Pellicia	
Pelochrista caecimaculana	Chalk-hill Bell	
Pelochrista cataclystiana	Goldenrod Pelochrista Moth	
Pelochrista derelicta	Derelict Pelochrista Moth	
Pelochrista dorsisignatana	Triangle-Backed Pelochrista Moth	
Pelochrista medullana	Brown-winged root-boring moth	
Pelochrista similiana	Similar Eucosma	
Pelopidas agna	Little Branded Swift	
Pelopidas assamensis	Great Swift	
Pelopidas conjuncta narooa	Sahyadri Conjoined Swift	
Pelopidas lyelli	Lyell'S Swift	
Pelopidas mathias	Black-branded Swift|Black-Branded Swift	
Pelopidas mathias mathias	Dakhan Small Branded Swift	
Pelopidas sinensis	Chinese Branded Swift	
Pelopidas subochracea	Large Branded Swift	
Pelopidas subochracea subochracea	Bengal Large Branded Swift	
Pelopidas thrax	Millet Skipper|White-banded Swift|White-Banded Swift	
Pelosia muscerda	dotted footman|Dotted Footman	lithosie muscerde|La Lithosie muscerde, la Lithosie crotte-souris
Pelosia obtusa	small dotted footman|Small Dotted Footman	lithosie obtuse|La Lithosie obtuse
Pelurga comitata	dark spinach|Dark Spinach	cidarie accompagnée|La Cidarie accompagnée, la Phalène de la Patte-d'Oie
Pemara pugnans	Pugnacious Lancer	
Pempelia genistella	Pyralid moth|Gorse Knot-horn	La Phycide du Genêt
Pempelia palumbella	Heather Knot-horn	
Penicillaria jocosatrix	Mango shoot borer	
Pennisetia hylaeiformis	Raspberry Clearwing	Sésie du framboisier
Pennisetia marginatum	Raspberry Crown Borer|Raspberry Crown Borer Moth|Raspberry crown borer	
Pennithera firmata	Pine Carpet	La Corythée pectinée
Penthema darlisa	Three-Coloured Kaiser	
Penthema lisarda	Yellow Kaiser	
Penthema lisarda lisarda	Himalayan Yellow Kaiser	
Pentila pauli	Paul'S Pentila	
Pentila picena	Western Cream Pentila	
Pentila tachyroides	Mylothrid Pentila	
Pentila tropicalis	Spotted Buff|Spotted Pentila|Tropical Pentila	
Pentila tropicalis fuscipunctata	Northern Spotted Buff|Northern Spotted Pentila	
Pentila tropicalis tropicalis	Spotted Pentila|Eastern Spotted Buff	
Peoria approximella	Carmine Snout|Carmine Snout Moth	
Peoria roseotinctella	Rosy Peoria Moth	
Perconia strigillaria	grass wave|Grass Wave	étrille|L'Etrille, La Phalène des landes
Peribatodes ilicaria	Lydd Beauty	La Boarmie de l'Yeuse
Peribatodes rhomboidaria	willow beauty|Willow Beauty	boarmie rhomboïdale|La Boarmie rhomboïdale, la Boarmie commune
Peribatodes secundaria	Feathered Beauty	
Peribatodes umbraria	Olive-tree Beauty	
Perichares lotus	Lotus Ruby-Eye	
Perichares philetes	Green-Backed Ruby-Eye	
Perichares seneca	Seneca Ruby-Eye	
Periclepsis cinctana	Dover Twist	
Pericyma cruegeri	Poinciana looper	
Peridea anceps	Great Prominent	La Timide
Peridea angulosa	Angulose Prominent|Angulose Prominent Moth	
Peridea basitriens	Oval-based Prominent|Oval-Based Prominent	
Peridea ferruginea	Chocolate Prominent|Chocolate Prominent Moth	
Peridroma saucia	Pearly Underwing|Variegated Cutworm|Variegated Cutworm Moth|pearly underwing|Variegated cutworm	noctuelle blessée|La Noctuelle blessée
Perigea capensis	African	
Perigonia lusca	Half-blind Sphinx	
Periphanes delphinii	pease blossom|Pease Blossom	noctuelle du delphinium|La Noctuelle du Pied d'Alouette
Periploca orichalcella	Kiawe flower moth	
Perispasta caeculalis	Titian Peale'S Moth|Titian Peale'S Pyralid Moth	
Perittia farinella	Dover Dwarf	
Perittia herrichiella	Moth	
Perittia obscurepunctella	Honeysuckle Dwarf	
Perizoma	Rivulets	
Perizoma affinitata	rivulet|Rivulet	périzome contrastée|La Périzome contrastée
Perizoma albulata	grass rivulet|Grass Rivulet	phalène du rhinanthe|La Périzome du Rhinanthe
Perizoma albulata albulata	Grass Rivulet	
Perizoma alchemillata	small rivulet|Looper|Small Rivulet	mélanippe coupée|La Périzome coupée
Perizoma basaliata	Square-Patched Carpet Moth	
Perizoma bifaciata	barred rivulet|Barred Rivulet	périzome soulignée|La Périzome soulignée
Perizoma blandiata	pretty pinion|Pretty Pinion	mélanippe pâle|La Périzome agréable
Perizoma blandiata blandiata	Pretty Pinion	
Perizoma flavofasciata	sandy carpet|Sandy Carpet	phalène décolorée|La Périzome décolorée, la Périzome à fascies jaunes
Perizoma hydrata		La Périzome du Silène penché, la Périzome terne
Perizoma minorata	Heath Rivulet	
Pero ancetaria	Hubner'S Pero Moth|Hübner'S Pero|Hübner'S Pero Moth|Hübner's Pero	
Pero honestaria	Honest Pero|Honest Pero Moth	
Pero hubneraria	Hübner's Pero	
Pero morrisonaria	Morrison'S Pero|Morrison'S Pero Moth	
Perrhybris pamela	Chiapas White	
Petrochroa dimorpha	Moth	
Petrophila canadensis	Canadian Petrophila	
Pexicopia malvella	Hollyhock Seed Moth	
Phaedyma columella	Short Banded Sailer	
Phaedyma columella nilgirica	Short Banded Sailer	
Phaedyma columella singa	Short-Banded Sailor	
Phaeostrymon alcestis	Soapberry Hairstreak	
Phaeoura quernaria	American Oak Beauty|Oak Beauty|Oak Beauty Moth	
Phaiogramma faustinata	Millière's Emerald	
Phalaenostola eumelusalis	Dark Phalaenostola Moth	
Phalaenostola hanhami	Hanham'S Owlet	
Phalaenostola larentioides	Black-Banded Owlet|Black-Banded Owlet Moth	
Phalaenostola metonalis	Pale Phalaenostola Moth	
Phalanta alcippe	Small Leopard	
Phalanta madagascariensis	Madagascar Leopard	
Phalanta phalantha aethiopica	African Leopard	
Phalera bucephala	Buff-tip|Buff-Tip	La Bucéphale, la Lunule
Phalonidia affinitana	Large Saltmarsh Conch	
Phalonidia curvistrigana	Golden-rod Conch	
Phalonidia gilvicomana	Wall-lettuce conch|Wall-lettuce Conch	
Phalonidia manniana	Water-mint Conch	
Phaneta pauperana	Scarce Rose Bell	
Phanus albiapicalis	White-Tipped Ghost-Skipper	
Phasis braueri	Brauer's Arrowhead|Brauer'S Arrowhead	
Phasis clavum	Namaqua Arrowhead	
Phasis clavum clavum	Namaqua Arrowhead	
Phasis clavum erythema	Highland Namaqua Arrowhead	
Phasis pringlei	Pringle's Arrowhead	
Phasis thero	Silver Arrowhead	
Phaulernis dentella	Scale-tooth Lance-wing	
Phaulernis fulviguttella	Yellow-spotted Lance-wing	
Phengaris teleius	Scarce Large Blue	Azuré de la sanguisorbe
Pheosia gnoma	Lesser Swallow Prominent	Le Bombyx Dictéoide, la Faïence
Pheosia rimosa	Black-Rimmed Prominent|Black-Rimmed Prominent Moth|Black-rimmed Prominent	
Pheosia tremula	Swallow Prominent	La Porcelaine
Pheosidea elegans	Elegant Prominent	
Phereoeca allutella	Moth	
Phibalapteryx virgata	oblique striped|Oblique Striped	cidarie ravée|La Cidarie rayée
Phigalia denticulata	Toothed Phigalia	
Phigalia pilosaria	pale brindled beauty|Pale Brindled Beauty	phalène velue|La Phalène velue, la Phigalie velue
Phigalia strigataria	Small Phigalia|Small Phigalia Moth	
Phigalia titea	Half-Wing Moth|Spiny Looper	
Philaethria dido	Scarce Bamboo Page	
Philedone gerningana	Cinquefoil Twist	
Philedonides lunana	Heath Twist	
Philereme transversata	dark umber|Dark Umber	phalène du nerprun|La Phalène du Nerprun
Philereme transversata britannica	Dark Umber	
Philereme vetulata	brown scallop|Brown Scallop	petite phalène du nerprun|La Petite Phalène du Nerprun, La Vieillote
Philiris fulgens	Bicolour Moonbeam	
Philiris sappheira	Sapphire Moonbeam	
Philonome clemensella	Clemen'S Philonome Moth|Clemens' Philonome Moth	
Philotes sonorensis	Sonoran Blue	
Philotiella leona	Leona Blue	
Philotiella speciosa	Small Blue	
Philotiella speciosa septentrionalis	Great Basin Small Blue	
Phlogophora cabrali	Owlet Moth|Underwing Moth	
Phlogophora furnasi	Owlet Moth|Underwing Moth	
Phlogophora interrupta	Owlet Moth|Underwing Moth	
Phlogophora iris	Olive Angle Shades|Olive Angle Shades Moth	
Phlogophora kruegeri	Owlet moth	
Phlogophora meticulosa	angle shades|Angle Shades	craintive|La Méticuleuse
Phlogophora periculosa	Brown Angle Shades|Brown Angle Shades Moth	
Phlogophora scita	Green Angle Shades	La Noctuelle amandine
Phoberia atomaris	Common Oak Moth	
Phobetron pithecium	Hag Moth|Hag [Monkey Slug] Moth	
Phocides distans	Black-Striped Beamer	
Phocides lilea	Guava Skipper	
Phocides metrodorus	Metrodorus Skipper	
Phocides pigmalion	Mangrove Skipper	
Phocides polybius	Guava Skipper	
Phocides thermus	Thermus Skipper	
Phoebis agarithe	Large Orange Sulphur|Orange Giant Sulphur|Large orange sulphur	
Phoebis argante	Apricot Sulphur|Argante Giant Sulphur|Dark Apricot Sulphur	
Phoebis avellaneda	Red-splashed Sulphur|Red-Splashed Sulphur	
Phoebis editha	Edith'S Sulphur	
Phoebis neocypris	Tailed Sulphur	
Phoebis philea	Orange-Barred Giant Sulphur|Orange-Barred Sulphur|Yellow Apricot|Orange-barred Giant Sulphur|Orange-barred Sulphur	
Phoebis sennae	Cloudless Sulphur|Cloudless Giant Sulphur|Cloudless Sulfur	
Pholisora catullus	Common Sootywing	
Pholisora mejicanus	Mexican Sootywing	
Phosphila miselioides	Spotted Phosphila Moth	
Phosphila turbulenta	Turbulent Phosphila Moth	
Photedes captiuncula	Least Minor	
Photedes captiuncula expolita	Least Minor	
Photedes carterae	Carter's noctuid moth	
Photedes defecta	Narrow-Winged Borer Moth	
Photedes extrema	Concolorous|The Concolorous	La Nonagrie fauve
Photedes fluxa	Mere Wainscot	La Nonagrie fluide
Photedes includens	Included Cordgrass Borer Moth	
Photedes inops	Spartina Borer Moth	
Photedes minima	small dotted buff|Small Dotted Buff	nonagrie des canches|La Nonagrie des Canches
Photedes morrisii morrisii	Morris's Wainscot	
Photedes panatela	Northern Cordgrass Borer Moth	
Phragmataecia castaneae	reed leopard|Reed Leopard	zeuzère du roseau|Zeuzère du roseau
Phragmatiphila nexa		noctuelle à baïonnette
Phragmatobia assimilans	Large Ruby Tiger Moth	
Phragmatobia fuliginosa	Ruby Tiger|Ruby Tiger Moth|ruby tiger	écaille cramoisie|L'Ecaille cramoisie
Phragmatobia fuliginosa fuliginosa	Ruby Tiger	
Phragmatobia lineata	Lined Ruby Tiger Moth	
Phtheochroa inopiana	Plain Conch	
Phtheochroa modestana	Modest Phtheochroa Moth	
Phtheochroa rugosana	Rough-winged Conch	
Phtheochroa schreibersiana	Scarce Gold Conch	
Phtheochroa sodaliana	Buckthorn Conch	
Phthorimaea operculella	Potato tuber moth|Kartoffelmè¸l|potato tuber moth|Potato Tuber Moth	
Phyciodes	Crescents	
Phyciodes batesii	Tawny Crescent	
Phyciodes batesii lakota	Lakota Crescent	
Phyciodes campestris	Field Crescent	
Phyciodes orseis	California Crescent	
Phyciodes orseis herlani	Sierra Nevada Crescent	
Phyciodes pallida	Pale Crescent	
Phyciodes phaon	Phaon Crescent	
Phyciodes phaon phaon	Eastern Phaon Crescent	
Phyciodes picta	Painted Crescent	
Phyciodes tharos	Pearl Crescent	
Phyciodes vesta	Vesta Crescent	
Phycita roborella	Dotted Oak Knot-horn	
Phycitodes binaevella	Ermine Knot-horn	
Phycitodes maritima	Chalk Knot-horn	
Phycitodes saxicola	Small Clouded Knot-horn	
Phyllocnistis citrella	Citrus leafminer|Citrus leaf miner|Citrus Leafminer	
Phyllocnistis liriodendronella	Tulip Tree Leaf Miner	
Phyllocnistis magnoliella	Magnolia Serpentine Leafminer	
Phyllocnistis populiella	Aspen Serpentine Leafminer Moth	
Phyllocnistis saligna	Willow bent-wing|Willow Bent-wing	
Phyllocnistis unipunctella	Poplar bent-wing|Poplar Bent-wing	
Phyllocnistis vitifoliella	Grape Leaf-Miner Moth	
Phyllocnistis xenia	Kent bent-wing|Kent Bent-wing	
Phyllodesma americana	American Lappet Moth|Lappet Moth	
Phyllodesma ilicifolia	Small Lappet Moth|Small Lappet	La Feuille morte de l'Yeuse
Phyllodesma tremulifolia	Aspen Lappet	feuille-morte du tremble|La petite Feuille morte, la Feuille morte du Tremble
Phyllonorycter acerifoliella	Maple midget|Maple Midget	
Phyllonorycter anderidae	Small birch midget|Small Birch Midget	
Phyllonorycter apparella	Aspen Leaf Blotch Miner|Aspen Leaf Blotch Miner Moth|Aspen Midget|Aspen leaf blotch miner|Aspen midget	
Phyllonorycter argentinotella	Golden Elm Leafminer	
Phyllonorycter blancardella	Leafminer|Brown apple midget|Brown Apple Midget	
Phyllonorycter cavella	Gold birch midget|Gold Birch Midget	
Phyllonorycter cerasicolella	Cherry midget|Cherry Midget	
Phyllonorycter comparella	Winter poplar midget|Winter Poplar Midget	
Phyllonorycter coryli	Nut-leaf blister moth|Nut Leaf Blister Moth|Nut-leaf Blister Moth	
Phyllonorycter corylifoliella	Hawthorn midget|Hawthorn Midget	
Phyllonorycter cydoniella	Red Apple Midget	
Phyllonorycter distentella	Scarce midget|Scarce Midget	
Phyllonorycter dubitella	Southern midget|Southern Midget	
Phyllonorycter emberizaepenella	Moth|Large midget|Large Midget	
Phyllonorycter esperella	Dark hornbeam midget|Dark Hornbeam Midget	
Phyllonorycter froelichiella	Broad-barred midget|Broad-barred Midget	
Phyllonorycter geniculella	Sycamore midget|Sycamore Midget	
Phyllonorycter harrisella	White oak midget|White Oak Midget	
Phyllonorycter heegeriella	Pale oak midget|Pale Oak Midget	
Phyllonorycter hilarella	Sallow midget|Sallow Midget	
Phyllonorycter hostis	Red Apple Midget	
Phyllonorycter insignitella	Clover midget|Clover Midget	
Phyllonorycter issikii	Linden midget	
Phyllonorycter joannisi	White-bodied midget|White-bodied Midget	
Phyllonorycter junoniella	Upland midget|Upland Midget	
Phyllonorycter klemannella	Dark alder midget|Dark Alder Midget	
Phyllonorycter kuhlweiniella	Scarce oak midget|Scarce Oak Midget	
Phyllonorycter lantanella	Viburnum midget|Viburnum Midget	
Phyllonorycter lautella	Fiery oak midget|Fiery Oak Midget	
Phyllonorycter leucographella	Firethorn leaf-miner|Firethorn Leaf Miner|Firethorn Leaf-miner	
Phyllonorycter lucetiella	Basswood Miner Moth	
Phyllonorycter lucidicostella	Lesser Maple Leaf Blotch Miner Moth	
Phyllonorycter maestingella	Beech Midget|Beech midget	
Phyllonorycter mespilella	Western spotted tentiform leaf miner|Scarce brown midget|Scarce Brown Midget	
Phyllonorycter messaniella	Garden midget|Garden Midget	
Phyllonorycter muelleriella	Western midget|Western Midget	
Phyllonorycter nicellii	Red hazel midget|Red Hazel Midget	
Phyllonorycter nigrescentella	Vetch midget|Vetch Midget	
Phyllonorycter oxyacanthae	Common thorn midget|Common Thorn Midget	
Phyllonorycter pastorella	Royal midget	
Phyllonorycter platani	London midget|London Midget	
Phyllonorycter propinquinella	Cherry Blotchminer	
Phyllonorycter quercifoliella	Common oak midget|Common Oak Midget	
Phyllonorycter quinqueguttella	Sandhill midget|Sandhill Midget	
Phyllonorycter rajella	Common alder midget|Common Alder Midget	
Phyllonorycter roboris	Gold-bent midget|Gold-bent Midget	
Phyllonorycter sagitella	Scarce aspen midget|Scarce Aspen Midget Moth|Scarce Aspen Midget	
Phyllonorycter salicicolella	Long-streak midget|Long-streak Midget	
Phyllonorycter scabiosella	Surrey Midget Moth|Surrey Midget	
Phyllonorycter schreberella	Small elm midget|Small Elm Midget	
Phyllonorycter scopariella	Broom midget|Broom Midget	
Phyllonorycter sorbi	Rowan midget|Rowan Midget	
Phyllonorycter spinicolella	Sloe midget|Sloe Midget	
Phyllonorycter staintoniella	Cornish Midget	
Phyllonorycter stettinensis	Small alder midget|Small Alder Midget	
Phyllonorycter strigulatella	Grey-alder midget|Grey-alder Midget	
Phyllonorycter tenerella	Hornbeam midget|Hornbeam Midget	
Phyllonorycter tiliacella	Basswood Round-Blotch Miner Moth	
Phyllonorycter trifasciella	Honeysuckle midget|Honeysuckle Midget	
Phyllonorycter trinotella	Red Maple Blotchminer	
Phyllonorycter tristrigella	Elm midget|Elm Midget	
Phyllonorycter ulicicolella	Gorse Midget	
Phyllonorycter ulmifoliella	Red birch midget|Red Birch Midget	
Phyllonorycter viminetorum	Osier midget|Osier Midget	
Phylloporia bistrigella	Striped Bright|Striped Leaf-cutter	
Phymatopus hecta	gold swift|Gold Swift	hépathique|Hépathique
Phyprosopus callitrichoides	Curved-Lined Owlet	
Physcaeneura panda	Dark-webbed Ringlet|Dark-Webbed Ringlet	
Physcaeneura pione	Light Webbed Ringlet	
Physula albipunctilla	Cutworm moth	
Phytometra rhodarialis	Pink-Bordered Yellow	
Phytometra viridaria	Small Purple-Barred|small purple-barred|Small Purple-barred	noctuelle couleur de bronze|La Noctuelle couleur de bronze
Pierella astyoche	Astyoche Satyr	
Pierella helvina	Red-Washed Satyr	
Pierella luna	Moon Satyr	
Pieriballia viardi	Painted White	
Pieridae	Orange-Tips|Sulphurs|Whites|Whites And Yellows|Whites, Yellows, And Sulphurs|Whites and Yellows	
Pieris	Garden Whites	
Pieris angelika	Arctic White	
Pieris balcana	Balkan Green-veined White|Balkan Green-Veined White	
Pieris brassicae	Large Cabbage White|Large White|large white|Cabbage White|Large White Butterfly|Large White Moth|Large white	Piéride du Chou|piéride du chou|Piéride du chou|la Piéride du Chou
Pieris brassicae azorensis	Azorean Cabbage White	
Pieris brassicoides	Ethiopian Cabbage White	
Pieris bryoniae	Mountain Green-Veined White|Mountain Green-veined White	Piéride de l'arabette|la Piéride de la bryone
Pieris canidia	Indian Cabbage White	
Pieris cheiranthi	Canary Islands' Large White|Canary Islands Large White	
Pieris ergane	Mountain Small White	la Piéride de l'aethionème|Piéride de l´aethionème
Pieris krueperi	Krueper's Small White|Krueper'S Small White	
Pieris mannii	Southern Small White	Piéride de l'ibéride|la Piéride de l'ibéride|Piéride de l´ibéride
Pieris marginalis	Margined White	
Pieris marginalis pallidissima	Opaque Margined White	
Pieris marginalis reicheli	Reichel’S Margined White	
Pieris marginalis venosa	Veined White	
Pieris melete	Asian Green-Veined White	
Pieris naganum	Naga White	
Pieris napi	Green-veined White|Mustard White|Weined White|Green-Veined White|Green-Veined White Butterfly|Sharp-Veined White|green-veined white|Sharp-veined White|Green-veined White Butterfly	Piéride du Navet|piéride du navet|Piéride du navet|la Piéride du Navet
Pieris napi sabellicae	Green-veined White	
Pieris oleracea	Mustard White	
Pieris rapae	Cabbage White|Cabbage Butterfly|Cabbage White Butterfly|Imported Cabbageworm|Small Cabbage White|Small White|Small White Butterfly|small white|Cabbage white butterfly	Petit Blanc Du Chou|piéride de la rave|Piéride de la rave|la Petit Blanc du Chou
Pieris segonzaci	Moroccan Green-veined White|Moroccan Green-Veined White	
Pieris virginiensis	West Virginia White	
Pieris wollastoni	Madeiran Large White	
Pilocrocis ramentalis	Scraped Pilocrocis|Scraped Pilocrocis Moth	
Pilodeudorix catori	Cator’s Fairy Playboy	
Pilodeudorix leonina	Dark Round-spot|Dark Round-Spot	
Pilodeudorix pseudoderitas	Sombre Diopetes	
Pima boisduvaliella	Silver-edged Knot-horn	
Pinacopteryx eriphia	Zebra White	
Pinacopteryx eriphia eriphia	Zebra White	
Pindis squamistriga	Variable Satyr	
Piniphila bifasciana	Pine Marble	
Pintara pinwilli	Orange Flat	
Piruna aea	Many-Spotted Skipperling	
Piruna brunnea	Chocolate Skipperling	
Piruna cingo	Many-Spotted Skipperling	
Piruna haferniki	Chisos Skipperling	
Piruna microsticta	Small-Spotted Skipperling	
Piruna pirus	Russet Skipperling	
Piruna polingii	Four-Spotted Skipperling	
Pithecops corvus	Forest Quaker	
Pithecops dionisius	Pied Blue	
Plagodis alcoolaria	Hollow-Spotted Plagodis|Hollow-Spotted Plagodis Moth|Hollow-spotted Plagodis	
Plagodis dolabraria	scorched wing|Scorched Wing	phalène linéolée|La Phalène linéolée, la Numérie ligneuse
Plagodis fervidaria	Fervid Plagodis|Fervid Plagodis Moth	
Plagodis kuetzingi	Purple Plagodis|Purple Plagodis Moth	
Plagodis phlogosaria	Straight-Lined Plagodis|Straight-Lined Plagodis Moth	
Plagodis pulveraria	American Barred Umber|American Barred Umber Moth|Barred Umber|barred umber	numérie poudrée|La Numérie poudrée
Plagodis pulveraria occiduaria	American Barred Umber|barred umber|Barred Umber	
Plagodis serinaria	Lemon Plagodis|Lemon Plagodis Moth	
Plastingia naga	Chequered Lancer	
Plastingia pellonia	Yellow Chequered Lancer	
Plataea trilinearia	Sagebrush Girdle Moth	
Platyedra subcinerea	Moth|Mallow Groundling	
Platylesches affinissima	Bashful Hopper	
Platylesches ayresii	Peppered Hopper	
Platylesches chamaeleon	Chamaeleon Hopper	
Platylesches dolomitica	Hilltop Hopper	
Platylesches galesa	White-tail Hopper|White-Tail Hopper	
Platylesches moritili	Honey Hopper	
Platylesches neba	Flower-girl Hopper|Flower-Girl Hopper	
Platylesches panga	The Panga Hopper	
Platylesches picanini	Banded Hopper	
Platylesches robustus	Robust Hopper	
Platylesches shona	Shona Hopper	
Platylesches tina	Small Hopper	
Platynota exasperatana	Exasperating Platynota Moth	
Platynota flavedana	Black-Shaded Platynota Moth	
Platynota idaeusalis	Tufted Apple Bud Moth	
Platynota semiustana	Singed Platynota	
Platynota stultana	Omnivorous leafroller	
Platypolia mactata	Adorable Brocade Moth	
Platyptilia calodactyla	Golden-rod Plume|Goldenrod Plume	
Platyptilia carduidactylus	Artichoke Plume Moth	
Platyptilia gonodactyla	Triangle Plume	
Platyptilia isodactylus	Hoary Plume	
Platyptilia tesseradactyla	Irish Plume	
Platytes alpinella	Hook-tipped Grass-veneer	
Platytes cerusella	Little Grass-veneer	
Plebejidea loewi	Loew'S Blue|Loew's Blue	
Plebejus acmon	Acmon Blue	
Plebejus aquilo	Arctic Blue|Primrose Blue	
Plebejus argus	Silver-Studded Blue|Silver-Studded-Blue|Silver-studded Blue|Silver-studded-Blue	Azuré de l'ajonc|Petit Argus|Petit argus
Plebejus argus argus	Silver-Studded Blue|Silver-studded Blue	
Plebejus argus cretaceus	Silver-Studded Blue	
Plebejus argyrognomon	Reverdin'S Blue|Reverdin's Blue	Azuré des coronilles
Plebejus fridayi	Friday'S Blue	
Plebejus lupini	Lupine Blue	
Plebejus martini	Martin's Blue|Martin'S Blue	
Plebejus saepiolus	Greenish Blue	
Plebejus samuelis	Karner Blue	
Plebejus shasta	Shasta Blue	
Plebejus vogelii	Vogel's Blue	
Plebicula golgus	Nevada Blue	Azuré bétique
Plemyria georgii	George'S Carpet Moth	
Plemyria rubiginata	blue-bordered carpet|Blue-bordered Carpet|Blue-Bordered Carpet	cidarie bicolore|La Mignonne, la Cidarie bicolore
Plemyria rubiginata rubiginata	Blue-bordered Carpet	
Pleuroprucha insulsaria	Common Tan Wave|Common Tan Wave Moth	
Pleurota aristella	Southern Streak	La Pleurote corniculée
Pleurota bicostella	Light Streak	
Plodia interpunctella	Indian Meal Moth|Tofarvet Frè¸Mè¸L|Indian meal moth|Tofarvet frè¸mè¸l	
Plusia contexta	Connected Looper Moth	
Plusia festucae	gold spot|Gold Spot	riche|La Plusie de la Fétuque
Plusia putnami	Lempke'S Gold Spot|Lempkes Gold Spot|Putnam'S Looper Moth|lempkes gold spot|Lempke's Gold Spot	La Plusie des Laîches, la Plusie des marais
Plusia putnami gracilis	Lempke's Gold Spot	
Plusia venusta	White-Streaked Looper Moth	
Plusiodonta compressipalpis	Moonseed Moth	
Plutella haasi	Arctic Smudge	
Plutella porrectella	Dame'S Rocket Moth|Grey-Streaked Smudge|Dame's rocket moth|Grey-streaked Smudge	
Plutella xylostella	Cabbage Moth|Diamond Backed Moth|Diamond-Back Moth|Diamond-Backed Moth|Diamondback Moth|Diamondback moth|Diamond-back Moth|Diamond-backed Moth	Teigne des choux
Plutellidae	Diamondback Moths	
Poanes aaroni	Aaron'S Skipper	
Poanes massasoit	Mulberrywing|Mulberry Wing	
Poanes viator	Broad-winged Skipper|Broad-Winged Skipper	
Poanes viator viator	Northern Broad-Winged Skipper	
Poanes viator zizaniae	Southern Broad-Winged Skipper	
Poanes yehl	Yehl Skipper	
Pococera asperatella	Maple Webworm Moth	
Pococera expandens	Striped Oak Webworm Moth	
Pococera maritimalis	Gray-Banded Pococera Moth	
Pococera militella	Sycamore Webworm Moth	
Pococera robustella	Pine Webworm Moth	
Podosesia	Ash And Lilac Borer Moths	
Podosesia syringae	Lilac Borer Moth	
Poecilocampa populi	december moth|December Moth	bombyx du peuplier|Le Bombyx du Peuplier
Poladryas minuta	Dotted Checkerspot	
Polia bombycina	Pale Shining Brown	L'Etrangère
Polia hepatica	Silvery Arches	La Noctuelle du Bouleau
Polia imbrifera	Cloudy Arches Moth	
Polia nebulosa	Grey Arches	La Noctuelle nébuleuse
Polia nimbosa	Stormy Arches|Stormy Arches Moth	
Polia purpurissata	Purple Arches Moth	
Polites baracoa	Baracoa Skipper	
Polites coras	Peck's Skipper|Peck'S Skipper	
Polites egeremet	Northern Broken-Dash	
Polites mystic	Long Dash|Long Dash Skipper	
Polites origenes	Crossline Skipper	
Polites sabuleti	Sandhill Skipper	
Polites sabuleti nigrescens	Dark Sandhill Skipper	
Polites sabuleti sinemaculata	Denio Sandhill Skipper	
Polites themistocles	Tawny-edged Skipper|Tawny-Edged Skipper	
Polites themistocles themistocles	Eastern Tawny-Edged Skipper	
Polites vibex	Whirlabout	
Polix coloradella	Skunk Moth|The Skunk Moth	
Polychrysia moneta	golden plusia|Golden Plusia	écu|Plusie monnaie
Polyctor enops	Enops Tufted-Skipper	
Polyctor polyctor	Polyctor Tufted-Skipper	
Polydesma boarmoides	Moth	
Polydesma umbricola	Monkeypod moth	
Polygonia	Commas	
Polygonia c-album	comma|Comma|Comma Butterfly|The Comma	C-blanc|Robert-le-diable|le Robert-le-diable|Robert-le-Diable
Polygonia c-aureum	Asian Comma	
Polygonia comma	Eastern Comma	
Polygonia egea	Southern Comma	Vanesse des Pariétaires|la Vanesse des pariétaires
Polygonia faunus	Green Comma	
Polygonia faunus rusticus	Rustic Green Comma	
Polygonia faunus smythi	Smyth'S Green Comma	
Polygonia g-argenteum	Mexican Anglewing	
Polygonia gigantea	Giant Comma	
Polygonia gracilis	Hoary Comma	
Polygonia interrogationis	Question Mark	
Polygonia oreas	Oreas Comma	
Polygonia progne	Gray Comma	
Polygonia satyrus	Satyr Angle Wing|Satyr Anglewing|Satyr Comma	
Polygonus leo	Hammoch Skipper|Hammock Skipper|Violet Skipper	
Polygonus leo histrio	Florida Hammock Skipper	
Polygonus manueli	Manuel'S Skipper	
Polygrammate hebraeicum	Hebrew Moth	
Polymixis flavicincta	large ranunculus|Large Ranunculus	ceinture jaune|La Ceinture jaune
Polymixis lichenea	feathered ranunculus|Feathered Ranunculus	La Noctuelle couleur de lichen
Polymixis lichenea lichenea	Feathered Ranunculus	
Polymixis xanthomista	Black-Banded|Black-banded	
Polymixis xanthomista statices	Black-Banded|Black-banded	
Polyommatus aedon	Aedon Blue	
Polyommatus altivagans	Azerbaijani Navy Blue	
Polyommatus bollandi	Bolland’s Blue|Bolland’S Blue	
Polyommatus celina	Austaut'S Blue|Escher´S Blue|Austaut's Blue|Escher´s Blue	Azuré d´Escher
Polyommatus cilicius	Cilician Blue	
Polyommatus cornelia	Small Anatolian Blue	
Polyommatus cyaneus	Cyaneus Blue	
Polyommatus daphnis	Meleager'S Blue|Spanish Chalk-Hill Blue|Meleager's Blue|Spanish Chalk-hill Blue	Azuré de l'orobe|l'Azuré de l'orobe|Argus iridié
Polyommatus eros	Eros Blue|Turquoise Blue	Azuré de l'oxytropide|l'Azuré d'Éros|Azuré turquoise
Polyommatus fabressei	Oberthür’s Anomalous Blue|Oberthür's Anomalous Blue|Oberthür´s Anomalous Blue	Sablé d´Oberthür
Polyommatus galloi	Gallo’s Anomalous Blue|Gallo'S Anomalous Blue|Gallo’S Anomalous Blue|Gallo's Anomalous Blue	
Polyommatus guezelmavi	Beautiful Blue	
Polyommatus huberti	Hubert'S Blue	
Polyommatus icarus	Common Blue|Common Blue Butterfly|Mother-Of-Pearl Blue|common blue|Mother-of-Pearl Blue	azuré commun|Azuré commun|l'Argus blue|Azuré platiné
Polyommatus icarus icarus	Common Blue	
Polyommatus iphicarmon	Ipharcamon Blue|Lebanon Mountain Blue	
Polyommatus larseni	Lebanon Beautiful Blue	
Polyommatus lycius	Lycian Blue	
Polyommatus menelaos	Taygetos Blue	
Polyommatus ninae	Nina'S Blue	
Polyommatus nivescens	Mother-of-pearl Blue|Mother-Of-Pearl Blue	l'Azuré platiné
Polyommatus orphicus	Kolev'S Anomalous Blue|Kolev's Anomalous Blue	
Polyommatus phyllis	Iranian Blue	
Polyommatus punctiferus	Spotted Adonis Blue	
Polyommatus ripartii	Ripart'S Anomalous Blue|Ripart´S Anomalous Blue|Ripart's Anomalous Blue|Ripart´s Anomalous Blue	le Sablé provençal|Sablé provençal
Polyommatus sertavulensis	Kocak's Blue|Kocak'S Blue	
Polyommatus syriacus	Lebanese Adonis Blue	
Polyommatus theresiae	Theresia’s Blue|Theresia’S Blue	
Polyommatus thersites	Amanda´S Blue|Chapman'S Blue|Chapman's Blue|Amanda´s Blue	Azuré de l'esparcette|Azuré de Chapman|l'Azuré de l'esparcette|Azuré de Schneider
Polyphaenis sericata	Guernsey Underwing	La Noctuelle du Camérisier
Polyploca ridens	frosted green|Frosted Green	rieuse|La Rieuse, La Tête rouge
Polypogon tentacularia		La Tâteuse
Polythrix mexicanus	Mexican Longtail	
Polythrix octomaculata	Eight-Spotted Longtail|Eight-Spotted Polythrix|Eight-spotted Polythrix|Eight-spotted Longtail	
Polytremis eltola	Yellow-Spot Swift	
Polytremis eltola eltola	Darjeeling Yellow-Spot Swift	
Polyura arja	Pallid Nawab	
Polyura athamas	Common Nawab	
Polyura delphis delphis	Sylhet Jewelled Nawab	
Polyura dolon	Stately Nawab	
Polyura eudamippus eudamippus	Himalayan Great Nawab	
Polyura hebe	Plain Nawab	
Polyura moori	Malayan Nawab	
Polyura nepenthes	Shan Nawab	
Polyura schreiber	Blue Nawab	
Pompeius pompeius	Pompeius Skipper	
Pompeius verna	Little Glassywing	
Pontia beckerii	Becker's White|Great Basin White|Sagebrush White|Becker'S White	
Pontia callidice	Peak White	Piéride du vélar|la Piéride du vélar|Marbré des alpages
Pontia chloridice	Small Bath White	
Pontia daplidice	Bath White|bath white	La Marbré-de-vert|La Piéride De Réséda|marbré de vert|Marbré de vert
Pontia distorta	Small Meadow White	
Pontia edusa	Eastern Bath White|Bath White	Marbré de Fabricius
Pontia glauconome	Desert Bath White|Desert White	
Pontia helice	Meadow White|Southern Meadow White|Common Meadow White	
Pontia occidentalis	Western White	
Pontia occidentalis nelsoni	Nelson'S White	
Pontia protodice	Checkered White	
Pontia sisymbrii	California White|Colorado White|Spring White	
Pontia sisymbrii flavitincta	Flavous White	
Pontia sisymbrii nigravenosa	Black-Veined Spring White	
Poritia erycinoides	Blue Gem	
Poritia sumatrae	Sumatran Gem	
Porphyrosela minuta	Leaf miner moth	
Porrittia galactodactyla	Spotted White Plume	
Potamanaxas thoria	Thoria Skipper	
Potanthus juno	Overlapped Dart	
Potanthus lydia	Lydia Dart	
Potanthus nesta	Sikkim Dart	
Potanthus pallida	Pallid Dart	
Potanthus serina	Large Dart	
Povolnya leucapennella	Sulphur slender|Sulphur Slender	
Praeacedes atomosella	Moth	
Pratapa deva	White Royal	
Pratapa deva deva	Indian White Tufted Royal	
Pratapa deva relata	White Royal	
Prays citri	Citrus flower moth|Citrus Flower Moth|Citrus Ermel	
Prays fraxinella	Ash Bud Moth|Ash-bud Moth	
Prays oleae	Olive Moth|Olive Kernel Borer	
Precis actia	Air Commodore	
Precis ceryne	Marsh Commodore	
Precis ceryne ceryne	Marsh Commodore	
Precis octavia	Gaudy Commodore	
Precis octavia sesamus	Gaudy Commodore	
Precis pelarga	Fashion Commodore	
Precis rauana	Montane Commodore	
Prepona	Preponas And Agrias	
Prepona deiphile	Orange-Spotted Prepona	
Prepona demophon	One-Spotted Prepona	
Prepona laertes	Butterfly|Shaded-Blue Leafwing	
Prepona pylene	Narrow-Banded Shoemaker	
Prepona werneri	Werner'S Prepona	
Prestonia clarki	West-Mexican Sulphur	
Prioneris cornelia	Bornean Sawtooth	
Prioneris sita	Painted Sawtooth	
Prioneris thestylis	Spotted Sawtooth	
Prionoxystus macmurtrei	Little Carpenterworm|Little Carpenterworm Moth	
Prionoxystus robiniae	Carpenterworm|Carpenterworm Moth	
Pristerognatha penthinana	Balsam Marble	
Problema bulenta	Rare Skipper	
Problema byssus	Byssus Skipper	
Probole alienaria	Alien Probole	
Probole amicaria	Friendly Probole Moth	
Probole nepiasaria	Heath Probole	
Procampta rara	Rare Elf	
Prochoerodes lineola	Large Maple Spanworm|Large Maple Spanworm Moth	
Prochoreutis inflatella	Skullcap Skeletonizer Moth	
Prochoreutis myllerana	Small Metal-mark|Small Twitcher	
Prochoreutis sehestediana	Silver-dot Twitcher	
Proeidosa polysema	Spinifex Sand-Skipper	
Prolimacodes badia	Skiff Moth	
Prolita sexpunctella	Six-spot Groundling	
Prolita solutella	Buff Groundling	
Promalactis suzukiella	Moth	
Properigea costa	Barrens Moth	
Proserpinus gaurae	Proud Sphinx	
Proserpinus proserpina	Willowherb Hawkmoth|willowherb hawk-moth|Willowherb Hawk-moth	sphinx de lépilobe|Le Sphinx de l'Epilobe, le Sphinx de l'Oenothère
Proserpinus terlooii	Terloo's Sphinx	
Proserpinus vega	Vega Sphinx	
Prosopalpus saga	Branded Dwarf Skipper	
Prosopalpus styla	Widespread Dwarf Skipper	
Prosotas aluta	Barred Lineblue	
Prosotas aluta coelestis	Assam Banded Lineblue	
Prosotas dubiosa	Tailless Lineblue	
Prosotas dubiosa indica	Indian Tailless Lineblue	
Prosotas gracilis	Dark-Based Lineblue	
Prosotas lutea	Brown Lineblue	
Prosotas lutea sivoka	Brown Lineblue	
Prosotas nora	Common Line Blue	
Prosotas noreia hampsonii	Indian White-Tipped Lineblue	
Protambulyx strigilis	Streaked Sphinx	
Protarchanara brevilinea	Fenn's Wainscot	
Proteides mercurius	Mercurial Skipper	
Proteoteras aesculana	Maple Twig Borer Moth	
Proteoteras crescentana	Black-Crescent Proteoteras Moth	
Proteoteras moffatiana	Maple Bud Borer Moth	
Proteoteras willingana	Boxelder Twig Borer Moth	
Proterebia afra	Dalmatian Ringlet	
Proterebia phegea	Dalmatian Ringlet	
Protesilaus earis	Rothschild'S Swordtail	
Protesilaus protesilaus	Great Kite-Swallowtail	
Prothoe calydonia	Glorious Begum	
Protitame virginalis	The Virgin Moth|Virgin Moth|Virgin moth	
Protoboarmia porcelaria	Porcelain Gray|Porcelain Gray Moth	
Protodeltote albidula	Pale Glyph	
Protodeltote muscosula	Large Mossy Glyph	
Protographium agesilaus	Short-lined Kite Swallowtail|Short-Lined Kite Swallowtail	
Protographium anaxilaus	Small Kite Swallowtail	
Protographium celadon	Celadon Swallowtail|Cuban Kite Swallowtail	
Protographium epidaus	Mexican Kite Swallowtail	
Protographium leosthenes	Four-bar Swordtail|Four-barred Swallowtail|Fourbar Swordtail|Swallow-tailed Fanny|Four-Barred Swordtail	
Protographium marcellinus	Blue Swallowtail|Jamaican Kite	
Protographium marcellus	Zebra Swallowtail	
Protographium philolaus	Dark Zebra Swallowtail	
Protolampra brunneicollis	Brown-Collared Dart|Brown-Collared Dart Moth	
Protolampra sobrina	cousin german|Cousin German	La Diarsie des Boulaies
Protoploea apatela	Magpie	
Protorthodes oviduca	Ruddy Quaker|Ruddy Quaker Moth	
Protoschinia scutosa	Spotted Clover|Spotted Clover Moth	La Noble
Proutia betulina	Birch Sweep	
Proxenus mindara	roughskinned cutworm	
Proxenus miranda	Miranda Moth	
Psamathocrita argentella	Silvery Neb	
Psamathocrita osseella	Grey Neb	
Psaphida electilis	Chosen Sallow|Chosen Sallow Moth	
Psaphida grandis	Gray Sallow	
Psaphida resumens	Figure-Eight Sallow|Figure-Eight Sallow Moth	
Psaphida rolandi	Roland'S Sallow|Roland'S Sallow Moth	
Psectrotarsia hebardi	Hebard's noctuid moth	
Pselnophorus heterodactyla	Short-winged Plume	
Pseudaletis ducarmei	Ducarme's Fantasy	
Pseudaletis melissae	Melissa's Fantasy	
Pseudargyrotoza conwagana	Yellow-spot Twist	
Pseudathyma martini	Martin’s False Sergeant	
Pseudenargia ulicis	Berber	
Pseudergolis wedah	Tabby	
Pseudeustrotia candidula	Shining Marbled	L'Eustrotie claire
Pseudeustrotia carneola	Pink-Barred Lithacodia Moth|Pink-Barred Pseudeustrotia Moth	
Pseudeva purpurigera	Straight-Lined Looper Moth	
Pseudexentera faracana	American Chestnut Leafroller	
Pseudexentera oregonana	Early Aspen Leafcurler|Early Aspen Leafroller Moth	
Pseudexentera virginiana	Virginia Pseudexentera Moth	
Pseudoborbo bevani	Bevan'S Swift	
Pseudochazara anthelea	White-Banded Grayling|White-banded Grayling	
Pseudochazara atlantis	Moroccan Grayling	
Pseudochazara beroe	Anatolian Mountain Grayling	
Pseudochazara cingovskii	Macedonian Grayling	
Pseudochazara geyeri	Gray Asian Grayling|Grey Asian Grayling	
Pseudochazara graeca	Grecian Grayling	
Pseudochazara hippolyte	Nevada Grayling	
Pseudochazara lehana	Crescent Rockbrown	
Pseudochazara mamurra	Anatolian Tawny Rockbrown	
Pseudochazara mniszechii	Dark Grayling	
Pseudochazara orestes	Dils’ Grayling|Dils' Grayling	
Pseudochelaria walsinghami	Walsingham'S Moth	
Pseudocoladenia dan fabia	Himalayan Fulvous Pied Flat	
Pseudocoladenia fabia	Fulvous Pied Flat	
Pseudocopaeodes eunus	Alkali Skipper	
Pseudocopaeodes eunus flavus	Nevada Alkali Skipperling	
Pseudocopaeodes eunus obscurus	Carson Wandering Skipper	
Pseudocoremia suavis	Common Forest Looper	
Pseudodipsas cephenes	Bright Forest-Blue	
Pseudogalleria inimicella	Inimical Borer Moth	
Pseudohermonassa bicarnea	Pink Spotted Dart|Pink-Spotted Dart|Pink-Spotted Dart Moth	
Pseudohermonassa tenuicula	Morrison'S Sooty Dart	
Pseudoips prasinana	green silver-lines|Green Silver-lines|Green Silver-Lines	La Halias du Hêtre
Pseudoips prasinana britannica	Green Silver-Lines|Green Silver-lines	
Pseudolycaena damo	Sky-Blue Hairstreak	
Pseudolycaena marsyas	Marsyas Hairstreak	
Pseudonacaduba sichela	African Line Blue|Dusky Blue|Dusky Line Blue	
Pseudonacaduba sichela sichela	Dusky Blue	
Pseudoneptis bugandensis	Blue Sailer	
Pseudonympha hippia	Table Mountain Brown	
Pseudonympha machacha	Machacha Brown	
Pseudonympha magoides	False Silver-bottom Brown	
Pseudonympha magus	Silver-bottom Brown|Silver-Bottom Brown	
Pseudonympha paragaika	Golden Gate Brown	
Pseudonympha penningtoni	Pennington's Brown|Pennington'S Brown	
Pseudonympha poetula	Drakensberg Brown	
Pseudonympha swanepoeli	Swanepoel's Brown|Wolkberg Marsh Brown|Swanepoel'S Brown	
Pseudonympha trimenii	Trimen’S Brown	
Pseudonympha varii	Vari's Brown|Vari'S Brown	
Pseudopanthera macularia	speckled yellow|Speckled Yellow	panthère|La Panthère
Pseudophilotes abencerragus	False Baton Blue	Azuré de Pierret
Pseudophilotes barbagiae	Sardinian Blue	
Pseudophilotes baton	Baton Blue	Azuré de la sarriette|l'Azuré du thym|Azuré de thym
Pseudophilotes bavius	Bavius Blue	
Pseudophilotes fatma	Fatma's Blue	
Pseudophilotes jordanicus	Jordan Blue	
Pseudophilotes sinaicus	Sinai Baton Blue	
Pseudopieris nehemia	Clean Mimic-White	
Pseudopostega auritella	Fent Bent-wing|Fen Bent-wing	
Pseudopostega crepusculella	Mint Bent-wing	
Pseudopostega cretea	White Eye-Cap Moth	
Pseudopyrausta santatalis	Moth	
Pseudorthodes vecors	Small Brown Quaker|Small Brown Quaker Moth	
Pseudosciaphila branderiana	Great Marble	
Pseudosciaphila duplex	Poplar Leafroller Moth	
Pseudosphinx tetrio	Tetrio Sphinx|Giant Gray Sphinx	
Pseudoswammerdamia combinella	Copper-tipped Ermine|Copper-tipped Ermel	
Pseudotelphusa paripunctella	Tawny Groundling	
Pseudotelphusa scalella	Black-spotted Groundling	
Pseudoterpna coronillaria	Jersey Emerald	
Pseudoterpna pruinata	grass emerald|Grass Emerald	hémithée du genêt|L'Hémithée du Genêt
Pseudoterpna pruinata atropunctaria	Grass Emerald	
Pseudothyatira cymatophoroides	Tufted Thyatirid Moth|Tufted Thyatirine Moth	
Pseudothyris sepulchralis	Mournful Thyris Moth	
Pseudozizeeria maha maha	Himalayan Pale Grass Blue	
Pseudozizeeria maha ossa	Dakhan Pale Grass Blue	
Psilocorsis quercicella	Oak Leaftier Moth	
Psilocorsis reflexella	Dotted Leaftier Moth	
Psilogramma increta	Gray hawk moth	
Psilogramma menephron	Gray Hawk Moth|Gray hawk moth	
Psolos fuligo subfasciatus	Indian Dusky Partwing	
Psoricoptera gibbosella	Humped Crest	
Psyche casta	Common Bagworm Moth|Common Sweep|Moth	la Psyche lustrée
Psyche crassiorella	Scarce Grass Bagworm|Scarce Grass Sweep	
Psychidae	bagworm moth|Bagworm Moth|Bagworm Moths	
Psychoides filicivora	Fern Smut	
Psychoides verhuella	Hart's-tongue Smut	
Psychomorpha epimenis	Grapevine Epimenis Moth	
Psychonotis caelius	Small Green Banded Blue	
Pterapherapteryx sexalata	small seraphim|Small Seraphim	phalène à six ailes|La Phalène à six ailes
Pterolonche inspersa	Brown-winged knapweed root moth	
Pteronymia artena	Artena Clearwing	
Pteronymia parva	Parva Clearwing	
Pteronymia picta	Rusty Clearwing	
Pterophoridae	Plume Moths	
Pterophorus pentadactyla	White Plume Moth|White Plume	
Pterostoma palpina	Pale Prominent	Le Museau
Pteroteinon caenira	White-Banded Red-Eye	
Pteroteinon concaenira	Narrow-Banded Red-Eye	
Pteroteinon iricolor	Green-Winged Red-Eye	
Pteroteinon laterculus	Brown-Winged Red-Eye	
Pteroteinon laufella	Blue Red-Eye	
Pterourus canadensis	Canadian Tiger Swallowtail	
Pterourus glaucus	Eastern Tiger Swallowtail	
Pterourus troilus	Spicebush Swallowtail	
Ptichodis bistrigata	Southern Ptichodis Moth	
Ptichodis immunis	Cutworm moth	
Ptilodon capucina	Coxcomb Prominent	La Crête-de-Coq
Ptilodon cucullina	Maple Prominent	Le Capuchon
Ptilophora plumigera	Plumed Prominent	Le Plumet, le Porte-Plume
Ptocheuusa paupella	Light Fleabane Neb	
Ptychandra talboti	Bornean Satyr	
Ptycholoma lecheana	leches twist moth|Brindled Twist	
Ptycholomoides aeriferana	Yellow Larch Tortrix|Larch Twist	
Pungeleria capreolaria	Banded Pine Carpet	phalène du sapin|La Phalène du Sapin
Pygarctia abdominalis	Yellow-edged Pygarctia Moth	
Pygarctia spraguei	Sprague's Pygarctica	
Pyralidae	Grass Moths|Pyralid Moths|Pyralid Snout Moths|Snout Moths	
Pyralis	Meal Moths	
Pyralis farinalis	Meal Moth|Meal moth	
Pyralis lienigialis	Scarce Tabby	
Pyralis manihotalis	Moth|Tropical Tabby	
Pyralis pictalis	Painted Meal Moth	
Pyrausta	Mint Moths	
Pyrausta acrionalis	Mint-Loving Pyrausta Moth	
Pyrausta aurata	Small Purple & Gold	
Pyrausta bicoloralis	Bicolored Pyrausta Moth	
Pyrausta cingulata	Silver-barred Sable	
Pyrausta despicata	Straw-barred Pearl	
Pyrausta nigrata	Wavy-barred Sable	
Pyrausta orphisalis	Orange Mint Moth	
Pyrausta ostrinalis	Scarce Purple & Gold	
Pyrausta perelegans	Moth	
Pyrausta purpuralis	Common Purple & Gold	
Pyrausta rubricalis	Variable Reddish Pyrausta|Variable Reddish Pyrausta Moth	
Pyrausta sanguinalis	Scarce Crimson and Gold|Scarce Crimson & Gold	
Pyrausta signatalis	Raspberry Pyrausta Moth	
Pyrausta unifascialis	One-Banded Pyrausta	
Pyreferra ceromatica	Annointed Sallow Moth	
Pyreferra citrombra	Citrine Sallow|Citrine Sallow Moth	
Pyreferra hesperidago	Mustard Sallow|Mustard Sallow Moth	
Pyreferra pettiti	Pettit'S Sallow	
Pyrgus	Grizzled Skippers	
Pyrgus aladaghensis	Aladag Skipper	
Pyrgus alveus	large grizzled skipper|Large Grizzled Skipper	hespérie du faux buis|Plain-chant|Hespérie du Faux-Buis|le Plain-Chant|Hespérie du faus-buis|Plaint-chant
Pyrgus andromedae	Alpine Grizzled Skipper|Alpine Grizzled skipper	Hespérie de Wallengren|l'Hespérie des frimas|Hespérie des frimas
Pyrgus armoricanus	oberthürs grizzled skipper|Oberthür'S Grizzled Skipper|Oberthürs Grizzled Skipper|Obertür´S Grizzled Skipper|Oberthür's Grizzled Skipper|Obertür´s Grizzled Skipper	hespérie des potentilles|Hespérie des potentilles|l'Hespérie des potentilles
Pyrgus bellieri	Foulquier'S Grizzled Skipper|Foulquier's Grizzled Skipper	
Pyrgus bolkariensis	Bolkar Skipper	
Pyrgus cacaliae	Dusky Grizzled Skipper	Hespérie obscure|l'Hespérie du pas-d'âne
Pyrgus carlinae	Carline Skipper|carline skipper	Hespérie de la parcinière|l'Hespérie de la carline
Pyrgus centaureae	Grizzled Skipper|Northern Grizzled Skipper	
Pyrgus cinarae	Sandy Grizzled Skipper	Hespérie castillane
Pyrgus communis	Common Checkered-Skipper	
Pyrgus malvae	grizzled skipper|Grizzled Skipper	hespérie de la mauve|Hespérie de la mauve|le Tacheté
Pyrgus malvoides	Southern Grizzled Skipper	Hespérie de l'aigremoine|Hespérie de l´aigremoine|Tachete austral
Pyrgus melotis	Aegean Skipper	
Pyrgus oileus	Tropical Checkered-Skipper	
Pyrgus onopordi	rosy grizzled skipper|Rosy Grizzled Skipper	hespérie de la malope|Hespérie de la malope|l'Hespérie de la malope|Hespérie de Grenade
Pyrgus ruralis	Two-Banded Checkered-Skipper	
Pyrgus ruralis lagunae	Laguna Mountains Checkered-Skipper	
Pyrgus scriptura	Small Checkered-Skipper	
Pyrgus serratulae	Olive Skipper	Hespérie de l'alchémille|Hespérie de l'Alchémille|l'Hespérie de l'alchémille|Hespérie olivacée
Pyrgus sidae	Yellow-Banded Skipper|Yellow-banded Skipper	l'Hespérie á bandes jaunes|Hespérie bandes jaunes
Pyrisitia dina	Dina Yellow	
Pyrisitia euterpiformis	Hispaniolan Yellow	
Pyrisitia leuce	Hall'S Sulfur|Hall's Sulfur	
Pyrisitia lisa	Little Sulphur|Little Yellow|Small Sulphur	
Pyrisitia lisa lisa	Northern Little Yellow	
Pyrisitia nise	Mimosa Yellow|Blacktip Sulphur|Jamaican Sulphur|Mimosa Sulphur	
Pyrisitia proterpia	Little Jaune|Tailed Orange	
Pyrisitia venusta	Pale Yellow	
Pyroneura flavia	Lesser Lancer	
Pyroneura latoia	Yellow Vein Lancer	
Pyronia bathseba	Spanish Gatekeeper	l'Ocellé rubanné|Tityre
Pyronia cecilia	Southern Gatekeeper	Ocellé de la Canche|l'Ocellé de la canche|Amaryllis de Vallantin
Pyronia janiroides	False Meadow Brown	
Pyronia tithonus	hedge brown|Gatekeeper|Hedge Brown|The Gatekeeper	amaryllis|Amaryllis|l'Amaryllis
Pyronia tithonus tithonus	Gatekeeper or Hedge Brown	
Pyropteron affinis		Sésie de l'hélianthème
Pyropteron chrysidiformis	Fiery Clearwing	Sésie de l'Oseille
Pyropteron muscaeformis	Thrift Clearwing	
Pyrrharctia isabella	Banded Woollybear|Black-Ended Bear|Isabella Tiger Moth|Isabelline Tiger|Isabella tiger moth	
Pyrrhia aurantiago	Aureolaria Seed Borer|Orange Sallow Moth	
Pyrrhia cilisca	Bordered Sallow Moth	
Pyrrhia exprimens	Purple-Lined Sallow	
Pyrrhia umbra	bordered sallow|Bordered Sallow	chrysographe|La Chrysographe
Pyrrhocalles antiqua	Caribbean Skipper	
Pyrrhochalcia iphis	African Giant Skipper	
Pyrrhogyra neaerea	Leading Red-Ring	
Pyrrhogyra otolais	Double-Banded Banner	
Pyrrhopyge araxes	Dull Firetip	
Pyrrhopyge crida	White-Banded Firetip	
Pyrrhopyge phidias	Original Firetip	
Pyrrhopygopsis socrates	Socrates Skipper	
Quadrus cerialis	Common Blue-Skipper	
Quedara basiflava	Golden Flitter	
Quinta cannae	Canna Skipper	
Rachana jalindra	Banded Royal	
Rachelia extrusus	Blue-Flash Skipper	
Rachiplusia ou	Gray Looper Moth	
Ragadia crisilda	White-Striped Ringlet	
Ragadia critias	Siamese Ringlet	
Ragadia luzonia	Luzon Striped Ringlet	
Ragadia makuta	Striped Ringlet	
Rapala damona	Malay Red Flash	
Rapala dieneces	Scarlet Flash	
Rapala iarbus	Common Red Flash	
Rapala lankana	Malabar Flash	
Rapala nissa	Common Flash	
Rapala refulgens	Refulgent Flash	
Rapala rhoecus	Brilliant Flash	
Rapala schistacea	Slate Flash	
Rapala scintilla	Scarce Slate Flash	
Raphia	Raphia Palms	
Raphia frater	Brother|Brother Moth|Yellowmarked Caterpillar	
Raphiptera argillaceellus	Diminutive Grass-Veneer|Diminutive Grass-Veneer Moth	
Rathinda amor	Monkey Puzzle	
Rectiostoma xanthobasis	Yellow-Vested Moth	
Recurvaria leucatella	White-barred Groundling	
Recurvaria nanella	Gelechiid moth|Brindled Groundling	
Redectis vitrea	White-Spotted Redectis|White-Spotted Redectis Moth	
Rekoa meton	Meton Hairstreak	
Rekoa palegon	Gold-Bordered Hairstreak	
Remelana jangala	Chocolate Royal	
Renia adspergillus	Speckled Renia Moth	
Renia discoloralis	Discolored Renia Moth	
Renia factiosalis	Sociable Renia Moth	
Renia flavipunctalis	Yellow-Spotted Renia Moth	
Renia nemoralis	Chocolate Renia Moth	
Renia salusalis	Dotted Renia Moth	
Renia sobrialis	Sober Renia Moth	
Resapamea passer	Dock Rustic Moth	
Retinia	Pine Shoot Moths	
Retinia comstockiana	Pitch Twig Moth	
Retinia gemistrigulana	Gray Retinia Moth	
Retinia resinella	Pine Resin-Gall Moth|Pine Resin-gall Moth	
Rhabdodryas trite	Straight-Lined Sulphur	
Rhabdomantis galatia	Branded Large Fox	
Rhagades pruni		Procris du Prunier
Rhaphicera satricus	Large Tawny Wall	
Rhetus arcius	Long-Tailed Metalmark	
Rheumaptera cervinalis	Scarce Tissue	
Rheumaptera hastata	Argent & Sable|Argent And Sable|Spear-Marked Black|Spear-Marked Black Moth|Spearmarked Black Moth|argent and sable|Argent and Sable	mélanippe hastée|La Hachée, la Mélanippe hastée
Rheumaptera hastata hastata	Argent & Sable	
Rheumaptera prunivorata	Cherry Scallop Shell Moth|Ferguson'S Scallop Shell Moth	
Rheumaptera subhastata	White-banded Black Moth	La Mélanippe du Myrtillier
Rheumaptera undulata	Scallop Shell|Scallop Shell Moth	
Rhigognostis senilella	Rock-cress Smudge	
Rhinopalpa polynice	Wizard	
Rhinthon cubana	Cuban Skipper	
Rhizedra lutosa	Large Wainscot|Large Wainscot Moth|large wainscot|Large wainscot moth	noctuelle du roseau|La Noctuelle du Roseau
Rhodometra sacraria	vestal|Vestal	phalène sacrée|La Phalène sacrée
Rhodophaea formosa	Beautiful Knot-horn	
Rhodostrophia vibicaria		bande rouge|La Bande rouge
Rhopobota myrtillana	Bilberry Bell	
Rhopobota naevana	blackheaded fireworm, Holly Tortrix|Moth|Holly Tortrix	
Rhopobota stagnana	Downland Bell	
Rhopobota ustomaculana	Northern Bell	
Rhyacia lucipeta	southern rustic|Southern Rustic	La lucipète
Rhyacia simulans	dotted rustic|Dotted Rustic	noctuelle pyrophile|La Noctuelle pyrophile
Rhyacionia buoliana	European pine shoot moth|european pine shoot moth|Pine Shoot Moth	
Rhyacionia frustrana	Nantucket Pine Tip Moth	
Rhyacionia logaea	Elgin Shoot Moth	
Rhyacionia pinicolana	Orange-spotted Shoot	
Rhyacionia pinivorana	Spotted Shoot Moth	
Rhynchopalpus brunella	Nolid moth	
Rhyparia purpurata	purple tiger	écaille pourprée
Riodina lycisca	Lycisca Metalmark	
Riodina lysippoides	Little Dancer Metalmark	
Riodina lysippus	Lysippus Metalmark	
Riodinidae	Metalmark Butterflies|Metalmarks	
Rivula propinqualis	Spotted Grass Moth	
Rivula sericealis	straw dot|Straw Dot	soyeuse|La Soyeuse
Roeslerstammia erxlebella	Copper Ermel	
Roeslerstammia pronubella	Yellow Ermel	
Rothschildia lebeau	Lebeau's Rothschildia	
Rusicada privata	Hibiscus Leaf Caterpillar Moth	
Sabera caesina	White-Clubbed Swift	
Sabera dobboe	Yellow-Streaked Swift	
Sabera fuliginosa	White-Fringed Swift	
Sabra harpagula	scarce hook-tip|Scarce Hook-tip|Scarce Hook-Tip	harpon|Le Harpon
Sahulana scintillata	Glistening Blue	
Salanoemia sala	Maculate Lancer	
Salebriaria engeli	Engel'S Salebriaria Moth	
Salebriopsis albicilla	Lime Knot-horn	
Saletara liberia	Pointed Albatross	
Saletara liberia distanti	Malayan Albatross	
Samia cynthia	Ailanthus Silkmoth|Ailanthus silkmoth	
Sarangesa astrigera	White-Speckled Elfin	
Sarangesa bouvieri	Bouvier’S Elfin	
Sarangesa brigida	Brigid’S Elfin	
Sarangesa dasahara	Common Small Flat	
Sarangesa gaerdesi	Namibian Elfin	
Sarangesa lucidella	Marbled Elfin	
Sarangesa maculata	Big-Spot Elfin	
Sarangesa majorella	Lesser Blue-Dusted Elfin	
Sarangesa motozi	Forest Elfin	
Sarangesa phidyle	Small Elfin	
Sarangesa ruona	Ruona Elfin	
Sarangesa seineri	Dark Elfin	
Sarangesa seineri durbana	Southern Dark Elfin	
Sarangesa seineri seineri	Northern Dark Elfin	
Sarangesa tertullianus	Blue-Dusted Elfin	
Saturnia albofasciata	White-streaked Saturnia Moth	
Saturnia pavonia	emperor moth|Emperor|Emperor Moth	petit paon de nuit|Le petit Paon de Nuit
Saturnia pyri	giant peacock moth|Great Peacock Moth	grand paon de nuit|Le grand Paon de Nuit
Saturnia walterorum	Walter's Saturnia Moth	
Saturniidae	Giant Silkworm Moths|Royal Moths|Emperor, Royal, Moon, And Giant Silk Moths	
Satyridae	browns	
Satyrium	Satyres|Satyrid Hairstreaks|Satyr Orchids	
Satyrium behrii	Behr'S Hairstreak	
Satyrium calanus	Banded Hairstreak	
Satyrium edwardsii	Edward's Hairstreak|Edwards' Hairstreak	
Satyrium fuliginosa	Western Sooty Hairstreak	
Satyrium jebelia	Sinai Hairstreak	
Satyrium ledereri	Orange-banded Hairstreak	
Satyrium liparops	Striped Hairstreak	
Satyrium myrtale	Rebel'S Hairstreak	
Satyrium w-album	white-letter hairstreak|White Letter Hairstreak|White-Letter Hairstreak|White-letter Hairstreak	thécla de lorme|Thécla de l'orme|Thècle de l'orme|le W-Blanc|Thécla de l’orme
Satyrotaygetis satyrina	Wide-Bordered Satyr	
Satyrus actaea	Black Satyr	la Petite Coronide|Petite coronide
Satyrus ferula	Great Sooty Satyr	Grande Coronide|la Grande Coronide|Grande coronide
Saucrobotys futilalis	Dogbane Saucrobotys Moth	
Scardia amurensis	Tineid moth	
Scardia anatomella	Pied Scardia	
Schiffermuelleria grandis	Silver-streaked Tubic	
Schinia arcigera	Arcigera Flower Moth	
Schinia bina	Bina Flower Moth	
Schinia florida	Primrose Moth	
Schinia gracilenta	Slender Flower Moth	
Schinia lucens	Leadplant Flower Moth	
Schinia lynx	Lynx Flower Moth	
Schinia nundina	Goldenrod Flower Moth	
Schinia obscurata	Erigeron Flower Moth	
Schinia rivulosa	Ragweed Flower Moth|Scarce Meal-Moth|Scarce Meal-moth	
Schinia rufipenna	scrub golden aster noctuid moth	
Schinia septentrionalis	Northern Flower Moth	
Schinia trifascia	Three-Lined Flower Moth|Three-lined Flower Moth	
Schinia tuberculum	Golden Aster Flower Moth	
Schizura apicalis	Plain Schizura	
Schizura badia	Chestnut Schizura|Chestnut Schizura Moth	
Schizura concinna	Red-Humped Caterpillar Moth|Redhumped Caterpillar	
Schizura ipomaeae	Morning-Glory Prominent	
Schizura ipomoeae	Morning-Glory Prominent|Morning-Glory Prominent Moth|Oak-Maple Humped Caterpillar	
Schizura leptinoides	Black-Blotched Schizura|Black-Blotched Schizura Moth|Black-blotched Schizura	
Schizura unicornis	Unicorn Caterpillar|Unicorn Caterpillar Moth|Unicorn Prominent	
Schoenobius gigantella	Giant Water-veneer	
Schrankia costaestrigalis	pinion-streaked snout|Pinion-streaked Snout|Pinion-Streaked Snout	schrankie bicolore|L'Hypénode du Serpolet
Schrankia intermedialis	Autumnal Snout	
Schrankia macula	Black-Spotted Schrankia Moth	
Schrankia taenialis	white-line snout|White-line Snout|White Lined Snout|White-line snout	hypénode de la callune|L'Hypénode de la Callune
Schreckensteinia festaliella	Blackberry skeletonizer|Blackberry Skeletonizer|Bramble False-Feather|Bramble False-feather	
Schreckensteiniidae	Bristle-Legged Moths	
Sciota adelphella	Willow Knot-horn	
Sciota basilaris	Yellow-Shouldered Leafroller	
Sciota hostilis	Scarce Aspen Knot-horn	
Sciota subcaesiella	Locust Leafroller|Locust Leafroller Moth	
Sciota vetustella	Belted Leafroller Moth	
Sciota virgatella	Black-Spotted Leafroller Moth	
Scobura cephala	Extra Forest Bob	
Scobura cephaloides	Large Forest Bob	
Scobura isota	Swinhoe'S Forest Bob	
Scobura parawoolletti	Divided Forest Bob	
Scobura phiditia	Malay Forest Bob	
Scobura woolletti	Brown Forest Bob	
Scoliopteryx libatrix	Herald|Herald Moth|Scalloped Owlet|The Herald|herald	découpure|La Découpure
Scolitantides orion	Checkered Blue|Chequered Blue	Azuré des orpins|l'Azuré des orpins
Scoparia	Licorice Weeds, Broomworts, And Allies	
Scoparia aequipennalis	Moth	
Scoparia ambigualis	Common Grey	
Scoparia ancipitella	Northern Grey	
Scoparia basalis	Many-Spotted Scoparia Moth	
Scoparia basistrigalis	Base-lined Grey	
Scoparia biplagialis	Double-Striped Scoparia Moth	
Scoparia carvalhoi	Moth	
Scoparia cinereomedia	Sooty Scoparia Moth	
Scoparia coecimaculalis	Moth	
Scoparia penumbralis	Dark Brown Scoparia Moth	
Scoparia semiamplalis	Moth	
Scopula cacuminaria	Frosted Tan Wave	
Scopula corrivalaria		phalène de kretschmar|L'Acidalie de Kretschmar
Scopula decorata	middle lace border|Middle Lace Border	phalène décorée|L'Acidalie décorée, la Cendrée.
Scopula emutaria	rosy wave|Rosy Wave	acidalie des sables|L'Acidalie des sables
Scopula floslactata	cream wave|Cream Wave	phalène laiteuse|L'Acidalie laiteuse
Scopula floslactata floslactata	Cream Wave	
Scopula imitaria	small blood-vein|Small Blood-vein|Small Blood-Vein	fausse-timandre|L'Acidalie fausse-Timandre
Scopula immorata	lewes wave|Lewes Wave	phalène hardie|L'Acidalie hardie
Scopula immutata	lesser cream wave|Lesser Cream Wave	phalène des pâturages|L'Acidalie des pâturages
Scopula incanata		L'Acidalie grisonnante
Scopula inductata	Soft-Lined Wave	
Scopula junctaria	Simple Wave	
Scopula lautaria	Small Frosted Wave Moth	
Scopula limboundata	Large Lace Border|Large Lace-Border|Large Lace-Border Moth|Large Lace-border	
Scopula marginepunctata	mullein wave|Mullein Wave	frange picotée|La Frange picotée, l'Acidalie picotée
Scopula nigropunctata	sub-angled wave|Sub-angled Wave|Sub-Angled Wave	acidalie étrille|L'Acidalie étrille
Scopula ornata	lace border|Lace Border	phalème ornée|L'Acidalie ornée
Scopula personata	Cankerworm	
Scopula purata	Chalky Wave Moth	
Scopula quadrilineata	Four-Lined Wave Moth	
Scopula rubiginata	tawny wave|Tawny Wave	phalène rougeâtre|La Phalène rougeâtre, l'Acidalie rougie
Scopula ternata	smoky wave|Smoky Wave	acidalie à trois raies|L'Acidalie à trois raies
Scopula tessellaria	Dusky-brown Wave	L'Acidalie tesselée
Scopula umbelaria		acidalie des ombelles|L'Acidalie des ombelles
Scopula virgulata	Streaked Wave	L'Acidalie striée, l'Acidalie sillonnée.
Scopulifera sagamase	Sagamase Sprite	
Scorylus cubensis	Pyralid moth	
Scotochrosta pulla	Ash Shoulder-Knot|Ash Shoulder-knot	
Scotopteryx bipunctaria	chalk carpet|Chalk Carpet	ortholite biponctuée|L'Ortholite biponctuée
Scotopteryx bipunctaria cretata	Chalk Carpet	
Scotopteryx chenopodiata	shaded broad-bar|Shaded Broad-bar|Shaded Broad-Bar	phalène de lansérine|La Phalène de l'Ansérine, la Chénopodie
Scotopteryx coarctaria		ortholite rétrécie
Scotopteryx luridata	july belle|July Belle	ortholite plombée|L'Ortholite plombée
Scotopteryx luridata plumbaria	July Belle	
Scotopteryx moeniata	Fortified Carpet	ortholite fortifiée|l'Ortholite fortifiée
Scotopteryx mucronata	lead belle|Lead belle|Lead Belle	ortholite acuminée|L'Ortholite acuminée
Scotopteryx mucronata umbrifera	Lead Belle	
Scotopteryx peribolata	Spanish Carpet	
Scotorythra megalophylla	Kona giant looper moth|Kona Giant Looper Moth	
Scotorythra nesiotes	Ko'olau giant looper|Ko'olau Giant Looper Moth	
Scotorythra paratactis	Hawaiian hopseed looper moth|Hawaiian Hopseed Looper Moth	
Scrobipalpa acuminatella	Pointed Groundling	
Scrobipalpa artemisiella	Thyme Moth	
Scrobipalpa atriplicella	Goosefoot Groundling	
Scrobipalpa clintoni	Atlantic Groundling	
Scrobipalpa costella	Winter Groundling	
Scrobipalpa instabilella	Saltern Groundling	
Scrobipalpa murinella	Rock Groundling	
Scrobipalpa nitentella	Common Sea Groundling	
Scrobipalpa obsoletella	Summer Groundling	
Scrobipalpa ocellatella	Beet Moth	
Scrobipalpa pauperella	Cambridge Groundling	
Scrobipalpa salicorniae	Sea-aster Groundling	
Scrobipalpa samadensis	Buck's-horn Groundling	
Scrobipalpa suaedella	Sea-blite Groundling	
Scrobipalpula diffluella	Essex Groundling	
Scrobipalpula tussilaginis	Colt's-foot Groundling	
Scythrididae	Flower Moths	
Scythris cicadella	Sand Owlet	
Scythris empetrella	Ling Owlet	
Scythris fallacella	Bronze Owlet	
Scythris fuscoaenea	Brassy Owlet	
Scythris grandipennis	Black Owlet	
Scythris inspersella	Norfolk Owlet	
Scythris limbella	Goosefoot Owlet	
Scythris picaepennis	White-dusted Owlet	
Scythris potentillella	Sorrel Owlet	
Scythris siccella	Least Owlet	
Scythris sinensis	Flower Moth|Kentish Owlet|Flower moth|Kentish owlet	
Scythris subcinctella	Copper Owlet	
Scythropia crataegella	Hawthorn Moth	
Sebastonyma suthepiana	Doi Suthep'S Ace	
Sedina buettneri	blairs wainscot|Blair's Wainscot	noctuelle de la brouille|La Noctuelle de la Brouille
Selagia argyrella	Silvery Knot-horn	
Selania leplastriana	Cabbage Piercer	
Selenia alciphearia	Brown-Tipped Thorn|Northern Selenia	
Selenia dentaria	early thorn|Early Thorn	ennomos illunaire|L'Ennomos illunaire
Selenia kentaria	Kent'S Geometer|Kent'S Geometer Moth|Kent's Geometer	
Selenia lunularia	lunar thorn|Lunar Thorn	ennomos lunaire|L'Ennomos lunaire, le Croissant
Selenia tetralunaria	purple thorn|Purple Thorn	ennonos illustre|L'Ennomos illustre
Selidosema brunnearia	bordered grey|Bordered Grey	boarmie brune|La Boarmie brune
Selidosema brunnearia scandinaviaria	Bordered Grey	
Semalea kola	Evans’ Silky Skipper	
Semalea sextilis	Dark Silky Skipper	
Semanga superba deliciosa	The Red Edge	
Semioscopis aurorella	Aurora Flatbody Moth	
Semioscopis avellanella	Early Flat-body	
Semioscopis inornata	Poplar Micromoth	
Semioscopis packardella	Packard'S Concealer Moth	
Semioscopis steinkellneriana	Dawn Flat-body	
Senta flammea	Flame Wainscot	La Leucanie du Roseau
Sephisa chandra	Eastern Courtier	
Serradinga bowkeri bella	Karoo Dark Speckled Widow	
Serradinga bowkeri bowkeri	Dark Speckled Widow	
Serradinga kammanassiensis	Kammanassie Widow	
Sesamia inferens	Noctuid moth	
Sesamia nonagrioides	Pink stem borer|Maize Wainscot	La Nonagrie bétique
Seseria sambara	Notched Seseria	
Sesia apiformis	hornet moth|Clear-winged moth|Hornet Moth	Sésie du peuplier
Sesia bembeciformis	Lunar Hornet Moth	Sésie du Saule
Sesiidae	Clearwing Moths	
Setina irrorella	dew moth|Dew Moth|Dew Footman	endrosie diaphane|L'Endrosie diaphane, la Callimorphe arrosée
Setomorpha rutella	Tropical tobacco moth|Tropical Tobacco Moth	
Sevenia morantii	Morant's Tree Nymph|Morant'S Tree Nymph	
Shargacucullia lychnitis	Striped Lychnis	La Cucullie de la Molène-Lychnis, la Bréchette
Shargacucullia prenanthis	False Water Betony	
Shargacucullia scrophulariae	water betony|Water Betony	cucullie de la scrophulaire|La Cucullie de la Scrophulaire
Shargacucullia verbasci	Mullein	La Brèche
Shijimia moorei	Bicolor Cupid	
Sicya macularia	Sharp-Lined Yellow|Sharp-Lined Yellow Moth|Twopronged Looper	
Sideridis congermana	German Cousin Moth	
Sideridis maryx	Maroonwing Moth	
Sideridis reticulata	bordered gothic|Bordered Gothic	noctuelle de la saponaire|La Noctuelle de la Saponaire
Sideridis reticulata marginosa	Bordered Gothic	
Sideridis rivularis	campion|Campion	sinuée|La Noctuelle du Cucubale
Sideridis rosea	Rosewing Moth	
Sideridis turbida	white colon|White Colon	tréma blanc|Le Tréma blanc
Siderone galanthis	Red-Striped Leafwing	
Simplicia cornicalis	Tiki hut litter moth	
Simyra albovenosa	reed dagger|Reed Dagger|Reed Dagger or Powdered Wainscot	noctuelle veineuse|La Noctuelle veineuse
Sinthusa chandrana grotei	Broad Spark	
Sinthusa nasaka amba	Narrow Spark	
Siona lineata	black-veined moth|Black-veined Moth|Black-Veined Moth	divisée|La Divisée, la Phalène blanche, la Surlignée
Siproeta epaphus	Rusty-Tipped Page	
Siproeta stelenes	Malachite	
Siproeta stelenes biplagiata	Malachite	
Siproeta superba	Broad-Banded Page	
Sithon nedymond	Plush	
Sitochroa chortalis	Dimorphic Sitochroa Moth	
Sitochroa palealis	Carrot Seed Moth|Greenish-Yellow Sitochroa Moth|Sulphur Pearl|Greenish-yellow Sitochroa moth	
Sitochroa verticalis	Lesser Pearl	
Sitotroga cerealella	Angoumois grain moth|Angoumois Grain Moth	
Smerinthus	Eyed Hawkmoths	
Smerinthus cerisyi	Cerisy'S Sphinx Moth|One-Eyed Sphinx|One-Eyed Sphinx Moth|Willow Sphinx	
Smerinthus jamaicensis	Twin Spotted Sphinx|Twin-Spotted Sphinx|Twin-Spotted Sphinx Moth|Twinspot Sphinx	
Smerinthus ocellata	Eyed Hawkmoth|Eyed Hawk-Moth|Eyed Hawk-moth	Le Sphinx demi-paon
Smerinthus saliceti	Salicet sphinx	
Smyrna blomfildia	Blomfild'S Beauty	
Sonia canadana	Canadian Sonia Moth	
Sonia constrictana	Constricted Sonia Moth	
Sophronia humerella	Wormwood Sober	
Sophronia semicostella	White-shouldered Sober	
Sorhagenia janiszewskae	Wood Cosmet	
Sorhagenia lophyrella	Buckthorn Cosmet	
Sorhagenia rhamniella	August Cosmet	
Sovia separata	Chequered Ace	
Spaelotis clandestina	Clandestine Dart|Clandestine Dart Moth|W-Marked Cutworm	
Spaelotis ravida	stout dart|Stout dart|Stout Dart	noctuelle rousselette|La Noctuelle rousselette, l'Agréable
Spargaloma sexpunctata	Six-Spotted Gray|Six-Spotted Gray Moth	
Spargania luctuata	white-banded carpet|White-banded Carpet|White-Banded Carpet	cidarie des épilobes|La Mélanippe affligée
Spargania magnoliata	Double-Banded Carpet|Double-Banded Carpet Moth	
Sparganothis distincta	Distinct Sparganothis Moth	
Sparganothis pilleriana	Vine Leaf-roller Tortrix, Long-nosed Twist|Long-nosed Twist	Pyrale de la vigne, Ver de la vigne
Sparganothis pulcherrimana	Beautiful Sparganothis|Beautiful Sparganothis Moth	
Sparganothis sulfureana	Sparganothis Fruitworm Moth	
Sparganothis tristriata	Three-Streaked Sparganothis Moth	
Sparganothis umbrana	Birdsfoot Trefoil Leaftier	
Sparganothis unifasciana	One-Lined Sparganothis Moth	
Sparganothis xanthoides	Mosaic Sparganothis Moth	
Spatalistis bifasciana	Small Purple Button	
Spathilepia clonius	Falcate Skipper	
Speyeria	Greater Fritillaries	
Speyeria adiaste	Unsilvered Fritillary	
Speyeria aglaja	Dark Green Fritillary|Dark Green Fritillary Butterfly	Grand Nacré|Gran nacré
Speyeria aglaja aglaja	Dark Green Fritillary	
Speyeria aphrodite	Aphrodite Friitllary|Aphrodite Fritillary	
Speyeria aphrodite columbia	Columbian Fritillary	
Speyeria aphrodite ethne	Ethne Fritillary	
Speyeria atlantis	Atlantis Fritillary	
Speyeria atlantis hesperis	'Hesperis' Atlantis Fritillary	
Speyeria atlantis hollandi	Holland'S Fritillary	
Speyeria callippe	Callippe Fritillary	
Speyeria callippe callippe	Callippe Silverspot Butterfly	
Speyeria callippe semivirida	Half-Green Fritillary	
Speyeria coronis	Coronis Fritillary	
Speyeria coronis semiramis	Semiramis Fritillary	
Speyeria coronis snyderi	Snyder'S Fritillary	
Speyeria cybele	Great Spangled Fritillary	
Speyeria cybele cybele	Common Great Spangled Fritillary	
Speyeria cybele krautwurmi	Krautwurm'S Fritillary	
Speyeria diana	Diana Fritillary	
Speyeria edwardsii	Edwards' Fritillary|Edwards'S Fritillary	
Speyeria egleis	Great Basin Fritillary	
Speyeria egleis tehachapina	Tehachapi Mountain Silverspot	
Speyeria hydaspe	Hydaspe Fritillary	
Speyeria hydaspe rhodope	Rhodope Fritillary	
Speyeria idalia	Regal Fritillary	
Speyeria idalia idalia	Eastern Regal Fritillary	
Speyeria mormonia	Mormon Fritillary	
Speyeria mormonia obsidiana	Glass Mountain Fritillary	
Speyeria nokomis	Nokomis Fritillary	
Speyeria nokomis carsonensis	Carson Valley Silverspot	
Speyeria zerene	Zerene Fritillary	
Speyeria zerene behrensii	Behren'S Silverspot Butterfly	
Speyeria zerene bremnerii	Bremner'S Silverspot	
Speyeria zerene hippolyta	Oregon Silverspot	
Speyeria zerene myrtleae	Myrtle'S Silverspot	
Speyeria zerene puntareyes	Point Reyes Silverspot	
Speyeria zerene sitka	Sitka Silverspot	
Speyeria zerene sonomensis	Sonoma Zerene Fritillary	
Speyeria zerene zerene	Zerene Silverspot	
Sphacelodes vulneraria	Looper Moth	
Sphecodina abbottii	Abbot'S Sphinx Moth|Abbott'S Sphinx|Abbott's Sphinx	
Sphingidae	Hawk Moths|Hawk-Moth|Hornworms|Sphinx Moths|Hawk-moth	
Sphinx asellus	Asella Sphinx	
Sphinx canadensis	Canadian Sphinx|Northern Ash Sphinx	
Sphinx chersis	Great Ash Sphinx|Great Ash Sphinx Moth	
Sphinx drupiferarum	Plum Sphinx|Plum Tree Sphinx|Wild Cherry Sphinx|Wild Cherry Sphinx Moth	
Sphinx franckii	Franck's Sphinx	
Sphinx gordius	Apple Sphinx	
Sphinx kalmiae	Laurel Sphinx|Laurel Sphinx Moth	
Sphinx libocedrus	Incense Cedar Sphinx	
Sphinx ligustri	privet hawk-moth|Privet hawkmoth|Privet Hawk-Moth|Privet Hawk-moth	sphinx du troène|le Sphinx du troène
Sphinx luscitiosa	Clemen's Sphinx|Clemen'S Sphinx|Clemens' Sphinx|Clemens' Sphinx Moth	
Sphinx perelegans	Elegant Sphinx	
Sphinx pinastri	pine hawk-moth|Larch hawk moth|Pine Hawkmoth|Pine Hawk-Moth|Pine Hawk-moth	sphinx du pin|Le Sphinx du Pin
Sphinx poecila	Northern Apple Sphinx|Northern Apple Sphinx Moth	
Sphinx sequoiae	Sequoia Sphinx	
Sphinx vashti	Snowberry Sphinx	
Sphrageidus similis	Yellow-tail	Le Cul-doré
Spialia agylla	Grassveld Sandman	
Spialia agylla agylla	Grassveld Sandman	
Spialia agylla bamptoni	Grassveld Sandman	
Spialia asterodia	Star Sandman	
Spialia colotes	Bushveld Sandman	
Spialia colotes transvaaliae	Bushveld Sandman	
Spialia confusa	Confusing Sandman	
Spialia confusa confusa	Confusing Sandman	
Spialia delagoae	Delagoa Sandman	
Spialia depauperata	Wandering Sandman	
Spialia depauperata australis	Wandering Sandman	
Spialia diomus	Common Sandman	
Spialia doris	Desert Grizzled Skipper	
Spialia dromus	Forest Sandman	
Spialia galba	Indian Skipper	
Spialia galba galba	Indian Grizzled Skipper	
Spialia mafa	Mafa Sandman	
Spialia mafa mafa	Mafa Sandman	
Spialia nanus	Dwarf Sandman	
Spialia paula	Mite Sandman	
Spialia phlomidis	Persian Skipper	
Spialia sataspes	Boland Sandman	
Spialia secessus	Wolkberg Sandman	
Spialia sertorius	red underwing skipper|Red Underwing Skipper|Red-Underwing Skipper|Red-underwing Skipper	hespérie des sanguisorbes|Hespérie des sanguisorbes|le Roussâtre
Spialia spio	Mountain Sandman	
Spilarctia lutea	Buff Ermine	l'Ecaille Lièvre
Spilonota laricana	Larch shoot tortricid moth|Larch-bud Moth	
Spilonota ocellana	Bud Moth|Eye-Spotted Bud Moth|Eye-spotted bud moth	
Spilosoma congrua	Agreeable Tiger Moth	
Spilosoma dubia	Dubious Tiger Moth	
Spilosoma latipennis	Pink-Legged Tiger Moth	
Spilosoma lubricipeda	white ermine|White Ermine	écaille tigrée|L'Ecaille tigrée
Spilosoma urticae	water ermine|Water Ermine	écaille de lortie|L'Ecaille de l'Ortie
Spilosoma virginica	Virginia Tiger Moth|Virginian Tiger Moth|Yellow Woolly Bear|Yellow Woollybear	
Spindasis tavetensis	Taveta Silverline	
Spiramater lutra	Otter Spiramater Moth	
Spodoptera	Armyworm Moths	
Spodoptera androgea	Andregea armyworm moth	
Spodoptera cilium	Dark Mottled Willow	
Spodoptera dolichos	Sweetpotato Armyworm|Sweetpotato Armyworm Moth	
Spodoptera eridania	Fireworm|Southern Army Worm|Southern Armyworm|Southern Armyworm Moth	
Spodoptera exempta	African armyworm	
Spodoptera exigua	Beet Armyworm|Beet Armyworm Moth|Small Mottled Willow|beet armyworm|Beet armyworm	noctuelle exiguë|La Noctuelle exiguë
Spodoptera frugiperda	Fall Armyworm|Fall Armyworm Moth	
Spodoptera latifascia	Velvet Armyworm Moth	
Spodoptera littoralis	Egyptian Cotton Leafworm|Mediterranean Brocade, African Cotton Leafworm, Egyptian Cotton Leafworm|Mediterranean Brocade|African Cotton Leafworm|Mediterranean Brocade or African Cotton Leafworm	La Spodoptère littorale
Spodoptera litura	Cutworm|Asian Cotton Leafworm	
Spodoptera mauritia	Lawn armyworm	
Spodoptera mauritia acronyctoides	Moth	
Spodoptera ornithogalli	Yellow-Striped Armyworm|Yellow-Striped Armyworm Moth|Yellowstriped Armyworm	
Spodoptera pulchella	Caribbean Armyworm Moth	
Spoladea recurvalis	Beet Webworm|Beet Webworm Moth|Hawaiian Beet Webworm|Hawaiian Beet Webworm Moth|Maize Moth|Beet webworm moth|Hawaiian beet webworm	
Spudaea ruticilla		xanthie de lyeuse
Stalachtis phlegia	Dotted Prince	
Stallingsia jacki	Chiapan Giant-Skipper	
Stallingsia smithi	Smith'S Giant-Skipper	
Stamnodes gibbicostata	Shiny Gray Carpet Moth|Shiny Gray Carpet	
Standfussiana lucernea	Northern Rustic	
Staphylus ascalaphus	Central American Sootywing	
Staphylus ceos	Golden-Headed Scallopwing	
Staphylus mazans	Mazans Scallopwing	
Staphylus vincula	Mountain Sootywing	
Staphylus vulgata	Golden-Snouted Sootywing	
Stathmopoda pedella	Alder Signal	
Stauropus fagi	Lobster Moth	L'Ecureuil, le Staurope du Hêtre
Stegania cararia	Ringed Border	La Stéganie convoitée
Stegania trimaculata	dorset cream wave|Dorset Cream Wave	stéganie du peuplier|La Stéganie du peuplier
Stenolechia bathrodyas	Moth	
Stenolechia gemmella	Black-dotted Groundling	
Stenoporpia polygrammaria	Faded Gray Geometer	
Stenoptilia annadactyla	Small Scabious Plume	
Stenoptilia bipunctidactyla	Twin-spot Plume	
Stenoptilia islandicus	Mountain Plume	
Stenoptilia millieridactylus	Saxifrage Plume	
Stenoptilia pneumonanthes	Gentian Plume	
Stenoptilia pterodactyla	Brown Plume	le Ptérophore ptérodactyle
Stenoptilia zophodactylus	Dowdy Plume	
Stenoptilodes littoralis	Moth	
Stenoptilodes taprobanes	Moth	
Stenoptinea cyaneimarmorella	Barred Brown Clothes Moth|Barred Brown Clothes	
Stephensia brunnichella	Basil Dwarf	
Sterrhopterix fusca	Brown Sweep	la Psyche hérisée
Sthenopis argenteomaculatus	Silver-Spotted Ghost Moth	
Stibochiona nicea	Popinjay	
Stiboges nymphidia	Columbine	
Stichophthalma camadeva	Northern Jungle Queen	
Stichophthalma cambodia	Cambodian Junglequeen	
Stichophthalma godfreyi	Godfrey'S Jungle Queen	
Stichophthalma louisa	Oriental Jungle Queen	
Stictea mygindiana	Cowberry Marble	
Stictoptera cucullioides	Moth	
Stictoptera poecilosoma	Moth	
Stigmella aceris	Scarce Maple Pigmy	
Stigmella aeneofasciella	Brassy Pigmy	
Stigmella alnetella	Silver-barred Alder Pigmy	
Stigmella anomalella	Rose Leaf-miner|Rosy Leaf Miner|Rose Leaf Miner	
Stigmella assimilella	Aspen Pigmy	
Stigmella atricapitella	Black-headed Pigmy	
Stigmella aurella	Golden Pigmy	
Stigmella aurella nitens	False Golden Pigmy	
Stigmella auromarginella	Gold-edged Pigmy	
Stigmella basiguttella	Base-spotted Pigmy	
Stigmella betulicola	Common Birch Pigmy	
Stigmella betulicola nanivora	Dwarf-birch Pigmy	
Stigmella carpinella	Hornbeam Pigmy	
Stigmella catharticella	Buckthorn Pigmy	
Stigmella centifoliella	Narrow-barred Pigmy	
Stigmella confusella	Pale Birch Pigmy	
Stigmella continuella	Double-barred Pigmy	
Stigmella crataegella	Common Thorn Pigmy	
Stigmella desperatella	Scarce Apple Pigmy	
Stigmella dryadella	Mountain-avens Pigmy	
Stigmella filipendulae	Dropwort Pigmy|Meadow-sweet Pigmy	
Stigmella floslactella	Coarse Hazel Pigmy	
Stigmella glutinosae	White-Barred Alder Pigmy|White-barred Alder Pigmy	
Stigmella hemargyrella	Beech Pigmy	
Stigmella hybnerella	Greenish Thorn Pigmy	
Stigmella incognitella	Grey Apple Pigmy	
Stigmella lapponica	Drab Birch Pigmy	
Stigmella lemniscella	Red Elm Pigmy	
Stigmella luteella	Short-barred Pigmy	
Stigmella magdalenae	Northern Rowan Pigmy	
Stigmella malella	Apple Pigmy|Apple Pygmy	
Stigmella mespilicola	Wild-service Pigmy	
Stigmella microtheriella	Nut-Tree Pigmy|Nut-tree Pigmy	
Stigmella minusculella	Brown-tipped Pigmy	
Stigmella myrtillella	Bilberry Pigmy	
Stigmella nylandriella	Common Rowan Pigmy	
Stigmella obliquella	Willow Pigmy	
Stigmella oxyacanthella	Common Fruit-tree Pigmy	
Stigmella paradoxa	Scarce Thorn Pigmy	
Stigmella perpygmaeella	Least Thorn Pigmy	
Stigmella plagicolella	Scrubland Pigmy	
Stigmella poterii	Downland Pigmy	
Stigmella poterii serella	Tormentil Pigmy	
Stigmella poterii tengstroemi	Highland Pigmy	
Stigmella pretiosa	Water-avens Pigmy	
Stigmella prunetorum	Scarce Sloe Pigmy	
Stigmella pyri	Pear-tree Pigmy	
Stigmella regiella	Purple-shot Pigmy	
Stigmella roborella	Common Oak Pigmy	
Stigmella ruficapitella	Red-headed Pigmy	
Stigmella sakhalinella	Small Birch Pigmy	
Stigmella salicis	Sallow Pigmy	
Stigmella samiatella	Chestnut Pigmy	
Stigmella slingerlandella	Slingerland'S Plum Leafminer Moth	
Stigmella sorbi	Barred Rowan Pigmy	
Stigmella speciosa	Barred Sycamore Pigmy	
Stigmella spinosissimae	Plain Rose Pigmy	
Stigmella splendidissimella	Glossy Bramble Pigmy	Himbeer-Zwergmotte
Stigmella splendidissimella dulcella	False Bramble Pigmy	
Stigmella suberivora	Holm-oak pigmy|Holm-oak Pigmy	
Stigmella svenssoni	Orange-headed Pigmy	
Stigmella tiliae	Lime Pigmy	
Stigmella tityrella	Small Beech Pigmy	
Stigmella torminalis	Hereford Pigmy	
Stigmella trimaculella	Black-poplar Pigmy	
Stigmella ulmivora	Barred Elm Pigmy|False Elm Pigmy	
Stigmella viscerella	Plain Elm Pigmy	
Stigmella zelleriella	Sandhill Pigmy|Sandhill Pigmy Moth	
Stilbia anomala	Anomalous|The Anomalous	
Stinga morrisoni	Morrison'S Skipper	
Stoeberhinus testaceus	Moth	
Strephonota tephraeus	Pearly-Gray Hairstreak	
Strepsicrates smithiana	Bayberry Leaftier Moth|Bayberry leaftier moth	
Striacosta albicosta	Western Bean Cutworm Moth	
Strophedra nitidana	Little Oak Piercer	
Strophedra weirana	Little Beech Piercer	
Strymon	Scrub-Hairstreaks	
Strymon acis	Antillean Hairstreak|Bartram'S Scrub Hairstreak|Bartram'S Scrub-Hairstreak|Bertram'S Scrub Hairstreak|Caribbean Scrub-Hairstreak|Bartram's Scrub Hairstreak|Bertram's Scrub Hairstreak	
Strymon albata	White Scrub-Hairstreak	
Strymon alea	Lacey'S Scrub-Hairstreak	
Strymon astiocha	Gray-Spotted Scrub-Hairstreak	
Strymon avalona	Avalon Hairstreak|Avalon Scrub-Hairstreak	
Strymon bazochii	Lantana Scrub-Hairstreak|Lantana scrub-hairstreak	
Strymon bazochii gundlachianus	Smaller Lantana Butterfly|Smaller lantana butterfly	
Strymon bubastus	Bubastes Hairstreak|Cramer'S Scrub-Hairstreak|Disjunct Scrub Hairstreak|Disjunct Scrub-Hairstreak|Cramer's Scrub-Hairstreak	
Strymon bubastus ponce	Disjunct Scrub-Hairstreak	
Strymon gabatha	Great Scrub-Hairstreak	
Strymon melinus	Gray Hairstreak|Cotton Square Borer	
Strymon mulucha	Mottled Scrub-Hairstreak	
Stugeta bowkeri	Bowker's Marbled Sapphire|Bowker's Sapphire|Bowker'S Marbled Sapphire|Bowker'S Sapphire	
Stugeta bowkeri bowkeri	Bowker's Marbled Sapphire|Bowker'S Marbled Sapphire	
Stugeta bowkeri henningi	Bowker's Marbled Sapphire	
Stugeta bowkeri tearei	Bowker's Marbled Sapphire|Bowker'S Marbled Sapphire	
Stugeta carpenteri	Carpenter's Sapphire|Carpenter'S Sapphire	
Stugeta subinfuscata	Dusky Marbled Sapphire	
Stugeta subinfuscata reynoldsi	Dusky Marbled Sapphire|Dusky Sapphire	
Stygionympha curlei	Curle's Hillside Brown|Curle'S Hillside Brown	
Stygionympha dicksoni	Dickson's Brown|Dickson's Hillside Brown|Dickson's Widow|Tygerberg Hillside Brown|Dickson’S Hillside Brown	
Stygionympha geraldi	Gerald's Hillside Brown|Gerald'S Hillside Brown	
Stygionympha irrorata	Karoo Hillside Brown	
Stygionympha scotina	Eastern Hillside Brown	
Stygionympha vansoni	Van Son's Hillside Brown|Van Son'S Hillside Brown	
Stygionympha vigilans	Western Hillside Brown	
Stygionympha wichgrafi	Wichgraf’s Hillside Brown|Wichgraf’S Hillside Brown	
Stylopalpia luniferella	Pyralid moth	
Suada swerga	Grass Bob	
Suasa lisides	Red Imperial	
Suastus everyx everyx	White Palm Bob	
Suastus gremius	Indian Palm Bob	
Suastus minuta	Small Palm Bob	
Suniana lascivia	Dingy Dart	
Suniana sunias	Wide-Brand Grass-Dart	
Sunira circellaris	Brick	La Xanthie ferruginée
Sutyna privata	Private Sallow	
Swammerdamia compunctella	Rowan Ermel	
Swammerdamia passerella	Scotch Ermel	
Swammerdamia pyrella	Little ermine moth|Little Ermel	
Symbrenthia brabira	Yellow Jester	
Symbrenthia hippoclus	Common Jester	
Symbrenthia silana	Scarce Jester	
Symmerista albifrons	White-Headed Prominent|White-headed Prominent	
Symmerista canicosta	Red-Humped Oakworm Moth	
Symmerista leucitys	Orange-Humped Mapleworm|Orange-Humped Mapleworm Moth|Orangehumped Mapleworm	
Symmetrischema capsica	Pepper flowerbud moth	
Symmetrischema tangolias	Moth	
Symmoca signatella	Dockland Obscure	
Sympistis badistriga	brown-lined sallow moth|honeysuckle budworm|Brown-Lined Sallow Moth|Honeysuckle Budworm	noctuelle du chèvrefeuille
Sympistis chionanthi	Fringe-Tree Sallow|Fringe-Tree Sallow Moth	
Sympistis dentata	Blueberry Sallow	
Sympistis perscripta	Scribbled Sallow	
Sympistis piffardi	Three-Striped Oncocnemis	
Synanthedon acerni	Maple Callus Borer Moth	
Synanthedon acerrubri	Maple Clearwing Moth	
Synanthedon andrenaeformis	Orange-tailed Clearwing|Orange-Tailed Clearwing	Sésie de la Viorne
Synanthedon bibionipennis	Strawberry Crown Moth	
Synanthedon conopiformis	Dale's Oak Clearwing	Sésie du Chène
Synanthedon culiciformis	Large Red-belted Clearwing|Large Red-Belted Clearwing	Sésie culiciforme
Synanthedon exitiosa	Peachtree Borer Moth	
Synanthedon fatifera	Arrowwood Clearwing Moth	
Synanthedon flaviventris	Sallow Clearwing	Sésie jaune-gorge
Synanthedon formicaeformis	Red-tipped Clearwing|Red-Tipped Clearwing	Sésie fourmi
Synanthedon loranthi	Mistletoe Clearwing	La Sésie du Gui
Synanthedon myopaeformis	Small red-belted clearwing|Red-belted Clearwing|Red-Belted Clearwing	Sésie du Pommier
Synanthedon pictipes	Lesser Peachtree Borer Moth	
Synanthedon rileyana	Riley'S Clearwing Moth	
Synanthedon scoliaeformis	Welsh Clearwing	Sésie du bouleau
Synanthedon spheciformis	White-barred Clearwing|White-Barred Clearwing	Sésie de l'Aulne
Synanthedon spuleri		Sésie de Spuler
Synanthedon theryi		La Sésie du Tamaris
Synanthedon tipuliformis	Currant Borer|Currant Clearwing|Currant borer	Sésie du Groseillier
Synanthedon vespiformis	Yellow-legged Clearwing|Yellow-Legged Clearwing	Sésie vespiforme
Synaphe punctalis	Long-legged Tabby	
Synapte lutulenta	Whitened Faceted-Skipper	
Synapte malitiosa	Caribbean Faceted-Skipper|Malicious Skipper	
Synapte salenus	Salenus Skipper	
Synapte silius	Rain-Forest Faceted-Skipper	
Synapte syraces	Faceted Skipper	
Synchlora aerata	Wavy-Lined Emerald|Wavy-Lined Emerald Moth	
Synchlora frondaria	Southern Emerald|Southern Emerald Moth	
Synclita obliteralis	Dusky China-Mark|Waterlily Leafcutter|Waterlily leafcutter|Dusky China-mark	
Syndemis afflictana	Gray Leafroller Moth	
Syndemis musculana	Dark-barred Twist	
Synemon ignita	Fiery Sun Moth	
Syngamia florella	Orange-spotted Flower Moth	
Syngrapha abstrusa	Abstruse False Looper Moth	
Syngrapha alias	Hooked Silver Y Moth|Spruce Climbing Cutworm	
Syngrapha epigaea	Epigaea Looper Moth	
Syngrapha interrogationis	scarce silver y|Cutworm|Scarce Silver Y	plusie de lorcette|La Plusie de l'Orcette, le Point d'interrogation.
Syngrapha microgamma	Small Gamma Looper Moth	
Syngrapha montana	Labrador Tea Looper Moth	
Syngrapha octoscripta	Dusky Silver Y Moth	
Syngrapha rectangula	Angulated Cutworm|Salt-And-Pepper Looper Moth	
Syngrapha viridisigma	Spruce False Looper Moth	
Synopsia sociaria		boarmie campagne|La Boarmie compagne
Synthymia fixa	goldwing|Goldwing	orangée
Syntomeida epilais	Polka-Dot Wasp Moth	
Syrmoptera bonifacei	Boniface's False Head|Boniface'S False Head	
Syssphinx bicolor	Honey Locust Moth	
Syssphinx bisecta	Bisected Honey Locust Moth	
Systasea pulverulenta	Texas Powdered Skipper|Texas Powdered-Skipper	
Systasea zampa	Arizona Powdered-Skipper	
Tachystola acroxantha	Ruddy Streak	
Tacparia atropunctata	Northern Pale Alder	
Tacparia detersata	Pale Alder Moth	
Taenaris artemis	Pearl Owl	
Taenaris catops	Silky Owl	
Taenaris myops	One-Eyed Owl	
Tagiades cohaerens	White-Striped Snow Flat	
Tagiades flesus	Clouded Flat	
Tagiades gana	Suffused Snow Flat	
Tagiades gana alica	Andaman Suffused Snow Flat	
Tagiades gana athos	Bengal Suffused Snow Flat	
Tagiades gana gana	Large Snow Flat	
Tagiades gana silvia	Dakhan Suffused Snow Flat	
Tagiades japetus	Pied Flat	
Tagiades japetus atticus	Common Snow Flat	
Tagiades litigiosa	Water Snow Flat	
Tagiades menaka	Dark-Edged Snow Flat	
Tagiades parra	Straight Snow Flat	
Tagiades toba	Different-Spotted Snow Flat	
Tagiades waterstradti	Waterstradt Snow Flat	
Tajuria cippus	Peacock Royal	
Tajuria cippus maxentius	Peacock Royal	
Tajuria dominus	Influent Royal	
Tajuria jehana	Plains Blue Royal	
Tajuria jehana jehana	Indian Plains Blue Royal	
Tajuria mantra	Felder'S Royal	
Tajuria mantra mantra	Felder'S Royal	
Taleporia tubulosa	Brown Smoke	
Talicada nyseus	Red Pierrot	
Talicada nyseus nyseus	Indian Red Pierrot	
Tanaecia aruna	Short-Banded Viscount	
Tanaecia cibaritis	Andaman Viscount	
Tanaecia clathrata	Violet-Bordered Viscount	
Tanaecia cocytus	Lavender Count	
Tanaecia iapis	Horsfield'S Baron	
Tanaecia jahnu	Plain Earl	
Tanaecia lepidea lepidea	Himalayan Grey Count	
Tanaecia lepidea matala	Grey Count	
Tanaecia lepidea miyana	Peninsular Grey Count	
Tanaecia munda	Peninsular Viscount	
Tanaecia palguna	Long-Lined Viscount	
Tanaecia pelea	Malay Viscount	
Taractrocera archias quinta	Yellow Grass Dart	
Taractrocera ceramas	Tamil Grass Dart	
Taractrocera danna	Himalayan Grass Dart	
Taractrocera dolon	Sandy Grass-Dart	
Taractrocera ilia	Northern Grass-Dart	
Taractrocera ina	Ina Grass-Dart	
Taractrocera maevius	Common Grass-Dart	
Taractrocera psammopetra	Sandstone Grass-Dart	
Taraka mahanetra	Lesser Pierrot	
Targalla delatrix	Eugenia caterpillar	
Tarsocera cassina	Sand-dune Widow|Sand-Dune Widow	
Tarsocera cassus	Spring Widow	
Tarsocera cassus cassus	Cape Spring Widow	
Tarsocera cassus outeniqua	Outeniqua Spring Widow	
Tarsocera dicksoni	Dickson's Widow|Dickson'S Widow	
Tarsocera fulvina	Karoo Widow	
Tarsocera imitator	Deceptive Widow	
Tarsocera namaquensis	Namaqua Widow	
Tarsocera southeyae	Southey's Widow|Southey'S Widow	
Tarucus balkanica	Little Tiger Blue	
Tarucus legrasi	Le Gras’ Pierrot	
Tarucus nara	Striped Pierrot	
Tarucus rosacea	Mediterranean Pierrot	
Tarucus sybaris	Dotted Blue	
Tarucus sybaris linearis	Dotted Blue	
Tarucus sybaris sybaris	Dotted Blue	
Tarucus theophrastus	Common Tiger Blue	Azuré du jujubier
Tarucus thespis	Vivid Dotted Blue	
Tarucus venosus	Veined Pierrot	
Tarucus waterstradti	Separate Pierrot (Assam Pierrot)	
Tathorhynchus exsiccata	Levant blackneck moth|Levant Blackneck	
Taygete attributella	Triangle-Marked Twirler Moth	
Taygetis inconspicua	Inconspicuous Satyr	
Taygetis thamyra	Thamyra Satyr	
Taygetis virgilia	Stub-Tailed Satyr	
Tebenna gnaphaliella	Everlasting Tebenna Moth	
Tebenna micalis	Vagrant Twitcher	
Tegosa anieta	Black-Bordered Crescent	
Tegosa anieta luka	Black-Bordered Crescent	
Tegosa guatemalena	Guatemalan Crescent	
Teinopalpus aureus	Golden Kaiserihind|Golden Kaiser-I-Hind	
Teinopalpus imperialis	Kaiser-i-Hind|Kaiser-I-Hind	
Teleiodes flavimaculella	Chestnut Groundling	
Teleiodes luculella	Crescent Groundling	
Teleiodes vulgella	Common Groundling	
Teleiodes wagae	Hazel Groundling	
Teleiopsis diffinis	Large Groundling	
Telemiades choricus	Mexican Telemiades	
Telicota ancilla horisha	Greenish Palm Dart	
Telicota besta	Hainan Palm Dart	
Telicota colon	Pale Palm Dart	
Telicota colon stinga	Common Palm Dart	
Telicota eurotas	Sedge Darter	
Telicota mesoptis	Narrow-Brand Darter	
Telicota ohara	Dark Palm Dart	
Telipna semirufa	Western Telipna	
Tellervo zoilus	Hamadryad	
Telphusa longifasciella	Y-Backed Telphusa	
Tenaga nigripunctella	Black-spot Clothes	
Teniorhinus harona	Arrowhead Orange|Orange Small Fox	
Teniorhinus ignita	Fiery Small Fox	
Teniorhinus watsoni	Watson’S Small Fox	
Tephronia sepiaria	Dusky Carpet	La Gymnospile commune
Teracolus agoye	Speckled Sulphur Tip	
Teracolus agoye agoye	Speckled Sulphur Tip	
Teracolus agoye bowkeri	Desert Speckled Sulphur Tip	
Terastia meticulosalis	Moth	
Terinos atlita teuthras	Large Assyrian	
Terinos clarissa	Malayan Assyrian	
Terinos terpander	Royal Assyrian	
Terinos terpander intermedia	Intermediate Assyrian	
Terinos terpander robertsia	Royal Assyrian	
Teriomima williami	Dondo Buff	
Teriomima zuluana	Zulu Buff	
Tetanolita floridana	Florida Tetanolita Moth	
Tetanolita mynesalis	Smoky Tetanolita Moth	
Tethea ocularis	figure of eighty|Figure of Eighty	octogésime|L'Octogésime
Tethea ocularis octogesimea	Figure of Eighty	
Tethea or	poplar lutestring|Poplar Lutestring	double-bande brune|L'Or, la Double-Bande brune
Tethea or or	Poplar Lutestring	
Tetheella fluctuosa	satin lutestring|Satin Lutestring	onduleuse|La Cymatophore onduleuse, l'Aqueuse
Tetracis	Slant-Lines	
Tetracis cachexiata	White Slant-Line|White Slant-Line Moth|White Slant-line	
Tetracis crocallata	Yellow Slant-Line|Yellow Slant-Line Moth|Yellow Slant-line	
Texola coracara	Coracara Checkerspot	
Texola elada	Elada Checkerspot	
Thaduka multicaudata	Many-Tailed Oakblue	
Thalera fimbrialis	sussex emerald|Sussex Emerald	phalène du buplèvre|La Phalène du Buplèvre, la Phalène du Thym
Thalpophila matura	straw underwing|Straw Underwing	cythérée|La Noctuelle cythérée
Tharsalea arota virginiensis	Nevada Tailed Copper	
Tharsalea epixanthe	Bog Copper	
Tharsalea hyllus	Bronze Copper	
Thaumantis klugius	Dark Blue Jungle Glory	
Thaumantis klugius lucipor	Dark Blue Jungle Glory	
Thaumantis noureddin	Dark Jungle Glory	
Thaumantis odana	Malayan Jungle Glory	
Thaumatographa jonesi	Psychedelic Jones Moth	
Thaumatopsis pexellus	Woolly Grass-Veneer Moth	
Thaumatotibia leucotreta	False codling moth|False Codling Moth	
Thaumetopoea pityocampa	Pine processionary|Pine Processionary	La Processionnaire du Pin
Thaumetopoea processionea	Oak Processionea|Oak Processionary	La Processionnaire du Chêne
Thauria aliris	Tufted Jungle King	
Thauria aliris pseudaliris	Tufted Jungle King	
Thecla betulae	brown hairstreak|Brown Hairstreak	thécla du bouleau|Thécla du bouleau|Thècle du bouleau|la Thécla du bouleau
Thecla limenia	Hairstreak Moth|Hairstreak moth	
Thecla maesites	Verde Azul Hairstreak	
Theclinesthes hesperia	Western Bitter-Bush Blue	
Theclinesthes miskini	Wattle Blue	
Theclinesthes onycha	Cycad Blue	
Theisoa constrictella	Constricted Twirler|Constricted Twirler Moth	
Thera britannica	spruce carpet|Spruce carpet|Spruce Carpet	phalène anglaise|La Corythée anglaise
Thera cognata	Chestnut-coloured Carpet|Chestnut-Coloured Carpet	La Corythée montagnarde
Thera contractata	Contracted Spanworm|Evergreen Spanworm	
Thera cupressata	Cypress Carpet	La Corythée du Cyprès
Thera juniperata	Juniper Carpet|Juniper Carpet Moth|juniper carpet|Juniper carpet	phalène du genévrier|La Corythée du Genévrier
Thera juniperata juniperata	Juniper Carpet	
Thera obeliscata	grey pine carpet|Grey Pine Carpet	phalène sobre|La Corythée sobre
Thera variata		cidarie variée|La Corythée variée
Thera vetustata	Fir Carpet	La Corythée étranglée
Theresimima ampellophaga	Vine bud moth	
Theretra nessus	Yam Hawk Moth|Yam hawk moth	
Theria primaria	early moth|Early Moth	phalène précoce|La Phalène précoce
Theria rupicapraria		phalène chamoisée|La Phalène chamoisée
Theritas mavors	Deep-Green Hairstreak	
Thespieus dalman	Chalk-Marked Skipper	
Thespieus macareus	Chestnut-Marked Skipper	
Thespieus vividus	Vivid Skipper	
Thespieus xarippe	Xarippe Skipper	
Thessalia theona	Nymphalid Moth|Nymphalid moth	
Thestor barbatus	Bearded Skolly	
Thestor basutus	Basuto Skolly	
Thestor basutus basutus	Basuto Skolly	
Thestor basutus capeneri	Northern Basuto Skolly	
Thestor braunsi	Braun's Skolly|Brauns’ Skolly|Braun'S Skolly	
Thestor camdeboo	Camdeboo Skolly	
Thestor claassensi	Claassens' Skolly|South Coast Skolly	
Thestor compassbergae	Compassberg Skolly	
Thestor dryburghi	Dryburg's Skolly|Dryburg'S Skolly	
Thestor holmesi	Holmes' Skolly	
Thestor kaplani	Gorgeous Skolly|Kaplan's Skolly|Kaplan's Thestor|Kaplan'S Skolly|Kaplan'S Thestor	
Thestor montanus	Mountain Skolly	
Thestor murrayi	Murray's Skolly|Murray'S Skolly	
Thestor overbergensis	Overberg Skolly	
Thestor penningtoni	Pennington's Skolly|Pennington'S Skolly	
Thestor petra petra	Rock Skolly	
Thestor petra tempe	Tempe Skolly	
Thestor pringlei	Pringle's Skolly|Pringle'S Skolly	
Thestor protumnus	Boland Skolly	
Thestor protumnus aridus	Namaqua Boland Skolly	
Thestor protumnus protumnus	Boland Skolly	
Thestor rileyi	Riley's Skolly	
Thestor rooibergensis	Rooiberg Skolly	
Thestor rossouwi	Rossouw's Skolly|Rossouw'S Skolly	
Thestor stepheni	Stephen's Skolly|Stephen'S Skolly	
Thestor strutti	Strutt's Skolly|Winter Skolly|Strutt'S Skolly	
Thestor vansoni	Van Son's Skolly|Van Son'S Skolly	
Thestor yildizae	Peninsula Skolly	
Thetidia smaragdaria	Essex Emerald	L'Emeraude
Thetidia smaragdaria maritima	Essex Emerald	
Thiodia citrana	Lemon Bell	
Thiotricha subocellea	Eyelet Sober	
Thisanotia chrysonuchella	Powdered Grass-veneer	
Thisbe irenea	Irenia Metalmark	
Thisbe lycorias	Banner Metalmark	
Tholera cespitis	hedge rustic|Hedge Rustic	noctuelle du gazon|La Noctuelle du Gazon
Tholera decimalis	feathered gothic|Feathered Gothic	nasse|La Nasse
Thoressa astigmata	Southern Spotted Ace	
Thoressa evershedi	Evershed'S Ace	
Thoressa honorei	Madras Ace	
Thoressa hyrie	Large-Spot Plain Ace	
Thoressa masoni	Golden Ace	
Thorybes	Cloudywings	
Thorybes diversus	Western Cloudywing	
Thorybes drusius	Drusius Cloudywing	
Thorybes mexicana	Mexican Cloudywing	
Thorybes pylades	Northern Cloudywing	
Thorybes pylades indistinctus	California Northern Cloudywing	
Thumatha senex	round-winged muslin|Round-winged Muslin|Round-Winged Muslin	nudarie vieille|La Nudarie vieille
Thyatira batis	peach blossom|Peach Blossom	batis|La Batis
Thymelicus acteon	lulworth skipper|Lulworth Skipper	hespérie du chiendent|Hespérie du chiendent|l'Hespérie du chiendent|Hespérie du chiendet
Thymelicus hamza	Morrocan Small Skipper|Moroccan Small Skipper	
Thymelicus hyrax	Levantine Skipper	
Thymelicus lineola	Essex Skipper|European Skipper|essex skipper|European skipper	hespérie du dactyle|Hespérie du dactyle|l'Hespérie du dactyle
Thymelicus sylvestris	small skipper|Hesperiid Moth|Small Skipper|Hesperiid moth	bande noire|Hespérie de la houque|la Bande noire|Bande noire
Thyraylia hollandana	Holland'S Cochylid Moth	
Thyraylia nana	Birch Conch	
Thyridia psidii	Melantho Tigerwing	
Thyrididae	picture-winged leaf moth|Picture-Winged Leaf Moth|Window-Winged Moths	
Thyris fenestrella		sphinx-pygmée|Sphinx-Pygmée, Pygmée
Thyris maculata	Spotted Thyris Moth	
Thysania zenobia	Owl Moth	
Thysanoplusia daubei	Boathouse Gem	
Thysanoplusia orichalcea	Slender Burnished Brass, Golden Plusia|Slender Burnished Brass	Plusie aurifère
Ticherra acte	Blue Imperial	
Tiliacea aurago	barred sallow|Barred Sallow	fardée|La Xanthie dorée
Tiliacea citrago	orange sallow|Orange Sallow	citronnelle|La Xanthie citronnée
Timandra comae	blood-vein|Blood-vein|Blood-Vein	timandre aimée|La Timandre aimée
Timelaea albescens	Beautiful Leopard	
Timelaea maculata	Spotted Leopard Butterfly	
Timochares ruptifasciata	Brown-Banded Skipper	
Tinagma balteolella	Scarce Spear-wing	
Tinagma ocnerostomella	Bugloss Spear-wing|Viper's-bugloss Spearwing	
Tinea columbariella	Eaves Clothes	
Tinea dubiella	Buff Clothes	
Tinea fictrix	Asian Clothes	
Tinea flavescentella	Plain Clothes	
Tinea lanella	Tapered Clothes	
Tinea murariella	Casemaking clothes moth|Wall Clothes	
Tinea pallescentella	Large Pale Clothes Moth|Large Pale Clothes	
Tinea pellionella	Case-making clothes moth|Case-Bearing Cothes Moth|Case-bearing Clothes Moth|Case-bearing Clothes	
Tinea semifulvella	Fulvous Clothes	
Tinea translucens	Beaked Clothes	
Tinea trinotella	Bird's-nest Moth	
Tineidae	Tineid Moths|Fungus Moths, Clothes Moths, & Allies	
Tineola bisselliella	Webbing clothes moth|Common clothes moth|Common Clothes Moth|Common Clothes-moth	
Tinostoma smaragditis	Fabulous Green Sphinx Moth|Fabulous Green Sphinx Of Kauai|Fabulous Green Sphinx of Kauai	
Tiradelphe schneideri	Schneider's Surprise	
Tirumala choaspes tumanana	Sarangani Tiger	
Tirumala euploeomorpha	Crow Tiger	
Tirumala formosa	Beautiful Monarch	
Tirumala gautama	Scarce Blue Tiger	
Tirumala petiverana	Blue Monarch	
Tirumala septentrionis	Dark Blue Tiger Butterfly	
Tischeria dodonaea	Small Carl	
Tischeria ekebladella	Oak Carl	
Tisias myna	Myna Ruby-Eye	
Tisiphone abeona	Swordgrass Brown	
Tisiphone helena	Northern Sword-Grass Brown	
Tithorea harmonia	Harmonia Tigerwing	
Tithorea tarricina	Cream-Spotted Tigerwing	
Tlascala reductella	Tlascala Moth	
Tmolus echion	Red-Spotted Hairstreak|Red-spotted hairstreak	
Tolype laricis	Larch Tolype Moth	
Tolype velleda	Large Tolype Moth	
Tomares ballus	Provence Hairstreak	le Faux-Cuivré smaragdin|Faux-cuivré smaragdin
Tomares mauretanicus	Moroccan Hairstreak	
Tomares mauritanicus	Moroccan Hairstreak	
Tomares nogelii	Nogel'S Hairstreak|Nogel's Hairstreak	
Tongeia fischeri	Fischer'S Blue	
Tortrices	tortrix moth	
Tortricidae	Leafroller Moths|Tortricid Leafroller Moths|Tortrix Moth|tortrix moth	
Tortricidia flexuosa	Abbreviated Button Slug Moth	
Tortricidia pallida	Red-Crossed Button Slug Moth	
Tortricidia testacea	Early Button Slug Moth	
Tortricodes alternella	Winter Shade	
Tortrix viridana	green oak tortrix|Green Oak Tortrix	la Tordeuse du chêne
Torynesis hawequas	Hawequas Widow	
Torynesis magna	Large Widow	
Torynesis mintha	Mintha Widow	
Torynesis orangica	Orange Widow	
Torynesis pringlei	Pringle's Widow|Pringle'S Widow	
Tosale oviplagalis	Dimorphic Tosale Moth	
Toxidia rietmanni	White-Brand Skipper	
Toxidia thyrrhus	Dusky Grass-Skipper	
Trachea atriplicis	orache moth|Orache Moth	volant doré|La Noctuelle de l'Arroche
Trachylepidia fructicassiella	Cassia seed borer	
Trapezites argenteoornatus	Silver-Spotted Ochre	
Trapezites eliena	Eliena Skipper	
Trapezites heteromacula	Small Orange Ochre	
Trapezites iacchoides	Silver-Studded Ochre	
Trapezites iacchus	Brown Ochre	
Trapezites maheta	Northern Silver Ochre	
Trapezites petalia	Black-Ringed Ochre	
Trapezites phigalia	Heath Ochre	
Trapezites phigalioides	Montane Ochre	
Trapezites praxedes	Southern Silver Ochre	
Trapezites symmomus	Splendid Ochre	
Trapezites waterhousei	Laterite Ochre	
Triaxomasia caprimulgella	Small Timber Clothes Moth|Small Timber Clothes	
Triaxomera fulvimitrella	Four-spotted Clothes	
Triaxomera parasitella	Large Brindled Clothes	
Trichiocercus sparshalli	Long-Tailed Satin|Local Long-tailed Satin	
Trichiura crataegi	pale eggar|Pale Eggar	bombyx de laubépine|Le Bombyx de l'Aubépine
Trichodezia albovittata	White Striped Black|White-Striped Black|White-Striped Black Moth	
Tricholita signata	Signate Quaker|Signate Quaker Moth	
Trichophaga mormopis	Moth|Hide Clothes	
Trichophaga tapetzella	Tapestry moth|Teneid moth|Tapestry Moth	
Trichoplusia ni	Cabbage Looper|Cabbage Looper Moth|Ni Moth|ni moth|Cabbage looper	ni|Le Ni, la Plusie ni
Trichopteryx carpinata	early tooth-striped|Early Tooth-striped|Early Tooth-Striped	lobée|La Lobée, La Phalène du Charme
Trichopteryx polycommata	barred tooth-striped|Barred Tooth-stripêd|Barred Tooth-Striped|Barred toothed stripe|Barred Tooth-striped|Barred Tooth-stripe	phalène du troène|La Phalène du Troène, la Lobée des haies
Trichordestra legitima	Striped Garden Caterpillar|Striped Garden Caterpillar Moth	
Trichordestra lilacina	Aster Cutworm|Aster Cutworm Moth	
Trichordestra rugosa	Wrinkled Trichordestra	
Trifurcula beirnei	Greenweed Pigmy	
Trifurcula cryptella	Wood Lotus Pigmy	
Trifurcula eurema	Field Lotus Pigmy	
Trifurcula immundella	Broom Pigmy	
Trifurcula squamatella	Lost Broom Pigmy	
Trifurcula subnitidella	Dingy Meadow Pigmy	
Trigonophora flammea	Flame Brocade	La Noctuelle embrasée
Trimenia malagrida	Scarce Mountain Copper	
Trimenia wallengrenii	Wallengren's Copper	
Trimenia wykehami	Nama-Karoo Silver-Spotted Copper|Wykeham's Silver-spotted Copper|Wykeham'S Silver-Spotted Copper	
Triodia sylvina	orange swift|Orange Swift	sylvine|Sylvine
Triphosa dubitata	tissue|Tissue	incertaine|L'Incertaine, la Dent-de-Scie, La Douteuse
Triphosa haesitata	Tissue Moth	
Trisateles emortualis	olive crescent|Olive Crescent|Olive Cresent|Olive crescent	herminie olivâtre|L'Herminie olivâtre
Trissodoris honorariella	Moth	
Tritocleis microphylla	Ola'a Peppered Looper Moth|'ola'a peppered looper	
Trogonoptera brookiana	Raja Brooke's Birdwing|Rajah Brooke's Birdwing|Raja Brooke'S Birdwing|Rajah Brooke'S Birdwing	
Trogonoptera trojana	Palawan Birdwing|Triangle Birdwing|Trojana Birdwing	
Troides aeacus	Golden Birdwing	
Troides amphrysus	Malay Birdwing	
Troides andromache	Borneo Birdwing	
Troides criton	Criton Birdwing|Halmahera Yellow Birdwing	
Troides darsius	Sri Lankan Birdwing	
Troides dohertyi	Sangihe Yellow Birdwing|Talaud Black Birdwing	
Troides haliphron	Haliphron Birdwing|Southern Yellow Birdwing	
Troides helena	Common Birdwing	
Troides helena cerberus	Common Birdwing	
Troides hypolitus	Rippon’s Birdwing|Rippon’S Birdwing	
Troides magellanus	Magellan Birdwing	
Troides minos	Malabar Birdwing|Southern Birdwing	
Troides miranda	Miranda Birdwing	
Troides oblongomaculatus	Eastern Yellow Birdwing|Oblong-spotted Birdwing|Oblong-Spotted Birdwing	
Troides plateni	Dr. Platen's Birdwing|Dr. Platen'S Birdwing	
Troides plato	Silver Birdwing	
Troides prattorum	Buru Opalescent Birdwing|Pratt's Birdwing	
Troides rhadamantus	Golden Birdwing	
Troides riedeli	Riedel's birdwing|Riedel'S Birdwing	
Troides vandepolli	Van de Poll’s Birdwing|Van De Poll’S Birdwing	
Tsitana dicksoni	Dickson's Sylph|Dickson'S Sylph	
Tsitana tsita	Dismal Sylph	
Tsitana tulbagha kaplani	Eastern Tulbagh Sylph	
Tsitana tulbagha tulbagha	Western Tulbagh Sylph	
Turanana endymion	Odd-Spot Blue|Odd-spot Blue	
Turnerina hazelae	Guerrero Giant-Skipper	
Turnerina mejicanus	Turner'S Giant-Skipper	
Tylopaedia sardonyx	King Copper	
Tylopaedia sardonyx peringueyi	Western King Copper	
Tylopaedia sardonyx sardonyx	King Copper	
Typhedanus salas	Salas Skipper	
Typhedanus undulatus	Mottled Longtail	
Tyria jacobaeae	cinnabar|Cinnabar moth|Cinnabar|The Cinnabar	goutte de sang|La Goutte-de-sang, le Carmin
Tyta luctuosa	four-spotted|Field bindweed moth|Four-spotted|Four-Spotted|Four-spotted moth|Four-spotted Moth	funèbre|La Noctuelle en deuil
Udara albocaerulea	Albocerulean	
Udara blackburni	Blackburn's Blue|Hawaiian Blue|Koa Butterfly|Blackburn'S Blue	
Udaspes folus	Grass Demon	
Udea azorensis	Moth	
Udea decrepitalis	Scotch Pearl	
Udea ferrugalis	Rusty Dot|Rusty-dot Pearl	la Pyrale ferrugineuse
Udea fulvalis	Fulvous Pearl	
Udea lutealis	Pale Straw Pearl	
Udea olivalis	Olive Pearl	
Udea prunalis	Dusky Pearl|Dusky Brindled Pearl	la Pyrale du prunelier
Udea rubigalis	Celery Leaftier Moth|Freenhouse Leaftier	
Udea uliginosalis	Mountain Pearl	
Ufeus plicatus	Folded Satyr	
Ufeus satyricus	Brown Satyr Moth|Grote'S Satyr Moth	
Ulolonche culea	Sheathed Quaker	
Ulolonche modesta	Modest Quaker	
Uncinus obductella	Kent Knot-horn	
Unkana mytheca	Silver And Yellow Palmer	
Urania leilus	Peacock Moth	
Uraniidae	Swallowtail Moths	
Uranothauma antinorii	Antinori's Branded Blue|Blue Heart|Antinori'S Branded Blue	
Uranothauma vansomereni	Pale Heart	
Urbanus	Longtail Skippers	
Urbanus dorantes	Brown Tailed Skipper|Dorantes Longtail|Dorantes longtail	
Urbanus doryssus	White-Tailed Longtail	
Urbanus esmeraldus	Esmeralda Longtail	
Urbanus esta	Esta Longtail	
Urbanus evona	Turquoise Longtail	
Urbanus procne	Brown Longtail	
Urbanus pronus	Pronus Longtail	
Urbanus proteus	Bean Leafroller|Long Tailed Skipper|Long-Tailed Skipper|Long-tailed Skipper	
Urbanus simplicius	Plain Longtail	
Urbanus tanna	Tanna Longtail	
Urbanus teleus	Teleus Longtail	
Uresiphita gilvata	Yellow-underwing Pearl	
Uresiphita polygonalis	Moth	
Uresiphita reversalis	Genista Broom Moth|Genista Caterpillar	
Urodidae	False Burnet Moths	
Usingeriessa onyxalis	Moth	
Utetheisa ornatrix	Beautiful Utetheisa|Ornate Moth	
Utetheisa pulchella	crimson speckled|Common Speckled|Crimson Speckled|Crimson Speckled Footman	gentille|La Gentille, l'Ecaille du Myosotis
Vacciniina optilete	Cranberry Blue	
Vacerra cervara	Cervara Skipper	
Vacerra evansi	Blue-Haired Skipper	
Vagrans egista	Tailed Rustic	
Valeria oleagina	Green-Brindled Dot|Green-brindled Dot	
Vanessa	Ladies And Related Admirals	
Vanessa abyssinica	Abyssinian Admiral	
Vanessa annabella	West Coast Lady	
Vanessa atalanta	Red Admiral|red admiral|Red admiral	vulcain|Vulcain|le Vulcain
Vanessa atalanta atalanta	Old World Red Admiral	
Vanessa atalanta rubria	American Red Admiral|Red Admiral	
Vanessa buana	Lompobatang Lady	
Vanessa cardui	Painted Lady|Painted Lady Butterfly|painted lady|Painted lady	belle dame|Belle Dame|la Belle-Dame|Belle dame
Vanessa carye	Subtropical Lady	
Vanessa gonerilla	New Zealand Red Admiral	
Vanessa gonerilla gonerilla	New Zealand Red Admiral	
Vanessa gonerilla ida	Chatham Islands Red Admiral	
Vanessa itea	Yellow Admiral	
Vanessa tameamea	Kamehameha Lady	
Vanessa terpsichore	Chilean Lady	
Vanessa virginiensis	American Lady|America Painted Lady|American Painted Lady|Painted Beauty|American lady	Belle américaine
Vanessa vulcania	Canary Red Admiral|Godart´S Admiral|Godart´s admiral	Vulcain de Godart
Vanessula milca	Lady'S Maid Butterfly	
Varneria postremella	Rusty Varneria Moth	
Vaxi critica	Straight-Lined Vaxi Moth	
Vehilius inca	Inca Skipper	
Vehilius stictomenes	Pasture Skipper	
Venusia blomeri	Blomer's Rivulet	La Cidarie de l'Orme
Venusia cambrica	Welsh Wave|Welsh Wave Moth	La Cidarie du Sorbier
Venusia comptaria	Brown-Shaded Carpet|Brown-Shaded Carpet Moth	
Vernia verna	Little Glassywing	
Vettius fantasos	Fantastic Skipper	
Vettius marcus	Marcus Skipper	
Vidius perigenes	Pale-Rayed Skipper	
Vila azeca	Azeca Banner	
Vindula dejone erotella	Cruiser	
Vindula erota erota	Thai Cruiser	
Virbia aurantiaca	Orange Virbia Moth	
Virbia ferruginosa	Rusty Virbia Moth	
Virbia laeta	Joyful Holomelina Moth|Joyful Virbia Moth	
Virbia lamae	Bog Virbia Moth	
Virbia opella	Tawny Virbia Moth	
Vittaplusia vittata	Streaked Plusia	
Vitula biviella	Pine-blossom Knot-horn	
Vitula broweri	Brower'S Vitula Moth	
Vitula edmandsii	Dried Fruit Moth	
Vitula serratilineella	Honey-comb Knot-horn	
Voltinia umbra	Quilted Metalmark	
Wallengrenia	Broken-Dashes	
Wallengrenia egeremet	Northern Broken-Dash	
Wallengrenia otho	Southern Broken Dash|Southern Broken-Dash	
Watsonalla binaria	oak hook-tip|Oak Hook-tip|Oak Hook-Tip	binaire|Le Hameçon, le Binaire
Watsonalla cultraria	barred hook-tip|Barred Hook-tip|Barred Hook-Tip	serpette|La Serpette
Wheeleria spilodactylus	Horehound Plume	
Whittleia retiella	Netted Sweep	
Xanthia gilvago	dusky-lemon sallow	xanthie cendrée
Xanthia icteritia	the sallow	cosmie roussâtre
Xanthia ocellaris	pale-lemon sallow	xanthie cannelle
Xanthia tatago	Pink-Banded Sallow|Pink-Banded Sallow Moth	
Xanthia togata	pink-barred sallow|Pink-barred Sallow|Pink-Barred Sallow	mantelée|La Xanthie ochracée
Xanthodisca rega	Yellow-Disk Skipper	
Xanthorhoe abrasaria	Northern Carpet	
Xanthorhoe biriviata	balsam carpet|Balsam Carpet	larantie des impatientes|La Larentie des Impatientes
Xanthorhoe decoloraria	Red Carpet	
Xanthorhoe decoloraria decoloraria	Red Carpet	
Xanthorhoe designata	flame carpet|Flame Carpet	désignée|La Désignée
Xanthorhoe ferrugata	Dark-Barred Twin-Spot Carpet|Red Twin Spot|Red Twin-Spot|Red Twin-Spot Moth|dark-barred twin-spot carpet|Dark-barred Twin-spot Carpet	rouillée|La Rouillée
Xanthorhoe fluctuata	garden carpet|Garden Carpet	phalène ondée|L'Incertaine, la Phalène ondée
Xanthorhoe fluctuata fluctuata	Garden Carpet	
Xanthorhoe iduata	Broken-Banded Carpet	
Xanthorhoe inaequata	Geometer Moth	
Xanthorhoe labradorensis	Labrador Carpet|Labrador Carpet Moth	
Xanthorhoe lacustrata	Toothed Brown Carpet|Toothed Brown Carpet Moth	
Xanthorhoe montanata	silver-ground carpet|Silver-ground carpet|Silver-Ground Carpet|Silver-ground Carpet	mélanthie montagnarde|La Mélanthie montagnarde
Xanthorhoe montanata montanata	Silver-ground Carpet	
Xanthorhoe packardata	Packard'S Carpet	
Xanthorhoe quadrifasiata	large twin-spot carpet|Large Twin-spot Carpet|Large Twin-Spot Carpet	phalène quadrifasciée|La Phalène quadrifasciée
Xanthorhoe spadicearia	red twin-spot carpet|Red Twin-spot Carpet|Red Twin-Spot Carpet	oxydée|L'Oxydée
Xanthotype	Crocus Geometer Moths	
Xanthotype sospeta	Crocus Geometer|Crocus Geometer Moth	
Xanthotype urticaria	False Crocus Geometer|False Crocus Geometer Moth	
Xenolechia aethiops	Moorland Groundling	
Xenophanes tryxus	Glassy-Winged Skipper	
Xenotemna pallorana	Pallid Leafroller Moth	
Xestia agathina	heath rustic|Heath rustic|Heath Rustic	noctuelle agathine|La Noctuelle agathine
Xestia agathina agathina	Heath Rustic	
Xestia alpicola	Northern Dart	
Xestia alpicola alpina	Northern Dart	
Xestia ashworthii	Ashworth's Rustic	
Xestia badicollis	Northern Variable Dart|Northern Variable Dart Moth	
Xestia baja	dotted clay|Dotted Clay	belladone|La Noctuelle de la Belladonne
Xestia c-nigrum	Cutworm Moth|Lesser Black-Letter Dart Moth|Setaceous Hebrew Character|Seteceous Hebrew Character|Spotted Cutworm|setaceous hebrew character|Cutworm moth	c noir|Le C-noir
Xestia castanea	neglected rustic|Neglected Rustic	noctuelle négligée|La Noctuelle négligée
Xestia dilucida	Dull Reddish Dart|Dull Reddish Dart Moth	
Xestia ditrapezium	triple-spotted clay|Triple-spotted Clay|Triple-Spotted Clay	sérieuse|Le Double Trapèze, la Sérieuse
Xestia dolosa	Cutworm Moth|Greater Black-Letter Dart|Greater Black-Letter Dart Moth|Cutworm moth	
Xestia elimata	Chameleon Caterpillar|Southern Variable Dart	
Xestia mixta	Mixta Xestia Moth	
Xestia normaniana	Norman'S Dart Moth|Norman’S Dart	
Xestia oblata	Rosy Dart|Rosy Dart Moth|Ruby Dart	
Xestia perquiritata	Boomerang Dart	
Xestia praevia	Praevia Dart	
Xestia sexstrigata	six-striped rustic|Six-striped Rustic|Six-Striped Rustic	noctuelle ombragée|La Noctuelle ombragée
Xestia smithii	Smith'S Dart|Smith'S Dart Moth	
Xestia stigmatica	Square-spotted Clay|Square-Spotted Clay	La Noctuelle rhomboïde
Xestia triangulum	double square-spot|Double Square-spot|Double Square-Spot|Double-square Spot	noctuelle de la chélidoine|La Noctuelle de la Chélidoine
Xestia xanthographa	square-spot rustic|Square-spot rustic moth|Square-spot Rustic|Square-Spot Rustic	trimaculée|La Trimaculée
Xylena curvimacula	Dot-And-Dash Swordgrass Moth	
Xylena exsoleta	sword-grass|Sword-grass|Sword-Grass	brunâtre|Le Bois-sec
Xylena nupera	American Swordgrass Moth|Red Swordgrass Moth	
Xylena thoracica	Acadian Swordgrass Moth	
Xylena vetusta	red sword-grass|Red Sword-grass|Red Sword-Grass	antique|L'Antique
Xylesthia pruniramiella	Clemens' Bark Moth	
Xylocampa areola	early grey|Early Grey	noctuelle aréolée|La Noctuelle areolée
Xylomoia chagnoni	Reed Canary Grass Borer Moth	
Xylophanes pluto	Pluto Sphinx	
Xylophanes tersa	Tersa Sphinx	
Xylotype arcadia	Acadian Sallow	
Xylotype capax	Barrens Xylotype	
Xystopeplus rufago	Red-Winged Sallow	
Xystophora pulveratella	Northern Neb	
Yasoda pita dohertyi	Branded Yamfly	
Yasoda tripunctata	Branded Yamfly	
Yoma algina	New Guinea Lurcher	
Yoma sabina vasuki	Lurcher	
Yphthimoides renata	Renata’S Satyr	
Yponomeuta cagnagellus	Spindle Ermine|Spindle Ermine Moth|Spindletree Ermine Moth|Spindletree ermine moth	Grand Yponomeute du Fusain, l'Yponomeute parente
Yponomeuta evonymella	Bird-cherry Ermine|Bird-Cherry Ermine	l'Yponomeute du prunier
Yponomeuta irrorella	Scarce Ermine	
Yponomeuta multipunctella	American Ermine Moth	
Yponomeuta padella	Cherry Ermine|Cherry Ermine Moth|Ermine Moth|Orchard Ermine|Ermine moth	
Yponomeuta plumbella	Black-tipped Ermine	
Yponomeutidae	Ermine Moths	
Ypsolopha alpella	Barred Smudge	
Ypsolopha dentella	Honeysuckle Moth|Honeysuckle moth	l'Harpiptéryx harpon
Ypsolopha horridella	Dark Smudge	
Ypsolopha lucella	Plain Smudge	
Ypsolopha mucronella	Spindle Smudge	
Ypsolopha nemorella	Hooked Smudge|Pale Hooked Smudge	
Ypsolopha parenthesella	White-shouldered Smudge	
Ypsolopha scabrella	Wainscot Smudge	
Ypsolopha vittella	Elm Smudge	
Ypthima affectata	Affected Five-Ring	
Ypthima albida	Silver Ringlet	
Ypthima antennata	Clubbed Ringlet	
Ypthima arctous	Dusky Knight	
Ypthima argus	Common Fivering	
Ypthima asterope	African Ringlet	
Ypthima avanta	Jewel Five-Ring	
Ypthima baldus	Common Five-Ring	
Ypthima baldus baldus	Himalayan Common Five-Ring	
Ypthima baldus newboldi	Common Five Ring	
Ypthima cantliei	Great Four-Ring	
Ypthima condamini	Condamin’s Ringlet|Condamin’s Three-ring|Condamin’S Ringlet|Condamin’S Three-Ring	
Ypthima doleta	Common Ringlet	
Ypthima evansi	Evans' Fivering	
Ypthima fasciata	Malayan Six-Ring	
Ypthima fulvida	Bordered Fijian Ringlet	
Ypthima granulosa	Granular Ringlet	
Ypthima impura	Bushland Ringlet|Bushveld Ringlet|Impure Ringlet	
Ypthima inica	Lesser Three-Ring	
Ypthima multistriata	Striated Ringlet	
Ypthima nebulosa	Malayan Fivering	
Ypthima newara	Newar Three Ring	
Ypthima parasakra	Dubious Five-Ring	
Ypthima philomela	Baby Fivering	
Ypthima pupillaris	Eyed Ringlet	
Ypthima rhodesiana	Pale Ringlet	
Ypthima sesara	Common Fijian Ringlet	
Ypthima stellera	Philippine Five-Ring	
Ypthima ypthimoides	Palni Four-Ring	
Zale aeruginosa	Green-Dusted Zale Moth	
Zale calycanthata	Double-banded Zale	
Zale curema	Northeastern Pine Zale	
Zale duplicata	Pine False Looper Moth	
Zale galbanata	Maple Zale|Maple Zale Moth	
Zale helata	Brown-Spotted Zale Moth	
Zale horrida	Horrid Zale Moth	
Zale intenta	Intent Zale Moth	
Zale lunata	Lunate Zale Moth	
Zale lunifera	Bold-Based Zale Moth	
Zale minerea	Colorful Zale Moth	
Zale obliqua	Oblique Zale Moth	
Zale perculta	Okefenokee zale moth	
Zale phaeocapna	Hazel Zale Moth	
Zale submediana	Gray Spring Zale|Gray Spring Zale Moth	
Zale undularis	Black Zale Moth	
Zale unilineata	One-Lined Zale Moth	
Zanclognatha cruralis	Early Fan-Foot	
Zanclognatha dentata	Toothed Fan-Foot	
Zanclognatha jacchusalis	Wavy-Lined Fan-Foot|Wavy-Lined Zanclognatha Moth|Yellowish Zanclognatha	
Zanclognatha laevigata	Variable Fan-Foot	
Zanclognatha lituralis	Lettered Fan-Foot	
Zanclognatha lunalis	jubilee fan-foot|Jubilee Fan-foot|Jubilee Fan-Foot	herminie plumeuse|L'Herminie plumeuse
Zanclognatha marcidilinea	Yellowish Fan-Foot	
Zanclognatha martha	Pine Barrens Zanclognatha|Pine Barrens Fan-Foot	
Zanclognatha obscuripennis	Dark Fan-Foot	
Zanclognatha pedipilalis	Grayish Fan-Foot	
Zanclognatha protumnusalis	Complex Fan-Foot	
Zanclognatha theralis	Flagged Fan-Foot	
Zanclognatha zelleralis	Dusky Fan-foot	
Zaretis itys	Skeletonized Leafwing	
Zariaspes mythecus	Godman'S Skipper	
Zegris eupheme	Sooty Orange Tip|Sooty Orange-Tip|Sooty Orantip|Sooty Orange-tip|Sooty OranTip	Aurore d´Esper
Zegris pyrothoe	Eversmann'S Sooty Orange-Tip|Eversmann's Sooty Orange-tip	
Zeiraphera griseana	Larch Tortrix	
Zeiraphera isertana	Cock's-head Bell	
Zeiraphera ratzeburgiana	Spruce-bud Moth|Spruce Bud Moth	
Zeiraphera rufimitrana	Red-headed Bell	
Zela excellens	White-Club Yellow Palmer	
Zela zeus	Orange-Ciliate Palmer	
Zelleria hepariella	Brown Ash Ermine|Brown Ash Ermel	
Zelleria retiniella	Brindled Zelleria	
Zeltus amasa	Fluffy Tit	
Zemeros emesoides	Malay Punchinello	
Zemeros flegyas	Punchinello	
Zenonia anax	Anax Bellboy	
Zenonia crasta	Albertine Bellboy	
Zenonia zeno	Orange-spotted Hopper|Orange-Spotted Hopper	
Zera hyacinthinus	Bruised Skipper	
Zerene cesonia	Southern Dogface|Dog Face|Dogface Butterfly|Eastern Dogface	
Zerene eurydice	California Dogface	
Zerynthia cassandra	Italian Festoon	
Zerynthia caucasica	Caucasian Festoon	
Zerynthia cerisy	Eastern Festoon	
Zerynthia cretica	Cretan Festoon|Eastern Festoon	
Zerynthia polyxena	Southern Festoon	La Diane|Diane|la Diane
Zerynthia rumina	Spanish Festoon	la Proserpine|Proserpine
Zesius chrysomallus	Redspot	
Zestusa dorus	Short-Tailed Skipper	
Zeuzera pyrina	Leopard Moth|Wood Leopard Moth|leopard moth|Leopard moth	zeuzère du marronnier
Zimmermannia atrifrontella	Oak-bark Pigmy	
Zimmermannia longicaudella	New Oak-bark Pigmy	
Zintha hintza	Hintza Pierrot	
Zintha hintza hintza	Hintza Pierrot	
Zizeeria karsandra	Dark Grass Blue	
Zizeeria knysna	African Grass Blue	Azuré de Trimen
Zizeeria knysna knysna	African Grass Blue|Sooty Blue	
Zizina otis	Lesser Grass Blue	
Zizina otis otis	Oriental Lesser Grass Blue	
Zizina oxleyi	Southern Blue	
Zizula hylax	Gaika Blue	
Zizula hylax hylax	Tiny Grass Blue	
Zographetus dzonguensis	Chocolate-Bordered Flitter	
Zographetus ogygia	Purple-Spotted Flitter	
Zomaria interruptolineana	Broken-Lined Zomaria Moth	
Zophopetes cerymica	Common Palm Nightfighter	
Zophopetes dysmephila	Palm-tree Nightfighter|Palm-Tree Nightfighter	
Zophopetes ganda	Small Palm Nightfighter	
Zophopetes quaternata	Western Palm Nightfighter	
Zopyrion satyrina	Satyrina Skipper	
Zygaena	Burnet Moth|Burnet Moths	
Zygaena angelicae		Zygène de l'angélique
Zygaena carniolica		Zygène de Carniole
Zygaena ephialtes		Zygène de la coronille
Zygaena exulans	Scotch Burnet	Zygènes des sommets
Zygaena exulans subochracea	Scotch Burnet|Scotch Burnet or Mountain Burnet	
Zygaena fausta		Zygène de la petite coronille
Zygaena filipendulae	six-spot burnet|Six-spot Burnet	Zygène de la filipendule|la Zygène de la filipendule
Zygaena filipendulae stephensi	Six-Spot Burnet|Six-spot Burnet	
Zygaena lonicerae	Narrow-bordered Five-spot Burnet|Narrow-Bordered Five-Spot Burnet	Zygène du chèvrefeuille|La Zygaena lonicerae
Zygaena lonicerae jocelynae	Talisker Narrow-Bordered Five Spot Burnet|Talisker Burnet Moth	
Zygaena lonicerae lonicerae	Narrow-Bordered Five-Spot Burnet|Narrow-bordered Five-spot Burnet	
Zygaena loti	Slender Scotch Burnet	Zygène du lotier
Zygaena loti scotica	Slender Scotch Burnet	
Zygaena minos		Zygène diaphane
Zygaena osterodensis		Zygène de l'orobe
Zygaena purpuralis	Transparent Burnet	Zygène pourpre
Zygaena purpuralis caledonensis	Transparent Burnet	
Zygaena romeo		Zygène de la gesse
Zygaena transalpina	Southern Six Spot Burnet	Zygène transalpine|La Zygène transalpine
Zygaena trifolii	Five-spot Burnet	Zygène du trèfle
Zygaena trifolii trifolii	Five-Spot Burnet|Five-Spot Burnet.|Five-spot Burnet	
Zygaena viciae	New Forest Burnet	Zygène du mélilot
Zygaena viciae ytenensis	New Forest Burnet	
Zygaenidae	Burnet Moths	
